...1,gene id,...3,Gene,...5
IUUC-Hsa-046997,ENSG00000243335.8,Q9UJ41,KCTD7,Homo sapiens
IUUC-Hsa-046997,ENSG00000243335.8,Q9UJ41, RABGEF1,Homo sapiens
IUUC-Hsa-046997,ENSG00000243335.8,Q9UJ41, RABEX5,Homo sapiens
IUUC-Hsa-046071,ENSG00000118503.14,P21580,TNFAIP3,Homo sapiens
IUUC-Hsa-046071,ENSG00000118503.14,P21580, OTUD7C,Homo sapiens
IUUC-Hsa-046071,ENSG00000118503.14,P21580, A20,Homo sapiens
IUUC-Hsa-045879,ENSG00000092148.12,Q9ULT8,HECTD1,Homo sapiens
IUUC-Hsa-045879,ENSG00000092148.12,Q9ULT8, KIAA1131,Homo sapiens
IUUC-Hsa-046297,ENSG00000092140.14,Q7L622,G2E3,Homo sapiens
IUUC-Hsa-046297,ENSG00000092140.14,Q7L622, KIAA1333,Homo sapiens
IUUC-Hsa-046331,ENSG00000173064.11,Q9Y4D8,HECTD4,Homo sapiens
IUUC-Hsa-046331,ENSG00000173064.11,Q9Y4D8, C12orf51,Homo sapiens
IUUC-Hsa-046331,ENSG00000173064.11,Q9Y4D8, KIAA0614,Homo sapiens
IUUC-Hsa-045941,ENSG00000104517.12,O95071,UBR5,Homo sapiens
IUUC-Hsa-045941,ENSG00000104517.12,O95071, EDD,Homo sapiens
IUUC-Hsa-045941,ENSG00000104517.12,O95071, EDD1,Homo sapiens
IUUC-Hsa-045941,ENSG00000104517.12,O95071, HYD,Homo sapiens
IUUC-Hsa-045941,ENSG00000104517.12,O95071, KIAA0896,Homo sapiens
IUUC-Hsa-046544,ENSG00000123124.13,Q9H0M0,WWP1,Homo sapiens
IUUC-Hsa-046479,ENSG00000069869.15,P46934,NEDD4,Homo sapiens
IUUC-Hsa-046479,ENSG00000069869.15,P46934, KIAA0093,Homo sapiens
IUUC-Hsa-046479,ENSG00000069869.15,P46934, NEDD4-1,Homo sapiens
IUUC-Hsa-046479,ENSG00000069869.15,P46934, PIG53,Homo sapiens
IUUC-Hsa-046516,ENSG00000103657.13,Q15751,HERC1,Homo sapiens
IUUC-Hsa-045660,ENSG00000151148.13,Q7Z3V4,UBE3B,Homo sapiens
IUUC-Hsa-046066,ENSG00000138641.15,Q15034,HERC3,Homo sapiens
IUUC-Hsa-046066,ENSG00000138641.15,Q15034, KIAA0032,Homo sapiens
IUUC-Hsa-045968,ENSG00000049759.17,Q96PU5,NEDD4L,Homo sapiens
IUUC-Hsa-045968,ENSG00000049759.17,Q96PU5, KIAA0439,Homo sapiens
IUUC-Hsa-045968,ENSG00000049759.17,Q96PU5, NEDL3,Homo sapiens
IUUC-Hsa-045727,ENSG00000114062.18,Q05086,UBE3A,Homo sapiens
IUUC-Hsa-045727,ENSG00000114062.18,Q05086, E6AP,Homo sapiens
IUUC-Hsa-045727,ENSG00000114062.18,Q05086, EPVE6AP,Homo sapiens
IUUC-Hsa-045727,ENSG00000114062.18,Q05086, HPVE6A,Homo sapiens
IUUC-Hsa-045730,ENSG00000002746.14,Q76N89,HECW1,Homo sapiens
IUUC-Hsa-045730,ENSG00000002746.14,Q76N89, KIAA0322,Homo sapiens
IUUC-Hsa-045730,ENSG00000002746.14,Q76N89, NEDL1,Homo sapiens
IUUC-Hsa-046772,ENSG00000148634.15,Q5GLZ8,HERC4,Homo sapiens
IUUC-Hsa-046772,ENSG00000148634.15,Q5GLZ8, KIAA1593,Homo sapiens
IUUC-Hsa-046562,ENSG00000126107.14,Q5T447,HECTD3,Homo sapiens
IUUC-Hsa-046938,ENSG00000118420.16,Q7Z6J8,UBE3D,Homo sapiens
IUUC-Hsa-046938,ENSG00000118420.16,Q7Z6J8, C6orf157,Homo sapiens
IUUC-Hsa-046938,ENSG00000118420.16,Q7Z6J8, H10BH,Homo sapiens
IUUC-Hsa-046938,ENSG00000118420.16,Q7Z6J8, UBE2CBP,Homo sapiens
IUUC-Hsa-045878,ENSG00000198742.9,Q9HCE7,SMURF1,Homo sapiens
IUUC-Hsa-045878,ENSG00000198742.9,Q9HCE7, KIAA1625,Homo sapiens
IUUC-Hsa-046148,ENSG00000198373.12,O00308,WWP2,Homo sapiens
IUUC-Hsa-046082,ENSG00000119682.16,O15033,AREL1,Homo sapiens
IUUC-Hsa-046082,ENSG00000119682.16,O15033, KIAA0317,Homo sapiens
IUUC-Hsa-045880,ENSG00000009335.17,Q15386,UBE3C,Homo sapiens
IUUC-Hsa-045880,ENSG00000009335.17,Q15386, KIAA0010,Homo sapiens
IUUC-Hsa-045880,ENSG00000009335.17,Q15386, KIAA10,Homo sapiens
IUUC-Hsa-046879,ENSG00000086758.15,Q7Z6Z7,HUWE1,Homo sapiens
IUUC-Hsa-046879,ENSG00000086758.15,Q7Z6Z7, KIAA0312,Homo sapiens
IUUC-Hsa-046879,ENSG00000086758.15,Q7Z6Z7, KIAA1578,Homo sapiens
IUUC-Hsa-046879,ENSG00000086758.15,Q7Z6Z7, UREB1,Homo sapiens
IUUC-Hsa-046879,ENSG00000086758.15,Q7Z6Z7, HSPC272,Homo sapiens
IUUC-Hsa-045786,ENSG00000165338.16,Q5U5R9,HECTD2,Homo sapiens
IUUC-Hsa-046147,ENSG00000153827.13,Q14669,TRIP12,Homo sapiens
IUUC-Hsa-046147,ENSG00000153827.13,Q14669, KIAA0045,Homo sapiens
IUUC-Hsa-046147,ENSG00000153827.13,Q14669, ULF,Homo sapiens
IUUC-Hsa-046342,ENSG00000138646.8,Q9UII4,HERC5,Homo sapiens
IUUC-Hsa-046342,ENSG00000138646.8,Q9UII4, CEB1,Homo sapiens
IUUC-Hsa-046342,ENSG00000138646.8,Q9UII4, CEBP1,Homo sapiens
IUUC-Hsa-046396,ENSG00000138642.14,Q8IVU3,HERC6,Homo sapiens
IUUC-Hsa-045731,ENSG00000085382.11,Q8IYU2,HACE1,Homo sapiens
IUUC-Hsa-045731,ENSG00000085382.11,Q8IYU2, KIAA1320,Homo sapiens
IUUC-Hsa-046564,ENSG00000078747.13,Q96J02,ITCH,Homo sapiens
IUUC-Hsa-046726,ENSG00000108854.15,Q9HAU4,SMURF2,Homo sapiens
IUUC-Hsa-045995,ENSG00000128731.15,O95714,HERC2,Homo sapiens
IUUC-Hsa-046219,ENSG00000138411.10,Q9P2P5,HECW2,Homo sapiens
IUUC-Hsa-046219,ENSG00000138411.10,Q9P2P5, KIAA1301,Homo sapiens
IUUC-Hsa-046219,ENSG00000138411.10,Q9P2P5, NEDL2,Homo sapiens
IUUC-Hsa-046487,ENSG00000276802.2,NA,HERC2,Homo sapiens
IUUC-Hsa-045941,ENSG00000104517.12,O95071,UBR5,Homo sapiens
IUUC-Hsa-045941,ENSG00000104517.12,O95071, EDD,Homo sapiens
IUUC-Hsa-045941,ENSG00000104517.12,O95071, EDD1,Homo sapiens
IUUC-Hsa-045941,ENSG00000104517.12,O95071, HYD,Homo sapiens
IUUC-Hsa-045941,ENSG00000104517.12,O95071, KIAA0896,Homo sapiens
IUUC-Hsa-046955,ENSG00000127481.14,Q5T4S7,UBR4,Homo sapiens
IUUC-Hsa-046955,ENSG00000127481.14,Q5T4S7, KIAA0462,Homo sapiens
IUUC-Hsa-046955,ENSG00000127481.14,Q5T4S7, KIAA1307,Homo sapiens
IUUC-Hsa-046955,ENSG00000127481.14,Q5T4S7, RBAF600,Homo sapiens
IUUC-Hsa-046955,ENSG00000127481.14,Q5T4S7, ZUBR1,Homo sapiens
IUUC-Hsa-046343,ENSG00000024048.10,Q8IWV8,UBR2,Homo sapiens
IUUC-Hsa-046343,ENSG00000024048.10,Q8IWV8, C6orf133,Homo sapiens
IUUC-Hsa-046343,ENSG00000024048.10,Q8IWV8, KIAA0349,Homo sapiens
IUUC-Hsa-046753,ENSG00000159459.11,Q8IWV7,UBR1,Homo sapiens
IUUC-Hsa-046876,ENSG00000034677.12,Q9NV58,RNF19A,Homo sapiens
IUUC-Hsa-046876,ENSG00000034677.12,Q9NV58, RNF19,Homo sapiens
IUUC-Hsa-046941,ENSG00000011275.18,Q9NWF9,RNF216,Homo sapiens
IUUC-Hsa-046941,ENSG00000011275.18,Q9NWF9, TRIAD3,Homo sapiens
IUUC-Hsa-046941,ENSG00000011275.18,Q9NWF9, UBCE7IP1,Homo sapiens
IUUC-Hsa-046941,ENSG00000011275.18,Q9NWF9, ZIN,Homo sapiens
IUUC-Hsa-046887,ENSG00000013561.17,Q9UBS8,RNF14,Homo sapiens
IUUC-Hsa-046887,ENSG00000013561.17,Q9UBS8, ARA54,Homo sapiens
IUUC-Hsa-046887,ENSG00000013561.17,Q9UBS8, HRIHFB2038,Homo sapiens
IUUC-Hsa-045718,ENSG00000166233.13,Q9Y4X5,ARIH1,Homo sapiens
IUUC-Hsa-045718,ENSG00000166233.13,Q9Y4X5, ARI,Homo sapiens
IUUC-Hsa-045718,ENSG00000166233.13,Q9Y4X5, MOP6,Homo sapiens
IUUC-Hsa-045718,ENSG00000166233.13,Q9Y4X5, UBCH7BP,Homo sapiens
IUUC-Hsa-045718,ENSG00000166233.13,Q9Y4X5, HUSSY-27,Homo sapiens
IUUC-Hsa-045958,ENSG00000116514.16,Q6ZMZ0,RNF19B,Homo sapiens
IUUC-Hsa-045958,ENSG00000116514.16,Q6ZMZ0, IBRDC3,Homo sapiens
IUUC-Hsa-045958,ENSG00000116514.16,Q6ZMZ0, NKLAM,Homo sapiens
IUUC-Hsa-046016,ENSG00000185345.18,O60260,PARK2,Homo sapiens
IUUC-Hsa-046016,ENSG00000185345.18,O60260, PRKN,Homo sapiens
IUUC-Hsa-046712,ENSG00000177479.19,O95376,ARIH2,Homo sapiens
IUUC-Hsa-046712,ENSG00000177479.19,O95376, ARI2,Homo sapiens
IUUC-Hsa-046712,ENSG00000177479.19,O95376, TRIAD1,Homo sapiens
IUUC-Hsa-046712,ENSG00000177479.19,O95376, HT005,Homo sapiens
IUUC-Hsa-045738,ENSG00000125826.19,Q9BYM8,RBCK1,Homo sapiens
IUUC-Hsa-045738,ENSG00000125826.19,Q9BYM8, C20orf18,Homo sapiens
IUUC-Hsa-045738,ENSG00000125826.19,Q9BYM8, RNF54,Homo sapiens
IUUC-Hsa-045738,ENSG00000125826.19,Q9BYM8, UBCE7IP3,Homo sapiens
IUUC-Hsa-045738,ENSG00000125826.19,Q9BYM8, XAP3,Homo sapiens
IUUC-Hsa-045738,ENSG00000125826.19,Q9BYM8, XAP4,Homo sapiens
IUUC-Hsa-046269,ENSG00000092098.16,Q96EP0,RNF31,Homo sapiens
IUUC-Hsa-046269,ENSG00000092098.16,Q96EP0, ZIBRA,Homo sapiens
IUUC-Hsa-046269,ENSG00000092098.16,Q96EP0, HOIP,Homo sapiens
IUUC-Hsa-046209,ENSG00000001629.9,Q9P2G1,ANKIB1,Homo sapiens
IUUC-Hsa-046209,ENSG00000001629.9,Q9P2G1, KIAA1386,Homo sapiens
IUUC-Hsa-046928,ENSG00000137393.9,Q7Z419,RNF144B,Homo sapiens
IUUC-Hsa-046928,ENSG00000137393.9,Q7Z419, IBRDC2,Homo sapiens
IUUC-Hsa-046928,ENSG00000137393.9,Q7Z419, P53RFP,Homo sapiens
IUUC-Hsa-046690,ENSG00000112659.13,Q8IWT3,CUL9,Homo sapiens
IUUC-Hsa-046690,ENSG00000112659.13,Q8IWT3, H7AP1,Homo sapiens
IUUC-Hsa-046690,ENSG00000112659.13,Q8IWT3, KIAA0708,Homo sapiens
IUUC-Hsa-046690,ENSG00000112659.13,Q8IWT3, PARC,Homo sapiens
IUUC-Hsa-136376,ENSG00000151692.14,P50876,RNF144A,Homo sapiens
IUUC-Hsa-136376,ENSG00000151692.14,P50876, KIAA0161,Homo sapiens
IUUC-Hsa-136376,ENSG00000151692.14,P50876, RNF144,Homo sapiens
IUUC-Hsa-136376,ENSG00000151692.14,P50876, UBCE7IP4,Homo sapiens
IUUC-Hsa-045703,ENSG00000278644.2,P35227,PCGF2,Homo sapiens
IUUC-Hsa-045703,ENSG00000278644.2,P35227, MEL18,Homo sapiens
IUUC-Hsa-045703,ENSG00000278644.2,P35227, RNF110,Homo sapiens
IUUC-Hsa-045703,ENSG00000278644.2,P35227, ZNF144,Homo sapiens
IUUC-Hsa-046236,ENSG00000276043.4,Q96T88,UHRF1,Homo sapiens
IUUC-Hsa-046236,ENSG00000276043.4,Q96T88, ICBP90,Homo sapiens
IUUC-Hsa-046236,ENSG00000276043.4,Q96T88, NP95,Homo sapiens
IUUC-Hsa-046236,ENSG00000276043.4,Q96T88, RNF106,Homo sapiens
IUUC-Hsa-046155,ENSG00000275618.2,Q9NZS9,BFAR,Homo sapiens
IUUC-Hsa-046155,ENSG00000275618.2,Q9NZS9, BAR,Homo sapiens
IUUC-Hsa-046155,ENSG00000275618.2,Q9NZS9, RNF47,Homo sapiens
IUUC-Hsa-045665,ENSG00000269897.5,P35226,COMMD3-BMI1,Homo sapiens
IUUC-Hsa-045665,ENSG00000269897.5,P35226, BMI1,Homo sapiens
IUUC-Hsa-045665,ENSG00000269897.5,P35226, PCGF4,Homo sapiens
IUUC-Hsa-045665,ENSG00000269897.5,P35226, RNF51,Homo sapiens
IUUC-Hsa-046263,ENSG00000099785.10,Q9P0N8,2-Mar,Homo sapiens
IUUC-Hsa-046263,ENSG00000099785.10,Q9P0N8, RNF172,Homo sapiens
IUUC-Hsa-046263,ENSG00000099785.10,Q9P0N8, HSPC240,Homo sapiens
IUUC-Hsa-046765,ENSG00000130726.11,Q13263,TRIM28,Homo sapiens
IUUC-Hsa-046765,ENSG00000130726.11,Q13263, KAP1,Homo sapiens
IUUC-Hsa-046765,ENSG00000130726.11,Q13263, RNF96,Homo sapiens
IUUC-Hsa-046765,ENSG00000130726.11,Q13263, TIF1B,Homo sapiens
IUUC-Hsa-045854,ENSG00000078043.15,O75928,PIAS2,Homo sapiens
IUUC-Hsa-045854,ENSG00000078043.15,O75928, PIASX,Homo sapiens
IUUC-Hsa-046140,ENSG00000173821.19,Q63HN8,RNF213,Homo sapiens
IUUC-Hsa-046140,ENSG00000173821.19,Q63HN8, ALO17,Homo sapiens
IUUC-Hsa-046140,ENSG00000173821.19,Q63HN8, C17orf27,Homo sapiens
IUUC-Hsa-046140,ENSG00000173821.19,Q63HN8, KIAA1554,Homo sapiens
IUUC-Hsa-046140,ENSG00000173821.19,Q63HN8, KIAA1618,Homo sapiens
IUUC-Hsa-046140,ENSG00000173821.19,Q63HN8, MYSTR,Homo sapiens
IUUC-Hsa-045780,ENSG00000265491.4,Q9Y4L5,RNF115,Homo sapiens
IUUC-Hsa-045780,ENSG00000265491.4,Q9Y4L5, ZNF364,Homo sapiens
IUUC-Hsa-046476,ENSG00000108523.15,Q9H6Y7,RNF167,Homo sapiens
IUUC-Hsa-046476,ENSG00000108523.15,Q9H6Y7, LP2254,Homo sapiens
IUUC-Hsa-046268,ENSG00000141552.17,Q9NYG5,ANAPC11,Homo sapiens
IUUC-Hsa-046268,ENSG00000141552.17,Q9NYG5, HSPC214,Homo sapiens
IUUC-Hsa-046957,ENSG00000131323.14,Q13114,TRAF3,Homo sapiens
IUUC-Hsa-046957,ENSG00000131323.14,Q13114, CAP1,Homo sapiens
IUUC-Hsa-046957,ENSG00000131323.14,Q13114, CRAF1,Homo sapiens
IUUC-Hsa-046529,ENSG00000157450.15,Q6ZNA4,RNF111,Homo sapiens
IUUC-Hsa-046012,ENSG00000178498.15,Q8N9I9,DTX3,Homo sapiens
IUUC-Hsa-046012,ENSG00000178498.15,Q8N9I9, RNF154,Homo sapiens
IUUC-Hsa-046588,ENSG00000101236.16,Q9Y225,RNF24,Homo sapiens
IUUC-Hsa-046484,ENSG00000183579.15,Q9ULT6,ZNRF3,Homo sapiens
IUUC-Hsa-046484,ENSG00000183579.15,Q9ULT6, KIAA1133,Homo sapiens
IUUC-Hsa-046484,ENSG00000183579.15,Q9ULT6, RNF203,Homo sapiens
IUUC-Hsa-046977,ENSG00000005810.17,O75592,MYCBP2,Homo sapiens
IUUC-Hsa-046977,ENSG00000005810.17,O75592, KIAA0916,Homo sapiens
IUUC-Hsa-046977,ENSG00000005810.17,O75592, PAM,Homo sapiens
IUUC-Hsa-046691,ENSG00000120925.14,Q96K19,RNF170,Homo sapiens
IUUC-Hsa-046349,ENSG00000175104.14,Q9Y4K3,TRAF6,Homo sapiens
IUUC-Hsa-046349,ENSG00000175104.14,Q9Y4K3, RNF85,Homo sapiens
IUUC-Hsa-046416,ENSG00000110171.18,O75382,TRIM3,Homo sapiens
IUUC-Hsa-046416,ENSG00000110171.18,O75382, BERP,Homo sapiens
IUUC-Hsa-046416,ENSG00000110171.18,O75382, RNF22,Homo sapiens
IUUC-Hsa-046416,ENSG00000110171.18,O75382, RNF97,Homo sapiens
IUUC-Hsa-046905,ENSG00000146373.16,Q8TC41,RNF217,Homo sapiens
IUUC-Hsa-046905,ENSG00000146373.16,Q8TC41, C6orf172,Homo sapiens
IUUC-Hsa-046905,ENSG00000146373.16,Q8TC41, IBRDC1,Homo sapiens
IUUC-Hsa-046224,ENSG00000113269.13,Q86XS8,RNF130,Homo sapiens
IUUC-Hsa-046593,ENSG00000170153.10,Q9ULK6,RNF150,Homo sapiens
IUUC-Hsa-046593,ENSG00000170153.10,Q9ULK6, KIAA1214,Homo sapiens
IUUC-Hsa-046523,ENSG00000197530.12,Q96AX9,MIB2,Homo sapiens
IUUC-Hsa-046523,ENSG00000197530.12,Q96AX9, SKD,Homo sapiens
IUUC-Hsa-046523,ENSG00000197530.12,Q96AX9, ZZANK1,Homo sapiens
IUUC-Hsa-046201,ENSG00000145416.13,Q8TCQ1,1-Mar,Homo sapiens
IUUC-Hsa-046201,ENSG00000145416.13,Q8TCQ1, RNF171,Homo sapiens
IUUC-Hsa-046401,ENSG00000180537.12,Q8N6D2,RNF182,Homo sapiens
IUUC-Hsa-045953,ENSG00000173838.11,Q8NA82,10-Mar,Homo sapiens
IUUC-Hsa-045953,ENSG00000173838.11,Q8NA82, RNF190,Homo sapiens
IUUC-Hsa-046046,ENSG00000228405.5,Q99942,RNF5,Homo sapiens
IUUC-Hsa-046046,ENSG00000228405.5,Q99942, G16,Homo sapiens
IUUC-Hsa-046046,ENSG00000228405.5,Q99942, NG2,Homo sapiens
IUUC-Hsa-046046,ENSG00000228405.5,Q99942, RMA1,Homo sapiens
IUUC-Hsa-046051,ENSG00000124900.12,Q9BSJ1,TRIM51,Homo sapiens
IUUC-Hsa-046051,ENSG00000124900.12,Q9BSJ1, SPRYD5,Homo sapiens
IUUC-Hsa-046657,ENSG00000157911.9,O60683,PEX10,Homo sapiens
IUUC-Hsa-046657,ENSG00000157911.9,O60683, RNF69,Homo sapiens
IUUC-Hsa-046979,ENSG00000224168.9,Q9BZY9,TRIM31,Homo sapiens
IUUC-Hsa-046979,ENSG00000224168.9,Q9BZY9, C6orf13,Homo sapiens
IUUC-Hsa-046979,ENSG00000224168.9,Q9BZY9, RNF,Homo sapiens
IUUC-Hsa-046501,ENSG00000105879.11,Q75N03,CBLL1,Homo sapiens
IUUC-Hsa-046501,ENSG00000105879.11,Q75N03, HAKAI,Homo sapiens
IUUC-Hsa-046501,ENSG00000105879.11,Q75N03, RNF188,Homo sapiens
IUUC-Hsa-046497,ENSG00000230230.7,Q12899,TRIM26,Homo sapiens
IUUC-Hsa-046497,ENSG00000230230.7,Q12899, RNF95,Homo sapiens
IUUC-Hsa-046497,ENSG00000230230.7,Q12899, ZNF173,Homo sapiens
IUUC-Hsa-045978,ENSG00000228001.8,Q6P9F5,TRIM40,Homo sapiens
IUUC-Hsa-045978,ENSG00000228001.8,Q6P9F5, RNF35,Homo sapiens
IUUC-Hsa-046029,ENSG00000234495.7,P14373,TRIM27,Homo sapiens
IUUC-Hsa-046029,ENSG00000234495.7,P14373, RFP,Homo sapiens
IUUC-Hsa-046029,ENSG00000234495.7,P14373, RNF76,Homo sapiens
IUUC-Hsa-046355,ENSG00000223638.3,A6NLU0,RFPL4A,Homo sapiens
IUUC-Hsa-046355,ENSG00000223638.3,A6NLU0, RFPL4,Homo sapiens
IUUC-Hsa-046355,ENSG00000223638.3,A6NLU0, RNF210,Homo sapiens
IUUC-Hsa-046851,ENSG00000072609.17,Q96EP1,CHFR,Homo sapiens
IUUC-Hsa-046851,ENSG00000072609.17,Q96EP1, RNF196,Homo sapiens
IUUC-Hsa-046600,ENSG00000178809.11,Q86UV7,TRIM73,Homo sapiens
IUUC-Hsa-046600,ENSG00000178809.11,Q86UV7, TRIM50B,Homo sapiens
IUUC-Hsa-045685,ENSG00000089234.15,Q7Z569,BRAP,Homo sapiens
IUUC-Hsa-045685,ENSG00000089234.15,Q7Z569, RNF52,Homo sapiens
IUUC-Hsa-045680,ENSG00000226788.3,Q06587,RING1,Homo sapiens
IUUC-Hsa-045680,ENSG00000226788.3,Q06587, RNF1,Homo sapiens
IUUC-Hsa-045719,ENSG00000224994.9,Q9HCM9,TRIM39,Homo sapiens
IUUC-Hsa-045719,ENSG00000224994.9,Q9HCM9, RNF23,Homo sapiens
IUUC-Hsa-045719,ENSG00000224994.9,Q9HCM9, TFP,Homo sapiens
IUUC-Hsa-046883,ENSG00000136536.14,Q9H992,7-Mar,Homo sapiens
IUUC-Hsa-046883,ENSG00000136536.14,Q9H992, AXOT,Homo sapiens
IUUC-Hsa-046883,ENSG00000136536.14,Q9H992, RNF177,Homo sapiens
IUUC-Hsa-045983,ENSG00000108375.12,Q68DV7,RNF43,Homo sapiens
IUUC-Hsa-046893,ENSG00000186951.16,Q07869,PPARA,Homo sapiens
IUUC-Hsa-046893,ENSG00000186951.16,Q07869, NR1C1,Homo sapiens
IUUC-Hsa-046893,ENSG00000186951.16,Q07869, PPAR,Homo sapiens
IUUC-Hsa-046606,ENSG00000102858.12,O60291,MGRN1,Homo sapiens
IUUC-Hsa-046606,ENSG00000102858.12,O60291, KIAA0544,Homo sapiens
IUUC-Hsa-046606,ENSG00000102858.12,O60291, RNF156,Homo sapiens
IUUC-Hsa-045811,ENSG00000182670.13,P53804,TTC3,Homo sapiens
IUUC-Hsa-045811,ENSG00000182670.13,P53804, DCRR1,Homo sapiens
IUUC-Hsa-045811,ENSG00000182670.13,P53804, RNF105,Homo sapiens
IUUC-Hsa-045811,ENSG00000182670.13,P53804, TPRD,Homo sapiens
IUUC-Hsa-046298,ENSG00000100814.17,Q9NPC3,CCNB1IP1,Homo sapiens
IUUC-Hsa-046298,ENSG00000100814.17,Q9NPC3, C14orf18,Homo sapiens
IUUC-Hsa-046298,ENSG00000100814.17,Q9NPC3, HEI10,Homo sapiens
IUUC-Hsa-045936,ENSG00000165406.15,Q5T0T0,8-Mar,Homo sapiens
IUUC-Hsa-045936,ENSG00000165406.15,Q5T0T0, MIR,Homo sapiens
IUUC-Hsa-045936,ENSG00000165406.15,Q5T0T0, RNF178,Homo sapiens
IUUC-Hsa-046400,ENSG00000108395.13,O94972,TRIM37,Homo sapiens
IUUC-Hsa-046400,ENSG00000108395.13,O94972, KIAA0898,Homo sapiens
IUUC-Hsa-046400,ENSG00000108395.13,O94972, MUL,Homo sapiens
IUUC-Hsa-046400,ENSG00000108395.13,O94972, POB1,Homo sapiens
IUUC-Hsa-045973,ENSG00000131788.15,Q9Y6X2,PIAS3,Homo sapiens
IUUC-Hsa-045960,ENSG00000082996.19,O43567,RNF13,Homo sapiens
IUUC-Hsa-045960,ENSG00000082996.19,O43567, RZF,Homo sapiens
IUUC-Hsa-046491,ENSG00000212864.3,Q9H0X6,RNF208,Homo sapiens
IUUC-Hsa-047016,ENSG00000198862.13,O94822,LTN1,Homo sapiens
IUUC-Hsa-047016,ENSG00000198862.13,O94822, C21orf10,Homo sapiens
IUUC-Hsa-047016,ENSG00000198862.13,O94822, C21orf98,Homo sapiens
IUUC-Hsa-047016,ENSG00000198862.13,O94822, KIAA0714,Homo sapiens
IUUC-Hsa-047016,ENSG00000198862.13,O94822, RNF160,Homo sapiens
IUUC-Hsa-047016,ENSG00000198862.13,O94822, ZNF294,Homo sapiens
IUUC-Hsa-047016,ENSG00000198862.13,O94822, HSPC087,Homo sapiens
IUUC-Hsa-046462,ENSG00000155827.11,Q5VTR2,RNF20,Homo sapiens
IUUC-Hsa-046462,ENSG00000155827.11,Q5VTR2, BRE1A,Homo sapiens
IUUC-Hsa-045752,ENSG00000164197.11,Q86T96,RNF180,Homo sapiens
IUUC-Hsa-045988,ENSG00000206557.5,Q2Q1W2,TRIM71,Homo sapiens
IUUC-Hsa-045988,ENSG00000206557.5,Q2Q1W2, LIN41,Homo sapiens
IUUC-Hsa-046951,ENSG00000168936.10,A0AVI4,TMEM129,Homo sapiens
IUUC-Hsa-045947,ENSG00000101871.14,O15344,MID1,Homo sapiens
IUUC-Hsa-045947,ENSG00000101871.14,O15344, FXY,Homo sapiens
IUUC-Hsa-045947,ENSG00000101871.14,O15344, RNF59,Homo sapiens
IUUC-Hsa-045947,ENSG00000101871.14,O15344, TRIM18,Homo sapiens
IUUC-Hsa-045947,ENSG00000101871.14,O15344, XPRF,Homo sapiens
IUUC-Hsa-046006,ENSG00000121236.20,Q9C030,TRIM6,Homo sapiens
IUUC-Hsa-046006,ENSG00000121236.20,Q9C030, RNF89,Homo sapiens
IUUC-Hsa-046379,ENSG00000138100.13,Q9BYV2,TRIM54,Homo sapiens
IUUC-Hsa-046379,ENSG00000138100.13,Q9BYV2, MURF,Homo sapiens
IUUC-Hsa-046379,ENSG00000138100.13,Q9BYV2, MURF3,Homo sapiens
IUUC-Hsa-046379,ENSG00000138100.13,Q9BYV2, RNF30,Homo sapiens
IUUC-Hsa-046573,ENSG00000132256.18,Q9C035,TRIM5,Homo sapiens
IUUC-Hsa-046573,ENSG00000132256.18,Q9C035, RNF88,Homo sapiens
IUUC-Hsa-046363,ENSG00000132274.15,Q8IYM9,TRIM22,Homo sapiens
IUUC-Hsa-046363,ENSG00000132274.15,Q8IYM9, RNF94,Homo sapiens
IUUC-Hsa-046363,ENSG00000132274.15,Q8IYM9, STAF50,Homo sapiens
IUUC-Hsa-046870,ENSG00000086102.18,Q12986,NFX1,Homo sapiens
IUUC-Hsa-046870,ENSG00000086102.18,Q12986, NFX2,Homo sapiens
IUUC-Hsa-046412,ENSG00000162298.17,Q86TM6,SYVN1,Homo sapiens
IUUC-Hsa-046412,ENSG00000162298.17,Q86TM6, HRD1,Homo sapiens
IUUC-Hsa-046412,ENSG00000162298.17,Q86TM6, KIAA1810,Homo sapiens
IUUC-Hsa-046485,ENSG00000178828.6,Q9NXI6,RNF186,Homo sapiens
IUUC-Hsa-046304,ENSG00000181191.11,Q8NG27,PJA1,Homo sapiens
IUUC-Hsa-046304,ENSG00000181191.11,Q8NG27, RNF70,Homo sapiens
IUUC-Hsa-045762,ENSG00000158022.6,Q969Q1,TRIM63,Homo sapiens
IUUC-Hsa-045762,ENSG00000158022.6,Q969Q1, IRF,Homo sapiens
IUUC-Hsa-045762,ENSG00000158022.6,Q969Q1, MURF1,Homo sapiens
IUUC-Hsa-045762,ENSG00000158022.6,Q969Q1, RNF28,Homo sapiens
IUUC-Hsa-045762,ENSG00000158022.6,Q969Q1, SMRZ,Homo sapiens
IUUC-Hsa-046653,ENSG00000119401.10,Q13049,TRIM32,Homo sapiens
IUUC-Hsa-046653,ENSG00000119401.10,Q13049, HT2A,Homo sapiens
IUUC-Hsa-046662,ENSG00000056586.15,Q9HBD1,RC3H2,Homo sapiens
IUUC-Hsa-046662,ENSG00000056586.15,Q9HBD1, MNAB,Homo sapiens
IUUC-Hsa-046662,ENSG00000056586.15,Q9HBD1, RNF164,Homo sapiens
IUUC-Hsa-046249,ENSG00000112130.16,O76064,RNF8,Homo sapiens
IUUC-Hsa-046249,ENSG00000112130.16,O76064, KIAA0646,Homo sapiens
IUUC-Hsa-046343,ENSG00000024048.10,Q8IWV8,UBR2,Homo sapiens
IUUC-Hsa-046343,ENSG00000024048.10,Q8IWV8, C6orf133,Homo sapiens
IUUC-Hsa-046343,ENSG00000024048.10,Q8IWV8, KIAA0349,Homo sapiens
IUUC-Hsa-047000,ENSG00000125352.5,O15541,RNF113A,Homo sapiens
IUUC-Hsa-047000,ENSG00000125352.5,O15541, RNF113,Homo sapiens
IUUC-Hsa-047000,ENSG00000125352.5,O15541, ZNF183,Homo sapiens
IUUC-Hsa-046022,ENSG00000101966.12,P98170,XIAP,Homo sapiens
IUUC-Hsa-046022,ENSG00000101966.12,P98170, API3,Homo sapiens
IUUC-Hsa-046022,ENSG00000101966.12,P98170, BIRC4,Homo sapiens
IUUC-Hsa-046022,ENSG00000101966.12,P98170, IAP3,Homo sapiens
IUUC-Hsa-046736,ENSG00000156374.14,Q9BYE7,PCGF6,Homo sapiens
IUUC-Hsa-046736,ENSG00000156374.14,Q9BYE7, MBLR,Homo sapiens
IUUC-Hsa-046736,ENSG00000156374.14,Q9BYE7, RNF134,Homo sapiens
IUUC-Hsa-046831,ENSG00000214357.8,A8MQ27,NEURL1B,Homo sapiens
IUUC-Hsa-046831,ENSG00000214357.8,A8MQ27, NEURL3,Homo sapiens
IUUC-Hsa-045790,ENSG00000118518.15,Q9NTX7,RNF146,Homo sapiens
IUUC-Hsa-046163,ENSG00000135870.11,Q5TC82,RC3H1,Homo sapiens
IUUC-Hsa-046163,ENSG00000135870.11,Q5TC82, KIAA2025,Homo sapiens
IUUC-Hsa-046163,ENSG00000135870.11,Q5TC82, RNF198,Homo sapiens
IUUC-Hsa-045853,ENSG00000143207.19,Q8NHY2,RFWD2,Homo sapiens
IUUC-Hsa-045853,ENSG00000143207.19,Q8NHY2, COP1,Homo sapiens
IUUC-Hsa-045853,ENSG00000143207.19,Q8NHY2, RNF200,Homo sapiens
IUUC-Hsa-046100,ENSG00000121481.10,Q99496,RNF2,Homo sapiens
IUUC-Hsa-046100,ENSG00000121481.10,Q99496, BAP1,Homo sapiens
IUUC-Hsa-046100,ENSG00000121481.10,Q99496, DING,Homo sapiens
IUUC-Hsa-046100,ENSG00000121481.10,Q99496, HIPI3,Homo sapiens
IUUC-Hsa-046100,ENSG00000121481.10,Q99496, RING1B,Homo sapiens
IUUC-Hsa-046172,ENSG00000146414.15,Q149N8,SHPRH,Homo sapiens
IUUC-Hsa-046172,ENSG00000146414.15,Q149N8, KIAA2023,Homo sapiens
IUUC-Hsa-046950,ENSG00000198625.12,O15151,MDM4,Homo sapiens
IUUC-Hsa-046950,ENSG00000198625.12,O15151, MDMX,Homo sapiens
IUUC-Hsa-046085,ENSG00000162931.11,Q9Y577,TRIM17,Homo sapiens
IUUC-Hsa-046085,ENSG00000162931.11,Q9Y577, RBCC,Homo sapiens
IUUC-Hsa-046085,ENSG00000162931.11,Q9Y577, RNF16,Homo sapiens
IUUC-Hsa-046085,ENSG00000162931.11,Q9Y577, TERF,Homo sapiens
IUUC-Hsa-046308,ENSG00000185619.18,Q3KNV8,PCGF3,Homo sapiens
IUUC-Hsa-046308,ENSG00000185619.18,Q3KNV8, RNF3,Homo sapiens
IUUC-Hsa-046308,ENSG00000185619.18,Q3KNV8, RNF3A,Homo sapiens
IUUC-Hsa-046468,ENSG00000137522.17,Q9H920,RNF121,Homo sapiens
IUUC-Hsa-046040,ENSG00000198919.12,Q86Y13,DZIP3,Homo sapiens
IUUC-Hsa-046040,ENSG00000198919.12,Q86Y13, KIAA0675,Homo sapiens
IUUC-Hsa-046194,ENSG00000169189.16,Q8WV22,NSMCE1,Homo sapiens
IUUC-Hsa-046194,ENSG00000169189.16,Q8WV22, HSPC333,Homo sapiens
IUUC-Hsa-046194,ENSG00000169189.16,Q8WV22, HSPC337,Homo sapiens
IUUC-Hsa-046299,ENSG00000170633.16,Q969K3,RNF34,Homo sapiens
IUUC-Hsa-046514,ENSG00000198961.9,O43164,PJA2,Homo sapiens
IUUC-Hsa-046514,ENSG00000198961.9,O43164, KIAA0438,Homo sapiens
IUUC-Hsa-046514,ENSG00000198961.9,O43164, RNF131,Homo sapiens
IUUC-Hsa-045991,ENSG00000168411.13,Q6PCD5,RFWD3,Homo sapiens
IUUC-Hsa-045991,ENSG00000168411.13,Q6PCD5, RNF201,Homo sapiens
IUUC-Hsa-045844,ENSG00000197579.7,Q9NS56,TOPORS,Homo sapiens
IUUC-Hsa-045844,ENSG00000197579.7,Q9NS56, LUN,Homo sapiens
IUUC-Hsa-045844,ENSG00000197579.7,Q9NS56, TP53BPL,Homo sapiens
IUUC-Hsa-046302,ENSG00000198060.9,Q9NX47,5-Mar,Homo sapiens
IUUC-Hsa-046302,ENSG00000198060.9,Q9NX47, RNF153,Homo sapiens
IUUC-Hsa-046261,ENSG00000197329.11,Q96FA3,PELI1,Homo sapiens
IUUC-Hsa-046261,ENSG00000197329.11,Q96FA3, PRISM,Homo sapiens
IUUC-Hsa-046169,ENSG00000197323.11,Q9UPN9,TRIM33,Homo sapiens
IUUC-Hsa-046169,ENSG00000197323.11,Q9UPN9, KIAA1113,Homo sapiens
IUUC-Hsa-046169,ENSG00000197323.11,Q9UPN9, RFG7,Homo sapiens
IUUC-Hsa-046169,ENSG00000197323.11,Q9UPN9, TIF1G,Homo sapiens
IUUC-Hsa-046086,ENSG00000012048.20,P38398,BRCA1,Homo sapiens
IUUC-Hsa-046086,ENSG00000012048.20,P38398, RNF53,Homo sapiens
IUUC-Hsa-046161,ENSG00000112343.10,O00635,TRIM38,Homo sapiens
IUUC-Hsa-046161,ENSG00000112343.10,O00635, RNF15,Homo sapiens
IUUC-Hsa-046161,ENSG00000112343.10,O00635, RORET,Homo sapiens
IUUC-Hsa-046307,ENSG00000164751.14,P28328,PEX2,Homo sapiens
IUUC-Hsa-046307,ENSG00000164751.14,P28328, PAF1,Homo sapiens
IUUC-Hsa-046307,ENSG00000164751.14,P28328, PMP3,Homo sapiens
IUUC-Hsa-046307,ENSG00000164751.14,P28328, PMP35,Homo sapiens
IUUC-Hsa-046307,ENSG00000164751.14,P28328, PXMP3,Homo sapiens
IUUC-Hsa-046307,ENSG00000164751.14,P28328, RNF72,Homo sapiens
IUUC-Hsa-046869,ENSG00000007944.14,Q8WY64,MYLIP,Homo sapiens
IUUC-Hsa-046869,ENSG00000007944.14,Q8WY64, BZF1,Homo sapiens
IUUC-Hsa-046869,ENSG00000007944.14,Q8WY64, IDOL,Homo sapiens
IUUC-Hsa-046869,ENSG00000007944.14,Q8WY64, BM-023,Homo sapiens
IUUC-Hsa-046869,ENSG00000007944.14,Q8WY64, PP5242,Homo sapiens
IUUC-Hsa-046357,ENSG00000196470.11,Q8IUQ4,SIAH1,Homo sapiens
IUUC-Hsa-046357,ENSG00000196470.11,Q8IUQ4, HUMSIAH,Homo sapiens
IUUC-Hsa-046345,ENSG00000204977.9,O60858,TRIM13,Homo sapiens
IUUC-Hsa-046345,ENSG00000204977.9,O60858, LEU5,Homo sapiens
IUUC-Hsa-046345,ENSG00000204977.9,O60858, RFP2,Homo sapiens
IUUC-Hsa-046345,ENSG00000204977.9,O60858, RNF77,Homo sapiens
IUUC-Hsa-046707,ENSG00000146833.15,Q9C037,TRIM4,Homo sapiens
IUUC-Hsa-046707,ENSG00000146833.15,Q9C037, RNF87,Homo sapiens
IUUC-Hsa-045704,ENSG00000187147.17,Q5VTB9,RNF220,Homo sapiens
IUUC-Hsa-045704,ENSG00000187147.17,Q5VTB9, C1orf164,Homo sapiens
IUUC-Hsa-046123,ENSG00000258588.3,Q9BYJ4,TRIM6-TRIM34,Homo sapiens
IUUC-Hsa-046123,ENSG00000258588.3,Q9BYJ4, TRIM34,Homo sapiens
IUUC-Hsa-046123,ENSG00000258588.3,Q9BYJ4, IFP1,Homo sapiens
IUUC-Hsa-046123,ENSG00000258588.3,Q9BYJ4, RNF21,Homo sapiens
IUUC-Hsa-046849,ENSG00000122257.18,Q7Z6E9,RBBP6,Homo sapiens
IUUC-Hsa-046849,ENSG00000122257.18,Q7Z6E9, P2PR,Homo sapiens
IUUC-Hsa-046849,ENSG00000122257.18,Q7Z6E9, PACT,Homo sapiens
IUUC-Hsa-046849,ENSG00000122257.18,Q7Z6E9, RBQ1,Homo sapiens
IUUC-Hsa-046849,ENSG00000122257.18,Q7Z6E9, My038,Homo sapiens
IUUC-Hsa-046548,ENSG00000127870.16,Q9Y252,RNF6,Homo sapiens
IUUC-Hsa-046548,ENSG00000127870.16,Q9Y252, SPG2,Homo sapiens
IUUC-Hsa-046402,ENSG00000181852.17,Q9H4P4,RNF41,Homo sapiens
IUUC-Hsa-046402,ENSG00000181852.17,Q9H4P4, FLRF,Homo sapiens
IUUC-Hsa-046402,ENSG00000181852.17,Q9H4P4, NRDP1,Homo sapiens
IUUC-Hsa-046402,ENSG00000181852.17,Q9H4P4, SBBI03,Homo sapiens
IUUC-Hsa-046785,ENSG00000122779.17,O15164,TRIM24,Homo sapiens
IUUC-Hsa-046785,ENSG00000122779.17,O15164, RNF82,Homo sapiens
IUUC-Hsa-046785,ENSG00000122779.17,O15164, TIF1,Homo sapiens
IUUC-Hsa-046785,ENSG00000122779.17,O15164, TIF1A,Homo sapiens
IUUC-Hsa-046346,ENSG00000187566.4,Q6VVB1,NHLRC1,Homo sapiens
IUUC-Hsa-046346,ENSG00000187566.4,Q6VVB1, EPM2B,Homo sapiens
IUUC-Hsa-046802,ENSG00000188050.2,Q8WVZ7,RNF133,Homo sapiens
IUUC-Hsa-046365,ENSG00000109654.14,Q9C040,TRIM2,Homo sapiens
IUUC-Hsa-046365,ENSG00000109654.14,Q9C040, KIAA0517,Homo sapiens
IUUC-Hsa-046365,ENSG00000109654.14,Q9C040, RNF86,Homo sapiens
IUUC-Hsa-046738,ENSG00000180628.14,Q86SE9,PCGF5,Homo sapiens
IUUC-Hsa-046738,ENSG00000180628.14,Q86SE9, RNF159,Homo sapiens
IUUC-Hsa-046894,ENSG00000186187.11,Q8ND25,ZNRF1,Homo sapiens
IUUC-Hsa-046894,ENSG00000186187.11,Q8ND25, NIN283,Homo sapiens
IUUC-Hsa-046475,ENSG00000163462.17,Q7Z4K8,TRIM46,Homo sapiens
IUUC-Hsa-046475,ENSG00000163462.17,Q7Z4K8, TRIFIC,Homo sapiens
IUUC-Hsa-046661,ENSG00000108175.16,Q9ULJ6,ZMIZ1,Homo sapiens
IUUC-Hsa-046661,ENSG00000108175.16,Q9ULJ6, KIAA1224,Homo sapiens
IUUC-Hsa-046661,ENSG00000108175.16,Q9ULJ6, RAI17,Homo sapiens
IUUC-Hsa-046661,ENSG00000108175.16,Q9ULJ6, ZIMP10,Homo sapiens
IUUC-Hsa-046039,ENSG00000146755.10,Q86XT4,TRIM50,Homo sapiens
IUUC-Hsa-046039,ENSG00000146755.10,Q86XT4, TRIM50A,Homo sapiens
IUUC-Hsa-045776,ENSG00000131263.12,Q9NVW2,RLIM,Homo sapiens
IUUC-Hsa-045776,ENSG00000131263.12,Q9NVW2, RNF12,Homo sapiens
IUUC-Hsa-047015,ENSG00000183654.8,A6NNE9,11-Mar,Homo sapiens
IUUC-Hsa-046651,ENSG00000183763.8,Q9BWF2,TRAIP,Homo sapiens
IUUC-Hsa-046651,ENSG00000183763.8,Q9BWF2, RNF206,Homo sapiens
IUUC-Hsa-046651,ENSG00000183763.8,Q9BWF2, TRIP,Homo sapiens
IUUC-Hsa-046550,ENSG00000181481.13,Q8IUD6,RNF135,Homo sapiens
IUUC-Hsa-046550,ENSG00000181481.13,Q8IUD6, L13,Homo sapiens
IUUC-Hsa-046786,ENSG00000164068.15,Q5XPI4,RNF123,Homo sapiens
IUUC-Hsa-046786,ENSG00000164068.15,Q5XPI4, KPC1,Homo sapiens
IUUC-Hsa-046786,ENSG00000164068.15,Q5XPI4, FP1477,Homo sapiens
IUUC-Hsa-046117,ENSG00000131653.12,Q6Q0C0,TRAF7,Homo sapiens
IUUC-Hsa-046117,ENSG00000131653.12,Q6Q0C0, RFWD1,Homo sapiens
IUUC-Hsa-046117,ENSG00000131653.12,Q6Q0C0, RNF119,Homo sapiens
IUUC-Hsa-045707,ENSG00000138942.15,Q96GF1,RNF185,Homo sapiens
IUUC-Hsa-046729,ENSG00000022840.15,Q8N5U6,RNF10,Homo sapiens
IUUC-Hsa-046729,ENSG00000022840.15,Q8N5U6, KIAA0262,Homo sapiens
IUUC-Hsa-046729,ENSG00000022840.15,Q8N5U6, RIE2,Homo sapiens
IUUC-Hsa-045732,ENSG00000103549.21,O75150,RNF40,Homo sapiens
IUUC-Hsa-045732,ENSG00000103549.21,O75150, BRE1B,Homo sapiens
IUUC-Hsa-045732,ENSG00000103549.21,O75150, KIAA0661,Homo sapiens
IUUC-Hsa-045737,ENSG00000163743.13,Q96PM5,RCHY1,Homo sapiens
IUUC-Hsa-045737,ENSG00000163743.13,Q96PM5, ARNIP,Homo sapiens
IUUC-Hsa-045737,ENSG00000163743.13,Q96PM5, CHIMP,Homo sapiens
IUUC-Hsa-045737,ENSG00000163743.13,Q96PM5, PIRH2,Homo sapiens
IUUC-Hsa-045737,ENSG00000163743.13,Q96PM5, RNF199,Homo sapiens
IUUC-Hsa-045737,ENSG00000163743.13,Q96PM5, ZNF363,Homo sapiens
IUUC-Hsa-045716,ENSG00000091073.19,Q86UW9,DTX2,Homo sapiens
IUUC-Hsa-045716,ENSG00000091073.19,Q86UW9, KIAA1528,Homo sapiens
IUUC-Hsa-045716,ENSG00000091073.19,Q86UW9, RNF58,Homo sapiens
IUUC-Hsa-046232,ENSG00000175809.5,Q8N7E2,ZNF645,Homo sapiens
IUUC-Hsa-046865,ENSG00000148356.13,Q6UWE0,LRSAM1,Homo sapiens
IUUC-Hsa-046865,ENSG00000148356.13,Q6UWE0, TAL,Homo sapiens
IUUC-Hsa-046865,ENSG00000148356.13,Q6UWE0, UNQ6496/PRO21356,Homo sapiens
IUUC-Hsa-046291,ENSG00000180233.10,Q8NHG8,ZNRF2,Homo sapiens
IUUC-Hsa-046291,ENSG00000180233.10,Q8NHG8, RNF202,Homo sapiens
IUUC-Hsa-046533,ENSG00000177238.13,Q6ZMU5,TRIM72,Homo sapiens
IUUC-Hsa-046533,ENSG00000177238.13,Q6ZMU5, MG53,Homo sapiens
IUUC-Hsa-046763,ENSG00000174516.14,Q8N2H9,PELI3,Homo sapiens
IUUC-Hsa-046424,ENSG00000163961.4,Q8IYW5,RNF168,Homo sapiens
IUUC-Hsa-045828,ENSG00000121060.15,Q14258,TRIM25,Homo sapiens
IUUC-Hsa-045828,ENSG00000121060.15,Q14258, EFP,Homo sapiens
IUUC-Hsa-045828,ENSG00000121060.15,Q14258, RNF147,Homo sapiens
IUUC-Hsa-045828,ENSG00000121060.15,Q14258, ZNF147,Homo sapiens
IUUC-Hsa-046666,ENSG00000080802.18,O95628,CNOT4,Homo sapiens
IUUC-Hsa-046666,ENSG00000080802.18,O95628, NOT4,Homo sapiens
IUUC-Hsa-045798,ENSG00000092871.16,Q8WZ73,RFFL,Homo sapiens
IUUC-Hsa-045798,ENSG00000092871.16,Q8WZ73, RNF189,Homo sapiens
IUUC-Hsa-045798,ENSG00000092871.16,Q8WZ73, RNF34L,Homo sapiens
IUUC-Hsa-046509,ENSG00000146063.18,Q8WV44,TRIM41,Homo sapiens
IUUC-Hsa-046509,ENSG00000146063.18,Q8WV44, RINCK,Homo sapiens
IUUC-Hsa-046212,ENSG00000063978.15,P78317,RNF4,Homo sapiens
IUUC-Hsa-046212,ENSG00000063978.15,P78317, SNURF,Homo sapiens
IUUC-Hsa-046212,ENSG00000063978.15,P78317, RES4-26,Homo sapiens
IUUC-Hsa-046179,ENSG00000181788.3,O43255,SIAH2,Homo sapiens
IUUC-Hsa-046649,ENSG00000158717.10,Q96A37,RNF166,Homo sapiens
IUUC-Hsa-046568,ENSG00000176641.10,Q8N8N0,RNF152,Homo sapiens
IUUC-Hsa-046013,ENSG00000173456.4,Q9BY78,RNF26,Homo sapiens
IUUC-Hsa-047030,ENSG00000006715.15,P49754,VPS41,Homo sapiens
IUUC-Hsa-045930,ENSG00000071794.15,Q14527,HLTF,Homo sapiens
IUUC-Hsa-045930,ENSG00000071794.15,Q14527, HIP116A,Homo sapiens
IUUC-Hsa-045930,ENSG00000071794.15,Q14527, RNF80,Homo sapiens
IUUC-Hsa-045930,ENSG00000071794.15,Q14527, SMARCA3,Homo sapiens
IUUC-Hsa-045930,ENSG00000071794.15,Q14527, SNF2L3,Homo sapiens
IUUC-Hsa-045930,ENSG00000071794.15,Q14527, ZBU1,Homo sapiens
IUUC-Hsa-046940,ENSG00000174579.3,Q9HCI7,MSL2,Homo sapiens
IUUC-Hsa-046940,ENSG00000174579.3,Q9HCI7, KIAA1585,Homo sapiens
IUUC-Hsa-046940,ENSG00000174579.3,Q9HCI7, MSL2L1,Homo sapiens
IUUC-Hsa-046940,ENSG00000174579.3,Q9HCI7, RNF184,Homo sapiens
IUUC-Hsa-045690,ENSG00000213186.7,Q8IWR1,TRIM59,Homo sapiens
IUUC-Hsa-045690,ENSG00000213186.7,Q8IWR1, RNF104,Homo sapiens
IUUC-Hsa-045690,ENSG00000213186.7,Q8IWR1, TRIM57,Homo sapiens
IUUC-Hsa-045690,ENSG00000213186.7,Q8IWR1, TSBF1,Homo sapiens
IUUC-Hsa-046507,ENSG00000172985.10,Q8TEJ3,SH3RF3,Homo sapiens
IUUC-Hsa-046507,ENSG00000172985.10,Q8TEJ3, POSH2,Homo sapiens
IUUC-Hsa-046507,ENSG00000172985.10,Q8TEJ3, SH3MD4,Homo sapiens
IUUC-Hsa-046673,ENSG00000122515.14,Q8NF64,ZMIZ2,Homo sapiens
IUUC-Hsa-046673,ENSG00000122515.14,Q8NF64, KIAA1886,Homo sapiens
IUUC-Hsa-046673,ENSG00000122515.14,Q8NF64, ZIMP7,Homo sapiens
IUUC-Hsa-046673,ENSG00000122515.14,Q8NF64, HRIHFB2007,Homo sapiens
IUUC-Hsa-046429,ENSG00000173926.5,Q86UD3,3-Mar,Homo sapiens
IUUC-Hsa-046429,ENSG00000173926.5,Q86UD3, RNF173,Homo sapiens
IUUC-Hsa-045980,ENSG00000168894.9,Q9P0P0,RNF181,Homo sapiens
IUUC-Hsa-045980,ENSG00000168894.9,Q9P0P0, HSPC238,Homo sapiens
IUUC-Hsa-046238,ENSG00000169871.12,Q9BRZ2,TRIM56,Homo sapiens
IUUC-Hsa-046238,ENSG00000169871.12,Q9BRZ2, RNF109,Homo sapiens
IUUC-Hsa-046778,ENSG00000168159.10,Q5TA31,RNF187,Homo sapiens
IUUC-Hsa-046395,ENSG00000189050.15,Q5M7Z0,RNFT1,Homo sapiens
IUUC-Hsa-046395,ENSG00000189050.15,Q5M7Z0, PTD016,Homo sapiens
IUUC-Hsa-046042,ENSG00000104228.12,Q9UPQ4,TRIM35,Homo sapiens
IUUC-Hsa-046042,ENSG00000104228.12,Q9UPQ4, HLS5,Homo sapiens
IUUC-Hsa-046042,ENSG00000104228.12,Q9UPQ4, KIAA1098,Homo sapiens
IUUC-Hsa-045836,ENSG00000170881.4,Q8WU17,RNF139,Homo sapiens
IUUC-Hsa-045836,ENSG00000170881.4,Q8WU17, TRC8,Homo sapiens
IUUC-Hsa-046158,ENSG00000171206.13,Q9BZR9,TRIM8,Homo sapiens
IUUC-Hsa-046158,ENSG00000171206.13,Q9BZR9, GERP,Homo sapiens
IUUC-Hsa-046158,ENSG00000171206.13,Q9BZR9, RNF27,Homo sapiens
IUUC-Hsa-046110,ENSG00000170604.4,Q8IU81,IRF2BP1,Homo sapiens
IUUC-Hsa-046031,ENSG00000167333.12,Q6AZZ1,TRIM68,Homo sapiens
IUUC-Hsa-046031,ENSG00000167333.12,Q6AZZ1, GC109,Homo sapiens
IUUC-Hsa-046031,ENSG00000167333.12,Q6AZZ1, RNF137,Homo sapiens
IUUC-Hsa-046031,ENSG00000167333.12,Q6AZZ1, SS56,Homo sapiens
IUUC-Hsa-045964,ENSG00000166349.9,P15918,RAG1,Homo sapiens
IUUC-Hsa-045964,ENSG00000166349.9,P15918, RNF74,Homo sapiens
IUUC-Hsa-046503,ENSG00000100505.13,Q9C026,TRIM9,Homo sapiens
IUUC-Hsa-046503,ENSG00000100505.13,Q9C026, KIAA0282,Homo sapiens
IUUC-Hsa-046503,ENSG00000100505.13,Q9C026, RNF91,Homo sapiens
IUUC-Hsa-045921,ENSG00000163840.9,Q8TDB6,DTX3L,Homo sapiens
IUUC-Hsa-045921,ENSG00000163840.9,Q8TDB6, BBAP,Homo sapiens
IUUC-Hsa-045739,ENSG00000163481.7,Q96BH1,RNF25,Homo sapiens
IUUC-Hsa-046776,ENSG00000163012.3,Q8NEG5,ZSWIM2,Homo sapiens
IUUC-Hsa-046776,ENSG00000163012.3,Q8NEG5, ZZZ2,Homo sapiens
IUUC-Hsa-046723,ENSG00000070423.17,Q9BV68,RNF126,Homo sapiens
IUUC-Hsa-047025,ENSG00000116525.13,Q9BVG3,TRIM62,Homo sapiens
IUUC-Hsa-046753,ENSG00000159459.11,Q8IWV7,UBR1,Homo sapiens
IUUC-Hsa-046272,ENSG00000159461.14,Q9UKV5,AMFR,Homo sapiens
IUUC-Hsa-046272,ENSG00000159461.14,Q9UKV5, RNF45,Homo sapiens
IUUC-Hsa-046916,ENSG00000132170.19,P37231,PPARG,Homo sapiens
IUUC-Hsa-046916,ENSG00000132170.19,P37231, NR1C3,Homo sapiens
IUUC-Hsa-046704,ENSG00000156831.7,Q96MF7,NSMCE2,Homo sapiens
IUUC-Hsa-046704,ENSG00000156831.7,Q96MF7, C8orf36,Homo sapiens
IUUC-Hsa-046704,ENSG00000156831.7,Q96MF7, MMS21,Homo sapiens
IUUC-Hsa-046130,ENSG00000155428.12,Q86UV6,TRIM74,Homo sapiens
IUUC-Hsa-046130,ENSG00000155428.12,Q86UV6, TRIM50C,Homo sapiens
IUUC-Hsa-046315,ENSG00000154447.14,Q7Z6J0,SH3RF1,Homo sapiens
IUUC-Hsa-046315,ENSG00000154447.14,Q7Z6J0, KIAA1494,Homo sapiens
IUUC-Hsa-046315,ENSG00000154447.14,Q7Z6J0, POSH,Homo sapiens
IUUC-Hsa-046315,ENSG00000154447.14,Q7Z6J0, RNF142,Homo sapiens
IUUC-Hsa-046315,ENSG00000154447.14,Q7Z6J0, SH3MD2,Homo sapiens
IUUC-Hsa-046332,ENSG00000154370.14,Q96F44,TRIM11,Homo sapiens
IUUC-Hsa-046332,ENSG00000154370.14,Q96F44, RNF92,Homo sapiens
IUUC-Hsa-046810,ENSG00000152503.9,Q9NQ86,TRIM36,Homo sapiens
IUUC-Hsa-046810,ENSG00000152503.9,Q9NQ86, RBCC728,Homo sapiens
IUUC-Hsa-046810,ENSG00000152503.9,Q9NQ86, RNF98,Homo sapiens
IUUC-Hsa-046422,ENSG00000147854.16,Q96PU4,UHRF2,Homo sapiens
IUUC-Hsa-046422,ENSG00000147854.16,Q96PU4, NIRF,Homo sapiens
IUUC-Hsa-046422,ENSG00000147854.16,Q96PU4, RNF107,Homo sapiens
IUUC-Hsa-046275,ENSG00000145495.14,O60337,6-Mar,Homo sapiens
IUUC-Hsa-046275,ENSG00000145495.14,O60337, KIAA0597,Homo sapiens
IUUC-Hsa-046275,ENSG00000145495.14,O60337, RNF176,Homo sapiens
IUUC-Hsa-046275,ENSG00000145495.14,O60337, TEB4,Homo sapiens
IUUC-Hsa-045901,ENSG00000114125.13,Q9UBF6,RNF7,Homo sapiens
IUUC-Hsa-045901,ENSG00000114125.13,Q9UBF6, RBX2,Homo sapiens
IUUC-Hsa-045901,ENSG00000114125.13,Q9UBF6, ROC2,Homo sapiens
IUUC-Hsa-045901,ENSG00000114125.13,Q9UBF6, SAG,Homo sapiens
IUUC-Hsa-046918,ENSG00000144583.4,Q9P2E8,4-Mar,Homo sapiens
IUUC-Hsa-046918,ENSG00000144583.4,Q9P2E8, KIAA1399,Homo sapiens
IUUC-Hsa-046918,ENSG00000144583.4,Q9P2E8, RNF174,Homo sapiens
IUUC-Hsa-046700,ENSG00000144015.4,Q96BQ3,TRIM43,Homo sapiens
IUUC-Hsa-045735,ENSG00000142273.10,Q9ULV8,CBLC,Homo sapiens
IUUC-Hsa-045735,ENSG00000142273.10,Q9ULV8, CBL3,Homo sapiens
IUUC-Hsa-045735,ENSG00000142273.10,Q9ULV8, RNF57,Homo sapiens
IUUC-Hsa-046113,ENSG00000141569.10,Q6PJ69,TRIM65,Homo sapiens
IUUC-Hsa-045861,ENSG00000140464.19,P29590,PML,Homo sapiens
IUUC-Hsa-045861,ENSG00000140464.19,P29590, MYL,Homo sapiens
IUUC-Hsa-045861,ENSG00000140464.19,P29590, PP8675,Homo sapiens
IUUC-Hsa-045861,ENSG00000140464.19,P29590, RNF71,Homo sapiens
IUUC-Hsa-045861,ENSG00000140464.19,P29590, TRIM19,Homo sapiens
IUUC-Hsa-045838,ENSG00000139946.9,Q9HAT8,PELI2,Homo sapiens
IUUC-Hsa-046222,ENSG00000139797.7,Q8IZP6,RNF113B,Homo sapiens
IUUC-Hsa-046222,ENSG00000139797.7,Q8IZP6, RNF161,Homo sapiens
IUUC-Hsa-046222,ENSG00000139797.7,Q8IZP6, ZNF183L1,Homo sapiens
IUUC-Hsa-046250,ENSG00000139266.5,Q86YJ5,9-Mar,Homo sapiens
IUUC-Hsa-046250,ENSG00000139266.5,Q86YJ5, RNF179,Homo sapiens
IUUC-Hsa-047009,ENSG00000110315.6,Q8WVD5,RNF141,Homo sapiens
IUUC-Hsa-047009,ENSG00000110315.6,Q8WVD5, ZNF230,Homo sapiens
IUUC-Hsa-045957,ENSG00000070950.9,Q9NS91,RAD18,Homo sapiens
IUUC-Hsa-045957,ENSG00000070950.9,Q9NS91, RNF73,Homo sapiens
IUUC-Hsa-047032,ENSG00000070047.11,Q9P1Y6,PHRF1,Homo sapiens
IUUC-Hsa-047032,ENSG00000070047.11,Q9P1Y6, KIAA1542,Homo sapiens
IUUC-Hsa-046597,ENSG00000090432.6,Q969V5,MUL1,Homo sapiens
IUUC-Hsa-046597,ENSG00000090432.6,Q969V5, C1orf166,Homo sapiens
IUUC-Hsa-046597,ENSG00000090432.6,Q969V5, GIDE,Homo sapiens
IUUC-Hsa-046597,ENSG00000090432.6,Q969V5, MAPL,Homo sapiens
IUUC-Hsa-046597,ENSG00000090432.6,Q969V5, MULAN,Homo sapiens
IUUC-Hsa-046597,ENSG00000090432.6,Q969V5, RNF218,Homo sapiens
IUUC-Hsa-046306,ENSG00000114423.18,Q13191,CBLB,Homo sapiens
IUUC-Hsa-046306,ENSG00000114423.18,Q13191, RNF56,Homo sapiens
IUUC-Hsa-046306,ENSG00000114423.18,Q13191, Nbla00127,Homo sapiens
IUUC-Hsa-046177,ENSG00000110395.6,P22681,CBL,Homo sapiens
IUUC-Hsa-046177,ENSG00000110395.6,P22681, CBL2,Homo sapiens
IUUC-Hsa-046177,ENSG00000110395.6,P22681, RNF55,Homo sapiens
IUUC-Hsa-046470,ENSG00000072201.13,Q8TBB1,LNX1,Homo sapiens
IUUC-Hsa-046470,ENSG00000072201.13,Q8TBB1, LNX,Homo sapiens
IUUC-Hsa-046470,ENSG00000072201.13,Q8TBB1, PDZRN2,Homo sapiens
IUUC-Hsa-046470,ENSG00000072201.13,Q8TBB1, UNQ574/PRO1136,Homo sapiens
IUUC-Hsa-046677,ENSG00000121440.14,Q9UPQ7,PDZRN3,Homo sapiens
IUUC-Hsa-046677,ENSG00000121440.14,Q9UPQ7, KIAA1095,Homo sapiens
IUUC-Hsa-046677,ENSG00000121440.14,Q9UPQ7, LNX3,Homo sapiens
IUUC-Hsa-046677,ENSG00000121440.14,Q9UPQ7, SEMCAP3,Homo sapiens
IUUC-Hsa-046144,ENSG00000023445.13,Q13489,BIRC3,Homo sapiens
IUUC-Hsa-046144,ENSG00000023445.13,Q13489, API2,Homo sapiens
IUUC-Hsa-046144,ENSG00000023445.13,Q13489, MIHC,Homo sapiens
IUUC-Hsa-046144,ENSG00000023445.13,Q13489, RNF49,Homo sapiens
IUUC-Hsa-045784,ENSG00000105229.6,Q8N2W9,PIAS4,Homo sapiens
IUUC-Hsa-045784,ENSG00000105229.6,Q8N2W9, PIASG,Homo sapiens
IUUC-Hsa-045969,ENSG00000080561.13,Q9UJV3,MID2,Homo sapiens
IUUC-Hsa-045969,ENSG00000080561.13,Q9UJV3, FXY2,Homo sapiens
IUUC-Hsa-045969,ENSG00000080561.13,Q9UJV3, RNF60,Homo sapiens
IUUC-Hsa-045969,ENSG00000080561.13,Q9UJV3, TRIM1,Homo sapiens
IUUC-Hsa-046364,ENSG00000134758.13,Q8WVD3,RNF138,Homo sapiens
IUUC-Hsa-046364,ENSG00000134758.13,Q8WVD3, NARF,Homo sapiens
IUUC-Hsa-046364,ENSG00000134758.13,Q8WVD3, HSD-4,Homo sapiens
IUUC-Hsa-046364,ENSG00000134758.13,Q8WVD3, HSD4,Homo sapiens
IUUC-Hsa-046439,ENSG00000101752.11,Q86YT6,MIB1,Homo sapiens
IUUC-Hsa-046439,ENSG00000101752.11,Q86YT6, DIP1,Homo sapiens
IUUC-Hsa-046439,ENSG00000101752.11,Q86YT6, KIAA1323,Homo sapiens
IUUC-Hsa-046439,ENSG00000101752.11,Q86YT6, ZZANK2,Homo sapiens
IUUC-Hsa-046702,ENSG00000082512.14,O00463,TRAF5,Homo sapiens
IUUC-Hsa-046702,ENSG00000082512.14,O00463, RNF84,Homo sapiens
IUUC-Hsa-045876,ENSG00000020426.10,P51948,MNAT1,Homo sapiens
IUUC-Hsa-045876,ENSG00000020426.10,P51948, CAP35,Homo sapiens
IUUC-Hsa-045876,ENSG00000020426.10,P51948, MAT1,Homo sapiens
IUUC-Hsa-045876,ENSG00000020426.10,P51948, RNF66,Homo sapiens
IUUC-Hsa-045826,ENSG00000138376.10,Q99728,BARD1,Homo sapiens
IUUC-Hsa-046534,ENSG00000137384.12,Q9C019,TRIM15,Homo sapiens
IUUC-Hsa-046534,ENSG00000137384.12,Q9C019, RNF93,Homo sapiens
IUUC-Hsa-046534,ENSG00000137384.12,Q9C019, ZNF178,Homo sapiens
IUUC-Hsa-046534,ENSG00000137384.12,Q9C019, ZNFB7,Homo sapiens
IUUC-Hsa-046118,ENSG00000137075.17,Q9H0F5,RNF38,Homo sapiens
IUUC-Hsa-046376,ENSG00000135679.22,Q00987,MDM2,Homo sapiens
IUUC-Hsa-046570,ENSG00000135144.7,Q86Y01,DTX1,Homo sapiens
IUUC-Hsa-046580,ENSG00000134253.9,Q9H8W5,TRIM45,Homo sapiens
IUUC-Hsa-046580,ENSG00000134253.9,Q9H8W5, RNF99,Homo sapiens
IUUC-Hsa-047006,ENSG00000133874.1,Q9H9V4,RNF122,Homo sapiens
IUUC-Hsa-046589,ENSG00000133606.10,Q9UHC7,MKRN1,Homo sapiens
IUUC-Hsa-046589,ENSG00000133606.10,Q9UHC7, RNF61,Homo sapiens
IUUC-Hsa-046745,ENSG00000133135.13,Q8TEB7,RNF128,Homo sapiens
IUUC-Hsa-046469,ENSG00000132481.6,Q96LD4,TRIM47,Homo sapiens
IUUC-Hsa-046469,ENSG00000132481.6,Q96LD4, GOA,Homo sapiens
IUUC-Hsa-046469,ENSG00000132481.6,Q96LD4, RNF100,Homo sapiens
IUUC-Hsa-046583,ENSG00000132109.9,P19474,TRIM21,Homo sapiens
IUUC-Hsa-046583,ENSG00000132109.9,P19474, RNF81,Homo sapiens
IUUC-Hsa-046583,ENSG00000132109.9,P19474, RO52,Homo sapiens
IUUC-Hsa-046583,ENSG00000132109.9,P19474, SSA1,Homo sapiens
IUUC-Hsa-046146,ENSG00000033800.13,O75925,PIAS1,Homo sapiens
IUUC-Hsa-046146,ENSG00000033800.13,O75925, DDXBP1,Homo sapiens
IUUC-Hsa-046952,ENSG00000127191.17,Q12933,TRAF2,Homo sapiens
IUUC-Hsa-046952,ENSG00000127191.17,Q12933, TRAP3,Homo sapiens
IUUC-Hsa-046280,ENSG00000124226.10,Q9Y508,RNF114,Homo sapiens
IUUC-Hsa-046280,ENSG00000124226.10,Q9Y508, ZNF228,Homo sapiens
IUUC-Hsa-046280,ENSG00000124226.10,Q9Y508, ZNF313,Homo sapiens
IUUC-Hsa-046313,ENSG00000123091.4,Q9Y3C5,RNF11,Homo sapiens
IUUC-Hsa-046313,ENSG00000123091.4,Q9Y3C5, CGI-123,Homo sapiens
IUUC-Hsa-045756,ENSG00000239305.6,O00237,RNF103,Homo sapiens
IUUC-Hsa-045756,ENSG00000239305.6,O00237, ZFP103,Homo sapiens
IUUC-Hsa-046788,ENSG00000115392.11,Q9NW38,FANCL,Homo sapiens
IUUC-Hsa-046788,ENSG00000115392.11,Q9NW38, PHF9,Homo sapiens
IUUC-Hsa-046271,ENSG00000115289.13,Q9BSM1,PCGF1,Homo sapiens
IUUC-Hsa-046271,ENSG00000115289.13,Q9BSM1, NSPC1,Homo sapiens
IUUC-Hsa-046271,ENSG00000115289.13,Q9BSM1, RNF68,Homo sapiens
IUUC-Hsa-045801,ENSG00000113595.14,P36406,TRIM23,Homo sapiens
IUUC-Hsa-045801,ENSG00000113595.14,P36406, ARD1,Homo sapiens
IUUC-Hsa-045801,ENSG00000113595.14,P36406, ARFD1,Homo sapiens
IUUC-Hsa-045801,ENSG00000113595.14,P36406, RNF46,Homo sapiens
IUUC-Hsa-045769,ENSG00000110330.8,Q13490,BIRC2,Homo sapiens
IUUC-Hsa-045769,ENSG00000110330.8,Q13490, API1,Homo sapiens
IUUC-Hsa-045769,ENSG00000110330.8,Q13490, MIHB,Homo sapiens
IUUC-Hsa-045769,ENSG00000110330.8,Q13490, RNF48,Homo sapiens
IUUC-Hsa-045998,ENSG00000110042.7,Q9Y2E6,DTX4,Homo sapiens
IUUC-Hsa-045998,ENSG00000110042.7,Q9Y2E6, KIAA0937,Homo sapiens
IUUC-Hsa-045998,ENSG00000110042.7,Q9Y2E6, RNF155,Homo sapiens
IUUC-Hsa-046481,ENSG00000108733.9,O00623,PEX12,Homo sapiens
IUUC-Hsa-046481,ENSG00000108733.9,O00623, PAF3,Homo sapiens
IUUC-Hsa-045802,ENSG00000105428.5,Q8WWF5,ZNRF4,Homo sapiens
IUUC-Hsa-045802,ENSG00000105428.5,Q8WWF5, RNF204,Homo sapiens
IUUC-Hsa-046635,ENSG00000104142.10,Q9P253,VPS18,Homo sapiens
IUUC-Hsa-046635,ENSG00000104142.10,Q9P253, KIAA1475,Homo sapiens
IUUC-Hsa-046518,ENSG00000101695.8,Q96EQ8,RNF125,Homo sapiens
IUUC-Hsa-045766,ENSG00000185019.16,O94941,UBOX5,Homo sapiens
IUUC-Hsa-045766,ENSG00000185019.16,O94941, KIAA0860,Homo sapiens
IUUC-Hsa-045766,ENSG00000185019.16,O94941, RNF37,Homo sapiens
IUUC-Hsa-045766,ENSG00000185019.16,O94941, UBCE7IP5,Homo sapiens
IUUC-Hsa-045766,ENSG00000185019.16,O94941, UIP5,Homo sapiens
IUUC-Hsa-046413,ENSG00000101197.12,Q96CA5,BIRC7,Homo sapiens
IUUC-Hsa-046413,ENSG00000101197.12,Q96CA5, KIAP,Homo sapiens
IUUC-Hsa-046413,ENSG00000101197.12,Q96CA5, LIVIN,Homo sapiens
IUUC-Hsa-046413,ENSG00000101197.12,Q96CA5, MLIAP,Homo sapiens
IUUC-Hsa-046413,ENSG00000101197.12,Q96CA5, RNF50,Homo sapiens
IUUC-Hsa-046413,ENSG00000101197.12,Q96CA5, UNQ5800/PRO19607/PRO21344,Homo sapiens
IUUC-Hsa-046279,ENSG00000100387.8,P62877,RBX1,Homo sapiens
IUUC-Hsa-046279,ENSG00000100387.8,P62877, RNF75,Homo sapiens
IUUC-Hsa-046279,ENSG00000100387.8,P62877, ROC1,Homo sapiens
IUUC-Hsa-046914,ENSG00000081087.14,Q86WC4,OSTM1,Homo sapiens
IUUC-Hsa-046914,ENSG00000081087.14,Q86WC4, GL,Homo sapiens
IUUC-Hsa-046914,ENSG00000081087.14,Q86WC4, HSPC019,Homo sapiens
IUUC-Hsa-046914,ENSG00000081087.14,Q86WC4, UNQ6098/PRO21201,Homo sapiens
IUUC-Hsa-045673,ENSG00000278211.4,A0A0G2JPI4,NA,Homo sapiens
IUUC-Hsa-046789,ENSG00000274780.2,B7ZM65,PHRF1,Homo sapiens
IUUC-Hsa-046579,ENSG00000183718.5,Q96A61,TRIM52,Homo sapiens
IUUC-Hsa-046579,ENSG00000183718.5,Q96A61, RNF102,Homo sapiens
IUUC-Hsa-046242,ENSG00000269855.2,M0QZC1,RNF225,Homo sapiens
IUUC-Hsa-045796,ENSG00000221926.11,O95361,TRIM16,Homo sapiens
IUUC-Hsa-045796,ENSG00000221926.11,O95361, EBBP,Homo sapiens
IUUC-Hsa-046166,ENSG00000185880.12,Q86WT6,TRIM69,Homo sapiens
IUUC-Hsa-046166,ENSG00000185880.12,Q86WT6, RNF36,Homo sapiens
IUUC-Hsa-046166,ENSG00000185880.12,Q86WT6, HSD-34,Homo sapiens
IUUC-Hsa-046166,ENSG00000185880.12,Q86WT6, HSD34,Homo sapiens
IUUC-Hsa-045770,ENSG00000226437.9,A0A140TA46,TRIM39,Homo sapiens
IUUC-Hsa-045987,ENSG00000232839.9,A0A0G2JKY0,TRIM39,Homo sapiens
IUUC-Hsa-045787,ENSG00000145860.11,Q96MT1-5,RNF145,Homo sapiens
IUUC-Hsa-046218,ENSG00000176979.12,Q495X7,TRIM60,Homo sapiens
IUUC-Hsa-046218,ENSG00000176979.12,Q495X7, RNF129,Homo sapiens
IUUC-Hsa-046218,ENSG00000176979.12,Q495X7, RNF33,Homo sapiens
IUUC-Hsa-046001,ENSG00000183474.15,Q6P1K8,GTF2H2C,Homo sapiens
IUUC-Hsa-046001,ENSG00000183474.15,Q6P1K8, GTF2H2C_2,Homo sapiens
IUUC-Hsa-046001,ENSG00000183474.15,Q6P1K8, GTF2H2D,Homo sapiens
IUUC-Hsa-046264,ENSG00000248710.1,H3BRJ5,RP11-432B6.3,Homo sapiens
IUUC-Hsa-046386,ENSG00000235022.8,Q9H2S5,RNF39,Homo sapiens
IUUC-Hsa-046386,ENSG00000235022.8,Q9H2S5, HZFW,Homo sapiens
IUUC-Hsa-046727,ENSG00000226402.8,NA,NA,Homo sapiens
IUUC-Hsa-046205,ENSG00000237330.2,E7ERA6,RNF223,Homo sapiens
IUUC-Hsa-046540,ENSG00000163121.9,Q96EH8,NEURL3,Homo sapiens
IUUC-Hsa-046540,ENSG00000163121.9,Q96EH8, LINCR,Homo sapiens
IUUC-Hsa-046223,ENSG00000237733.8,A0A140T8Y9,RNF39,Homo sapiens
IUUC-Hsa-046260,ENSG00000229346.8,Q9UDY6,TRIM10,Homo sapiens
IUUC-Hsa-046260,ENSG00000229346.8,Q9UDY6, RFB30,Homo sapiens
IUUC-Hsa-046260,ENSG00000229346.8,Q9UDY6, RNF9,Homo sapiens
IUUC-Hsa-046241,ENSG00000251258.1,Q6ZWI9,RFPL4B,Homo sapiens
IUUC-Hsa-046241,ENSG00000251258.1,Q6ZWI9, RNF211,Homo sapiens
IUUC-Hsa-046724,ENSG00000214078.12,F2Z2V0,CPNE1,Homo sapiens
IUUC-Hsa-046561,ENSG00000235631.1,Q8N7C7,RNF148,Homo sapiens
IUUC-Hsa-045892,ENSG00000233573.9,NA,NA,Homo sapiens
IUUC-Hsa-045667,ENSG00000178222.12,Q495C1,RNF212,Homo sapiens
IUUC-Hsa-045662,ENSG00000227458.8,A0A0G2JIV5,TRIM40,Homo sapiens
IUUC-Hsa-046266,ENSG00000235905.8,A0A0G2JJP1,TRIM15,Homo sapiens
IUUC-Hsa-046211,ENSG00000236399.7,A0A0G2JMU7,TRIM40,Homo sapiens
IUUC-Hsa-046301,ENSG00000230467.8,A0A140T901,RNF39,Homo sapiens
IUUC-Hsa-046515,ENSG00000150244.11,Q8IWZ4,TRIM48,Homo sapiens
IUUC-Hsa-046515,ENSG00000150244.11,Q8IWZ4, RNF101,Homo sapiens
IUUC-Hsa-045890,ENSG00000215277.8,A8MTL3,RNF212B,Homo sapiens
IUUC-Hsa-045890,ENSG00000215277.8,A8MTL3, C14orf164,Homo sapiens
IUUC-Hsa-046317,ENSG00000189051.5,A6NCQ9,RNF222,Homo sapiens
IUUC-Hsa-046592,ENSG00000154359.12,Q17RB8,LONRF1,Homo sapiens
IUUC-Hsa-046592,ENSG00000154359.12,Q17RB8, RNF191,Homo sapiens
IUUC-Hsa-046451,ENSG00000159579.13,Q96DX4,RSPRY1,Homo sapiens
IUUC-Hsa-046451,ENSG00000159579.13,Q96DX4, KIAA1972,Homo sapiens
IUUC-Hsa-046451,ENSG00000159579.13,Q96DX4, UNQ328/PRO444,Homo sapiens
IUUC-Hsa-045858,ENSG00000206500.9,Q9H2S5-2,RNF39,Homo sapiens
IUUC-Hsa-045858,ENSG00000206500.9,Q9H2S5-2, HZFW,Homo sapiens
IUUC-Hsa-046834,ENSG00000099999.14,Q9Y6U7,RNF215,Homo sapiens
IUUC-Hsa-046993,ENSG00000204610.12,Q9C019-2,TRIM15,Homo sapiens
IUUC-Hsa-046993,ENSG00000204610.12,Q9C019-2, RNF93,Homo sapiens
IUUC-Hsa-046993,ENSG00000204610.12,Q9C019-2, ZNF178,Homo sapiens
IUUC-Hsa-046993,ENSG00000204610.12,Q9C019-2, ZNFB7,Homo sapiens
IUUC-Hsa-045695,ENSG00000175556.16,Q496Y0,LONRF3,Homo sapiens
IUUC-Hsa-045695,ENSG00000175556.16,Q496Y0, RNF127,Homo sapiens
IUUC-Hsa-046978,ENSG00000162722.8,Q8NG06,TRIM58,Homo sapiens
IUUC-Hsa-045761,ENSG00000156463.17,Q8TEC5,SH3RF2,Homo sapiens
IUUC-Hsa-045761,ENSG00000156463.17,Q8TEC5, PPP1R39,Homo sapiens
IUUC-Hsa-045761,ENSG00000156463.17,Q8TEC5, RNF158,Homo sapiens
IUUC-Hsa-046467,ENSG00000137397.18,NA,NA,Homo sapiens
IUUC-Hsa-046067,ENSG00000145428.14,Q8N4F7,RNF175,Homo sapiens
IUUC-Hsa-046915,ENSG00000184108.7,Q8N9V2,TRIML1,Homo sapiens
IUUC-Hsa-046915,ENSG00000184108.7,Q8N9V2, RNF209,Homo sapiens
IUUC-Hsa-046098,ENSG00000183439.7,Q5EBN2,TRIM61,Homo sapiens
IUUC-Hsa-046098,ENSG00000183439.7,Q5EBN2, RNF35,Homo sapiens
IUUC-Hsa-046642,ENSG00000153207.14,Q8WYP5-3,AHCTF1,Homo sapiens
IUUC-Hsa-046642,ENSG00000153207.14,Q8WYP5-3, ELYS,Homo sapiens
IUUC-Hsa-046642,ENSG00000153207.14,Q8WYP5-3, TMBS62,Homo sapiens
IUUC-Hsa-046642,ENSG00000153207.14,Q8WYP5-3, MSTP108,Homo sapiens
IUUC-Hsa-045999,ENSG00000105982.16,Q9H0A6,RNF32,Homo sapiens
IUUC-Hsa-045999,ENSG00000105982.16,Q9H0A6, FKSG33,Homo sapiens
IUUC-Hsa-045999,ENSG00000105982.16,Q9H0A6, HSD15,Homo sapiens
IUUC-Hsa-046337,ENSG00000147573.16,Q9BYV6,TRIM55,Homo sapiens
IUUC-Hsa-046337,ENSG00000147573.16,Q9BYV6, MURF2,Homo sapiens
IUUC-Hsa-046337,ENSG00000147573.16,Q9BYV6, RNF29,Homo sapiens
IUUC-Hsa-046982,ENSG00000163820.14,Q9BQS8,FYCO1,Homo sapiens
IUUC-Hsa-046982,ENSG00000163820.14,Q9BQS8, ZFYVE7,Homo sapiens
IUUC-Hsa-046191,ENSG00000163162.8,Q8NC42,RNF149,Homo sapiens
IUUC-Hsa-046191,ENSG00000163162.8,Q8NC42, DNAPTP2,Homo sapiens
IUUC-Hsa-046064,ENSG00000154493.17,Q96M02,C10orf90,Homo sapiens
IUUC-Hsa-046064,ENSG00000154493.17,Q96M02, FATS,Homo sapiens
IUUC-Hsa-046828,ENSG00000153561.12,Q9H871,RMND5A,Homo sapiens
IUUC-Hsa-046830,ENSG00000146083.11,Q7L0R7,RNF44,Homo sapiens
IUUC-Hsa-046830,ENSG00000146083.11,Q7L0R7, KIAA1100,Homo sapiens
IUUC-Hsa-046478,ENSG00000146054.17,Q9C029,TRIM7,Homo sapiens
IUUC-Hsa-046478,ENSG00000146054.17,Q9C029, GNIP,Homo sapiens
IUUC-Hsa-046478,ENSG00000146054.17,Q9C029, RNF90,Homo sapiens
IUUC-Hsa-046864,ENSG00000141622.13,Q6ZSG1,RNF165,Homo sapiens
IUUC-Hsa-047019,ENSG00000141576.14,Q96PX1,RNF157,Homo sapiens
IUUC-Hsa-047019,ENSG00000141576.14,Q96PX1, KIAA1917,Homo sapiens
IUUC-Hsa-046200,ENSG00000139218.17,F8W6K1,SCAF11,Homo sapiens
IUUC-Hsa-046252,ENSG00000076604.14,Q9BUZ4,TRAF4,Homo sapiens
IUUC-Hsa-046252,ENSG00000076604.14,Q9BUZ4, CART1,Homo sapiens
IUUC-Hsa-046252,ENSG00000076604.14,Q9BUZ4, MLN62,Homo sapiens
IUUC-Hsa-046252,ENSG00000076604.14,Q9BUZ4, RNF83,Homo sapiens
IUUC-Hsa-046314,ENSG00000135119.14,Q96EX2,RNFT2,Homo sapiens
IUUC-Hsa-046314,ENSG00000135119.14,Q96EX2, TMEM118,Homo sapiens
IUUC-Hsa-046268,ENSG00000141552.17,Q9NYG5,ANAPC11,Homo sapiens
IUUC-Hsa-046268,ENSG00000141552.17,Q9NYG5, HSPC214,Homo sapiens
IUUC-Hsa-045682,ENSG00000004897.11,P30260,CDC27,Homo sapiens
IUUC-Hsa-045682,ENSG00000004897.11,P30260, ANAPC3,Homo sapiens
IUUC-Hsa-045682,ENSG00000004897.11,P30260, D0S1430E,Homo sapiens
IUUC-Hsa-045682,ENSG00000004897.11,P30260, D17S978E,Homo sapiens
IUUC-Hsa-046617,ENSG00000129055.12,Q9BS18,ANAPC13,Homo sapiens
IUUC-Hsa-046971,ENSG00000164162.12,Q9UM13,ANAPC10,Homo sapiens
IUUC-Hsa-046971,ENSG00000164162.12,Q9UM13, APC10,Homo sapiens
IUUC-Hsa-046926,ENSG00000196510.12,Q9UJX3,ANAPC7,Homo sapiens
IUUC-Hsa-046926,ENSG00000196510.12,Q9UJX3, APC7,Homo sapiens
IUUC-Hsa-045713,ENSG00000094880.10,Q9UJX2,CDC23,Homo sapiens
IUUC-Hsa-045713,ENSG00000094880.10,Q9UJX2, ANAPC8,Homo sapiens
IUUC-Hsa-046899,ENSG00000176386.8,Q8NHZ8,CDC26,Homo sapiens
IUUC-Hsa-046899,ENSG00000176386.8,Q8NHZ8, ANAPC12,Homo sapiens
IUUC-Hsa-046899,ENSG00000176386.8,Q8NHZ8, C9orf17,Homo sapiens
IUUC-Hsa-045774,ENSG00000153107.11,Q9H1A4,ANAPC1,Homo sapiens
IUUC-Hsa-045774,ENSG00000153107.11,Q9H1A4, TSG24,Homo sapiens
IUUC-Hsa-045663,ENSG00000176248.8,Q9UJX6,ANAPC2,Homo sapiens
IUUC-Hsa-045663,ENSG00000176248.8,Q9UJX6, APC2,Homo sapiens
IUUC-Hsa-045663,ENSG00000176248.8,Q9UJX6, KIAA1406,Homo sapiens
IUUC-Hsa-046958,ENSG00000053900.10,Q9UJX5,ANAPC4,Homo sapiens
IUUC-Hsa-046958,ENSG00000053900.10,Q9UJX5, APC4,Homo sapiens
IUUC-Hsa-047014,ENSG00000089053.12,Q9UJX4,ANAPC5,Homo sapiens
IUUC-Hsa-047014,ENSG00000089053.12,Q9UJX4, APC5,Homo sapiens
IUUC-Hsa-046186,ENSG00000130177.14,Q13042,CDC16,Homo sapiens
IUUC-Hsa-046186,ENSG00000130177.14,Q13042, ANAPC6,Homo sapiens
IUUC-Hsa-046151,ENSG00000114850.6,C9JA28,SSR3,Homo sapiens
IUUC-Hsa-046018,ENSG00000261609.4,Q9H2C0,GAN,Homo sapiens
IUUC-Hsa-046018,ENSG00000261609.4,Q9H2C0, GAN1,Homo sapiens
IUUC-Hsa-046018,ENSG00000261609.4,Q9H2C0, KLHL16,Homo sapiens
IUUC-Hsa-046262,ENSG00000183826.16,Q96Q07,BTBD9,Homo sapiens
IUUC-Hsa-046262,ENSG00000183826.16,Q96Q07, KIAA1880,Homo sapiens
IUUC-Hsa-046394,ENSG00000234438.3,C9JR72,KBTBD13,Homo sapiens
IUUC-Hsa-045835,ENSG00000121067.17,O43791,SPOP,Homo sapiens
IUUC-Hsa-046283,ENSG00000087448.9,Q9P2K6,KLHL42,Homo sapiens
IUUC-Hsa-046283,ENSG00000087448.9,Q9P2K6, KIAA1340,Homo sapiens
IUUC-Hsa-046283,ENSG00000087448.9,Q9P2K6, KLHDC5,Homo sapiens
IUUC-Hsa-046502,ENSG00000120696.8,Q8WVZ9,KBTBD7,Homo sapiens
IUUC-Hsa-047023,ENSG00000136144.11,Q8NDN9,RCBTB1,Homo sapiens
IUUC-Hsa-047023,ENSG00000136144.11,Q8NDN9, CLLD7,Homo sapiens
IUUC-Hsa-047023,ENSG00000136144.11,Q8NDN9, E4.5,Homo sapiens
IUUC-Hsa-045834,ENSG00000162413.16,Q9UJP4,KLHL21,Homo sapiens
IUUC-Hsa-045834,ENSG00000162413.16,Q9UJP4, KIAA0469,Homo sapiens
IUUC-Hsa-046742,ENSG00000117153.15,Q53G59,KLHL12,Homo sapiens
IUUC-Hsa-046742,ENSG00000117153.15,Q53G59, C3IP1,Homo sapiens
IUUC-Hsa-046683,ENSG00000198642.6,Q9P2J3,KLHL9,Homo sapiens
IUUC-Hsa-046683,ENSG00000198642.6,Q9P2J3, KIAA1354,Homo sapiens
IUUC-Hsa-047034,ENSG00000122550.17,Q8IXQ5,KLHL7,Homo sapiens
IUUC-Hsa-046621,ENSG00000187961.13,Q6TDP4,KLHL17,Homo sapiens
IUUC-Hsa-045984,ENSG00000099910.16,Q53GT1,KLHL22,Homo sapiens
IUUC-Hsa-046817,ENSG00000178502.5,Q9NVR0,KLHL11,Homo sapiens
IUUC-Hsa-046717,ENSG00000146021.14,Q9UH77,KLHL3,Homo sapiens
IUUC-Hsa-046717,ENSG00000146021.14,Q9UH77, KIAA1129,Homo sapiens
IUUC-Hsa-047022,ENSG00000161594.6,Q6JEL2,KLHL10,Homo sapiens
IUUC-Hsa-046235,ENSG00000157119.11,Q2TBA0,KLHL40,Homo sapiens
IUUC-Hsa-046235,ENSG00000157119.11,Q2TBA0, KBTBD5,Homo sapiens
IUUC-Hsa-046235,ENSG00000157119.11,Q2TBA0, SRYP,Homo sapiens
IUUC-Hsa-046620,ENSG00000239474.6,O60662,KLHL41,Homo sapiens
IUUC-Hsa-046620,ENSG00000239474.6,O60662, KBTBD10,Homo sapiens
IUUC-Hsa-046620,ENSG00000239474.6,O60662, KRP1,Homo sapiens
IUUC-Hsa-046025,ENSG00000145332.13,Q9P2G9,KLHL8,Homo sapiens
IUUC-Hsa-046025,ENSG00000145332.13,Q9P2G9, KIAA1378,Homo sapiens
IUUC-Hsa-046694,ENSG00000003096.13,Q9P2N7,KLHL13,Homo sapiens
IUUC-Hsa-046694,ENSG00000003096.13,Q9P2N7, BKLHD2,Homo sapiens
IUUC-Hsa-046694,ENSG00000003096.13,Q9P2N7, KIAA1309,Homo sapiens
IUUC-Hsa-046265,ENSG00000109466.13,O95198,KLHL2,Homo sapiens
IUUC-Hsa-046641,ENSG00000076321.10,Q9Y2M5,KLHL20,Homo sapiens
IUUC-Hsa-046641,ENSG00000076321.10,Q9Y2M5, KLEIP,Homo sapiens
IUUC-Hsa-046255,ENSG00000079999.13,Q14145,KEAP1,Homo sapiens
IUUC-Hsa-046255,ENSG00000079999.13,Q14145, INRF2,Homo sapiens
IUUC-Hsa-046255,ENSG00000079999.13,Q14145, KIAA0132,Homo sapiens
IUUC-Hsa-046255,ENSG00000079999.13,Q14145, KLHL19,Homo sapiens
IUUC-Hsa-045757,ENSG00000197429.10,Q9Y573,IPP,Homo sapiens
IUUC-Hsa-045757,ENSG00000197429.10,Q9Y573, KLHL27,Homo sapiens
IUUC-Hsa-047037,ENSG00000109790.16,Q96PQ7-2,KLHL5,Homo sapiens
IUUC-Hsa-046387,ENSG00000165572.7,Q86V97,KBTBD6,Homo sapiens
IUUC-Hsa-045726,ENSG00000150361.11,Q9NR64,KLHL1,Homo sapiens
IUUC-Hsa-045726,ENSG00000150361.11,Q9NR64, KIAA1490,Homo sapiens
IUUC-Hsa-046486,ENSG00000102271.13,Q9C0H6-2,KLHL4,Homo sapiens
IUUC-Hsa-046486,ENSG00000102271.13,Q9C0H6-2, KIAA1687,Homo sapiens
IUUC-Hsa-046199,ENSG00000179454.13,J3KNY7,KLHL28,Homo sapiens
IUUC-Hsa-046199,ENSG00000179454.13,J3KNY7, BTBD5,Homo sapiens
IUUC-Hsa-046199,ENSG00000179454.13,J3KNY7, hCG_20873,Homo sapiens
IUUC-Hsa-046120,ENSG00000172578.11,Q8WZ60,KLHL6,Homo sapiens
IUUC-Hsa-046494,ENSG00000183655.12,Q9H0H3,KLHL25,Homo sapiens
IUUC-Hsa-046494,ENSG00000183655.12,Q9H0H3, ENC2,Homo sapiens
IUUC-Hsa-045672,ENSG00000175946.8,Q2WGJ6,KLHL38,Homo sapiens
IUUC-Hsa-045672,ENSG00000175946.8,Q2WGJ6, C8orfK36,Homo sapiens
IUUC-Hsa-046816,ENSG00000170852.10,Q8IY47,KBTBD2,Homo sapiens
IUUC-Hsa-046816,ENSG00000170852.10,Q8IY47, BKLHD1,Homo sapiens
IUUC-Hsa-046816,ENSG00000170852.10,Q8IY47, KIAA1489,Homo sapiens
IUUC-Hsa-046816,ENSG00000170852.10,Q8IY47, CGI-73,Homo sapiens
IUUC-Hsa-046983,ENSG00000171617.13,O14682,ENC1,Homo sapiens
IUUC-Hsa-046983,ENSG00000171617.13,O14682, KLHL37,Homo sapiens
IUUC-Hsa-046983,ENSG00000171617.13,O14682, NRPB,Homo sapiens
IUUC-Hsa-046983,ENSG00000171617.13,O14682, PIG10,Homo sapiens
IUUC-Hsa-045729,ENSG00000144228.8,Q6IQ16,SPOPL,Homo sapiens
IUUC-Hsa-046231,ENSG00000213160.9,Q8NBE8,KLHL23,Homo sapiens
IUUC-Hsa-046510,ENSG00000114796.15,Q6TFL4,KLHL24,Homo sapiens
IUUC-Hsa-046510,ENSG00000114796.15,Q6TFL4, DRE1,Homo sapiens
IUUC-Hsa-046437,ENSG00000114648.11,O94889,KLHL18,Homo sapiens
IUUC-Hsa-046437,ENSG00000114648.11,O94889, KIAA0795,Homo sapiens
IUUC-Hsa-046437,ENSG00000114648.11,O94889, OK/SW-cl.74,Homo sapiens
IUUC-Hsa-046819,ENSG00000108094.14,Q13617,CUL2,Homo sapiens
IUUC-Hsa-046034,ENSG00000055130.15,Q13616,CUL1,Homo sapiens
IUUC-Hsa-046848,ENSG00000158290.16,Q13620,CUL4B,Homo sapiens
IUUC-Hsa-046848,ENSG00000158290.16,Q13620, KIAA0695,Homo sapiens
IUUC-Hsa-045974,ENSG00000166266.13,Q93034,CUL5,Homo sapiens
IUUC-Hsa-045974,ENSG00000166266.13,Q93034, VACM1,Homo sapiens
IUUC-Hsa-045679,ENSG00000139842.14,Q13619,CUL4A,Homo sapiens
IUUC-Hsa-045663,ENSG00000176248.8,Q9UJX6,ANAPC2,Homo sapiens
IUUC-Hsa-045663,ENSG00000176248.8,Q9UJX6, APC2,Homo sapiens
IUUC-Hsa-045663,ENSG00000176248.8,Q9UJX6, KIAA1406,Homo sapiens
IUUC-Hsa-046406,ENSG00000044090.8,Q14999,CUL7,Homo sapiens
IUUC-Hsa-046406,ENSG00000044090.8,Q14999, KIAA0076,Homo sapiens
IUUC-Hsa-046000,ENSG00000036257.12,Q13618,CUL3,Homo sapiens
IUUC-Hsa-046000,ENSG00000036257.12,Q13618, KIAA0617,Homo sapiens
IUUC-Hsa-046690,ENSG00000112659.13,Q8IWT3,CUL9,Homo sapiens
IUUC-Hsa-046690,ENSG00000112659.13,Q8IWT3, H7AP1,Homo sapiens
IUUC-Hsa-046690,ENSG00000112659.13,Q8IWT3, KIAA0708,Homo sapiens
IUUC-Hsa-046690,ENSG00000112659.13,Q8IWT3, PARC,Homo sapiens
IUUC-Hsa-046632,ENSG00000281089.2,Q676U5,ATG16L1,Homo sapiens
IUUC-Hsa-046632,ENSG00000281089.2,Q676U5, APG16L,Homo sapiens
IUUC-Hsa-046632,ENSG00000281089.2,Q676U5, UNQ9393/PRO34307,Homo sapiens
IUUC-Hsa-046015,ENSG00000136485.14,P61962,DCAF7,Homo sapiens
IUUC-Hsa-046015,ENSG00000136485.14,P61962, HAN11,Homo sapiens
IUUC-Hsa-046015,ENSG00000136485.14,P61962, WDR68,Homo sapiens
IUUC-Hsa-045668,ENSG00000119402.16,Q9UKT8,FBXW2,Homo sapiens
IUUC-Hsa-045668,ENSG00000119402.16,Q9UKT8, FBW2,Homo sapiens
IUUC-Hsa-045668,ENSG00000119402.16,Q9UKT8, FWD2,Homo sapiens
IUUC-Hsa-046061,ENSG00000100897.17,Q8TEB1,DCAF11,Homo sapiens
IUUC-Hsa-046061,ENSG00000100897.17,Q8TEB1, WDR23,Homo sapiens
IUUC-Hsa-046061,ENSG00000100897.17,Q8TEB1, GL014,Homo sapiens
IUUC-Hsa-046061,ENSG00000100897.17,Q8TEB1, PRO2389,Homo sapiens
IUUC-Hsa-046549,ENSG00000140332.15,Q04726,TLE3,Homo sapiens
IUUC-Hsa-046549,ENSG00000140332.15,Q04726, KIAA1547,Homo sapiens
IUUC-Hsa-045839,ENSG00000140395.8,Q9GZS3,WDR61,Homo sapiens
IUUC-Hsa-046377,ENSG00000258465.6,Q5TAQ9,RP11-574F21.3,Homo sapiens
IUUC-Hsa-046377,ENSG00000258465.6,Q5TAQ9, DCAF8,Homo sapiens
IUUC-Hsa-046377,ENSG00000258465.6,Q5TAQ9, H326,Homo sapiens
IUUC-Hsa-046377,ENSG00000258465.6,Q5TAQ9, WDR42A,Homo sapiens
IUUC-Hsa-046344,ENSG00000176871.8,Q9NYS7,WSB2,Homo sapiens
IUUC-Hsa-046809,ENSG00000204628.11,P63244,RACK1,Homo sapiens
IUUC-Hsa-046809,ENSG00000204628.11,P63244, GNB2L1,Homo sapiens
IUUC-Hsa-046809,ENSG00000204628.11,P63244, HLC7,Homo sapiens
IUUC-Hsa-046809,ENSG00000204628.11,P63244, PIG21,Homo sapiens
IUUC-Hsa-046528,ENSG00000144021.2,O76071,CIAO1,Homo sapiens
IUUC-Hsa-046528,ENSG00000144021.2,O76071, WDR39,Homo sapiens
IUUC-Hsa-045708,ENSG00000110497.14,Q9C0C7,AMBRA1,Homo sapiens
IUUC-Hsa-045708,ENSG00000110497.14,Q9C0C7, KIAA1736,Homo sapiens
IUUC-Hsa-046516,ENSG00000103657.13,Q15751,HERC1,Homo sapiens
IUUC-Hsa-046128,ENSG00000073536.17,Q9NVX2,NLE1,Homo sapiens
IUUC-Hsa-046128,ENSG00000073536.17,Q9NVX2, HUSSY-07,Homo sapiens
IUUC-Hsa-046488,ENSG00000177565.16,Q9BZK7,TBL1XR1,Homo sapiens
IUUC-Hsa-046488,ENSG00000177565.16,Q9BZK7, IRA1,Homo sapiens
IUUC-Hsa-046488,ENSG00000177565.16,Q9BZK7, TBLR1,Homo sapiens
IUUC-Hsa-046935,ENSG00000145041.15,Q9Y4B6,DCAF1,Homo sapiens
IUUC-Hsa-046935,ENSG00000145041.15,Q9Y4B6, VPRBP,Homo sapiens
IUUC-Hsa-046935,ENSG00000145041.15,Q9Y4B6, KIAA0800,Homo sapiens
IUUC-Hsa-046935,ENSG00000145041.15,Q9Y4B6, RIP,Homo sapiens
IUUC-Hsa-046838,ENSG00000162923.14,Q9H7D7,WDR26,Homo sapiens
IUUC-Hsa-046838,ENSG00000162923.14,Q9H7D7, CDW2,Homo sapiens
IUUC-Hsa-046838,ENSG00000162923.14,Q9H7D7, MIP2,Homo sapiens
IUUC-Hsa-046838,ENSG00000162923.14,Q9H7D7, PRO0852,Homo sapiens
IUUC-Hsa-046975,ENSG00000136045.11,Q13610,PWP1,Homo sapiens
IUUC-Hsa-046807,ENSG00000137055.14,Q9Y263,PLAA,Homo sapiens
IUUC-Hsa-046807,ENSG00000137055.14,Q9Y263, PLAP,Homo sapiens
IUUC-Hsa-046358,ENSG00000007168.12,P43034,PAFAH1B1,Homo sapiens
IUUC-Hsa-046358,ENSG00000007168.12,P43034, LIS1,Homo sapiens
IUUC-Hsa-046358,ENSG00000007168.12,P43034, MDCR,Homo sapiens
IUUC-Hsa-046358,ENSG00000007168.12,P43034, MDS,Homo sapiens
IUUC-Hsa-046358,ENSG00000007168.12,P43034, PAFAHA,Homo sapiens
IUUC-Hsa-046215,ENSG00000122692.8,Q2TAY7,SMU1,Homo sapiens
IUUC-Hsa-046221,ENSG00000171931.12,Q5XX13,FBXW10,Homo sapiens
IUUC-Hsa-046695,ENSG00000105325.13,Q9UM11,FZR1,Homo sapiens
IUUC-Hsa-046695,ENSG00000105325.13,Q9UM11, CDH1,Homo sapiens
IUUC-Hsa-046695,ENSG00000105325.13,Q9UM11, FYR,Homo sapiens
IUUC-Hsa-046695,ENSG00000105325.13,Q9UM11, FZR,Homo sapiens
IUUC-Hsa-046695,ENSG00000105325.13,Q9UM11, KIAA1242,Homo sapiens
IUUC-Hsa-045677,ENSG00000102054.17,Q16576,RBBP7,Homo sapiens
IUUC-Hsa-045677,ENSG00000102054.17,Q16576, RBAP46,Homo sapiens
IUUC-Hsa-045698,ENSG00000140854.12,Q9BVA0,KATNB1,Homo sapiens
IUUC-Hsa-046127,ENSG00000122741.15,Q5QP82,DCAF10,Homo sapiens
IUUC-Hsa-046127,ENSG00000122741.15,Q5QP82, WDR32,Homo sapiens
IUUC-Hsa-047011,ENSG00000196781.14,Q04724,TLE1,Homo sapiens
IUUC-Hsa-045683,ENSG00000162521.18,Q09028,RBBP4,Homo sapiens
IUUC-Hsa-045683,ENSG00000162521.18,Q09028, RBAP48,Homo sapiens
IUUC-Hsa-045962,ENSG00000166167.17,Q9Y297,BTRC,Homo sapiens
IUUC-Hsa-045962,ENSG00000166167.17,Q9Y297, BTRCP,Homo sapiens
IUUC-Hsa-045962,ENSG00000166167.17,Q9Y297, FBW1A,Homo sapiens
IUUC-Hsa-045962,ENSG00000166167.17,Q9Y297, FBXW1A,Homo sapiens
IUUC-Hsa-045971,ENSG00000148835.10,Q15542,TAF5,Homo sapiens
IUUC-Hsa-045971,ENSG00000148835.10,Q15542, TAF2D,Homo sapiens
IUUC-Hsa-045853,ENSG00000143207.19,Q8NHY2,RFWD2,Homo sapiens
IUUC-Hsa-045853,ENSG00000143207.19,Q8NHY2, COP1,Homo sapiens
IUUC-Hsa-045853,ENSG00000143207.19,Q8NHY2, RNF200,Homo sapiens
IUUC-Hsa-045862,ENSG00000143476.17,Q9NZJ0,DTL,Homo sapiens
IUUC-Hsa-045862,ENSG00000143476.17,Q9NZJ0, CDT2,Homo sapiens
IUUC-Hsa-045862,ENSG00000143476.17,Q9NZJ0, CDW1,Homo sapiens
IUUC-Hsa-045862,ENSG00000143476.17,Q9NZJ0, DCAF2,Homo sapiens
IUUC-Hsa-045862,ENSG00000143476.17,Q9NZJ0, L2DTL,Homo sapiens
IUUC-Hsa-045862,ENSG00000143476.17,Q9NZJ0, RAMP,Homo sapiens
IUUC-Hsa-046020,ENSG00000198876.12,Q5T6F0,DCAF12,Homo sapiens
IUUC-Hsa-046020,ENSG00000198876.12,Q5T6F0, KIAA1892,Homo sapiens
IUUC-Hsa-046020,ENSG00000198876.12,Q5T6F0, TCC52,Homo sapiens
IUUC-Hsa-046020,ENSG00000198876.12,Q5T6F0, WDR40A,Homo sapiens
IUUC-Hsa-045991,ENSG00000168411.13,Q6PCD5,RFWD3,Homo sapiens
IUUC-Hsa-045991,ENSG00000168411.13,Q6PCD5, RNF201,Homo sapiens
IUUC-Hsa-046290,ENSG00000196363.9,P61964,WDR5,Homo sapiens
IUUC-Hsa-046290,ENSG00000196363.9,P61964, BIG3,Homo sapiens
IUUC-Hsa-046746,ENSG00000119599.16,Q8WV16,DCAF4,Homo sapiens
IUUC-Hsa-046746,ENSG00000119599.16,Q8WV16, WDR21,Homo sapiens
IUUC-Hsa-046746,ENSG00000119599.16,Q8WV16, WDR21A,Homo sapiens
IUUC-Hsa-046752,ENSG00000139990.17,Q96JK2,DCAF5,Homo sapiens
IUUC-Hsa-046752,ENSG00000139990.17,Q96JK2, BCRG2,Homo sapiens
IUUC-Hsa-046752,ENSG00000139990.17,Q96JK2, KIAA1824,Homo sapiens
IUUC-Hsa-046752,ENSG00000139990.17,Q96JK2, WDR22,Homo sapiens
IUUC-Hsa-046346,ENSG00000187566.4,Q6VVB1,NHLRC1,Homo sapiens
IUUC-Hsa-046346,ENSG00000187566.4,Q6VVB1, EPM2B,Homo sapiens
IUUC-Hsa-045956,ENSG00000120253.13,Q8NFH3,NUP43,Homo sapiens
IUUC-Hsa-046350,ENSG00000185658.13,Q9NSI6,BRWD1,Homo sapiens
IUUC-Hsa-046350,ENSG00000185658.13,Q9NSI6, C21orf107,Homo sapiens
IUUC-Hsa-046350,ENSG00000185658.13,Q9NSI6, WDR9,Homo sapiens
IUUC-Hsa-046836,ENSG00000185798.7,Q7Z5U6,WDR53,Homo sapiens
IUUC-Hsa-046705,ENSG00000107829.13,P57775,FBXW4,Homo sapiens
IUUC-Hsa-046705,ENSG00000107829.13,P57775, FBW4,Homo sapiens
IUUC-Hsa-046705,ENSG00000107829.13,P57775, SHFM3,Homo sapiens
IUUC-Hsa-046956,ENSG00000196981.3,Q86VZ2,WDR5B,Homo sapiens
IUUC-Hsa-046117,ENSG00000131653.12,Q6Q0C0,TRAF7,Homo sapiens
IUUC-Hsa-046117,ENSG00000131653.12,Q6Q0C0, RFWD1,Homo sapiens
IUUC-Hsa-046117,ENSG00000131653.12,Q6Q0C0, RNF119,Homo sapiens
IUUC-Hsa-045701,ENSG00000159069.13,Q969U6,FBXW5,Homo sapiens
IUUC-Hsa-045701,ENSG00000159069.13,Q969U6, FBW5,Homo sapiens
IUUC-Hsa-045701,ENSG00000159069.13,Q969U6, PP3971,Homo sapiens
IUUC-Hsa-046622,ENSG00000142784.15,Q8N5D0,WDTC1,Homo sapiens
IUUC-Hsa-046622,ENSG00000142784.15,Q8N5D0, KIAA1037,Homo sapiens
IUUC-Hsa-047026,ENSG00000139323.13,Q8TC44,POC1B,Homo sapiens
IUUC-Hsa-047026,ENSG00000139323.13,Q8TC44, WDR51B,Homo sapiens
IUUC-Hsa-045743,ENSG00000143164.15,Q58WW2,DCAF6,Homo sapiens
IUUC-Hsa-045743,ENSG00000143164.15,Q58WW2, IQWD1,Homo sapiens
IUUC-Hsa-045743,ENSG00000143164.15,Q58WW2, MSTP055,Homo sapiens
IUUC-Hsa-046305,ENSG00000117399.13,Q12834,CDC20,Homo sapiens
IUUC-Hsa-046240,ENSG00000174989.12,Q8N3Y1,FBXW8,Homo sapiens
IUUC-Hsa-046240,ENSG00000174989.12,Q8N3Y1, FBW6,Homo sapiens
IUUC-Hsa-046240,ENSG00000174989.12,Q8N3Y1, FBW8,Homo sapiens
IUUC-Hsa-046240,ENSG00000174989.12,Q8N3Y1, FBX29,Homo sapiens
IUUC-Hsa-046240,ENSG00000174989.12,Q8N3Y1, FBXO29,Homo sapiens
IUUC-Hsa-046240,ENSG00000174989.12,Q8N3Y1, FBXW6,Homo sapiens
IUUC-Hsa-046432,ENSG00000172354.9,P62879,GNB2,Homo sapiens
IUUC-Hsa-045710,ENSG00000114742.13,Q8TAF3,WDR48,Homo sapiens
IUUC-Hsa-045710,ENSG00000114742.13,Q8TAF3, KIAA1449,Homo sapiens
IUUC-Hsa-045710,ENSG00000114742.13,Q8TAF3, UAF1,Homo sapiens
IUUC-Hsa-046843,ENSG00000164934.13,Q9NV06,DCAF13,Homo sapiens
IUUC-Hsa-046843,ENSG00000164934.13,Q9NV06, WDSOF1,Homo sapiens
IUUC-Hsa-046843,ENSG00000164934.13,Q9NV06, HSPC064,Homo sapiens
IUUC-Hsa-045866,ENSG00000164091.11,Q6UXN9,WDR82,Homo sapiens
IUUC-Hsa-045866,ENSG00000164091.11,Q6UXN9, TMEM113,Homo sapiens
IUUC-Hsa-045866,ENSG00000164091.11,Q6UXN9, WDR82A,Homo sapiens
IUUC-Hsa-045866,ENSG00000164091.11,Q6UXN9, UNQ9342/PRO34047,Homo sapiens
IUUC-Hsa-045898,ENSG00000109670.13,Q969H0,FBXW7,Homo sapiens
IUUC-Hsa-045898,ENSG00000109670.13,Q969H0, FBW7,Homo sapiens
IUUC-Hsa-045898,ENSG00000109670.13,Q969H0, FBX30,Homo sapiens
IUUC-Hsa-045898,ENSG00000109670.13,Q969H0, SEL10,Homo sapiens
IUUC-Hsa-046757,ENSG00000146247.13,Q8WWQ0,PHIP,Homo sapiens
IUUC-Hsa-046757,ENSG00000146247.13,Q8WWQ0, WDR11,Homo sapiens
IUUC-Hsa-046139,ENSG00000072803.17,Q9UKB1,FBXW11,Homo sapiens
IUUC-Hsa-046139,ENSG00000072803.17,Q9UKB1, BTRCP2,Homo sapiens
IUUC-Hsa-046139,ENSG00000072803.17,Q9UKB1, FBW1B,Homo sapiens
IUUC-Hsa-046139,ENSG00000072803.17,Q9UKB1, FBXW1B,Homo sapiens
IUUC-Hsa-046139,ENSG00000072803.17,Q9UKB1, KIAA0696,Homo sapiens
IUUC-Hsa-046028,ENSG00000049167.13,Q13216,ERCC8,Homo sapiens
IUUC-Hsa-046028,ENSG00000049167.13,Q13216, CKN1,Homo sapiens
IUUC-Hsa-046028,ENSG00000049167.13,Q13216, CSA,Homo sapiens
IUUC-Hsa-045894,ENSG00000117222.13,Q15291,RBBP5,Homo sapiens
IUUC-Hsa-045894,ENSG00000117222.13,Q15291, RBQ3,Homo sapiens
IUUC-Hsa-047021,ENSG00000092470.11,Q9H967,WDR76,Homo sapiens
IUUC-Hsa-045918,ENSG00000060688.12,Q96DI7,SNRNP40,Homo sapiens
IUUC-Hsa-045918,ENSG00000060688.12,Q96DI7, PRP8BP,Homo sapiens
IUUC-Hsa-045918,ENSG00000060688.12,Q96DI7, SFP38,Homo sapiens
IUUC-Hsa-045918,ENSG00000060688.12,Q96DI7, WDR57,Homo sapiens
IUUC-Hsa-046505,ENSG00000074266.18,O75530,EED,Homo sapiens
IUUC-Hsa-046801,ENSG00000065717.14,Q04725,TLE2,Homo sapiens
IUUC-Hsa-046300,ENSG00000109046.14,Q9Y6I7,WSB1,Homo sapiens
IUUC-Hsa-046300,ENSG00000109046.14,Q9Y6I7, SWIP1,Homo sapiens
IUUC-Hsa-046134,ENSG00000103091.14,Q6PJI9,WDR59,Homo sapiens
IUUC-Hsa-046134,ENSG00000103091.14,Q6PJI9, KIAA1923,Homo sapiens
IUUC-Hsa-046134,ENSG00000103091.14,Q6PJI9, FP977,Homo sapiens
IUUC-Hsa-046114,ENSG00000138442.9,Q9GZL7,WDR12,Homo sapiens
IUUC-Hsa-046354,ENSG00000134574.11,Q92466,DDB2,Homo sapiens
IUUC-Hsa-046021,ENSG00000105447.12,Q9BQ67,GRWD1,Homo sapiens
IUUC-Hsa-046021,ENSG00000105447.12,Q9BQ67, GRWD,Homo sapiens
IUUC-Hsa-046021,ENSG00000105447.12,Q9BQ67, KIAA1942,Homo sapiens
IUUC-Hsa-046021,ENSG00000105447.12,Q9BQ67, WDR28,Homo sapiens
IUUC-Hsa-045847,ENSG00000262246.5,P57737,CORO7,Homo sapiens
IUUC-Hsa-046036,ENSG00000110107.8,Q9UMS4,PRPF19,Homo sapiens
IUUC-Hsa-046036,ENSG00000110107.8,Q9UMS4, NMP200,Homo sapiens
IUUC-Hsa-046036,ENSG00000110107.8,Q9UMS4, PRP19,Homo sapiens
IUUC-Hsa-046036,ENSG00000110107.8,Q9UMS4, SNEV,Homo sapiens
IUUC-Hsa-045841,ENSG00000101849.15,O60907,TBL1X,Homo sapiens
IUUC-Hsa-045841,ENSG00000101849.15,O60907, TBL1,Homo sapiens
IUUC-Hsa-045678,ENSG00000101138.11,Q05048,CSTF1,Homo sapiens
IUUC-Hsa-046327,ENSG00000275464.4,A0A0B4J2E5,CH507-9B2.5,Homo sapiens
IUUC-Hsa-046327,ENSG00000275464.4,A0A0B4J2E5, LOC102724159,Homo sapiens
IUUC-Hsa-045904,ENSG00000122735.15,A0A087WWV9,DNAI1,Homo sapiens
IUUC-Hsa-046414,ENSG00000136918.7,A0A087X0D8,WDR38,Homo sapiens
IUUC-Hsa-045981,ENSG00000243710.7,A0A087WVY5,CFAP57,Homo sapiens
IUUC-Hsa-045722,ENSG00000175221.14,B9TWZ6,MED16,Homo sapiens
IUUC-Hsa-046835,ENSG00000132004.12,Q5XUX1-2,FBXW9,Homo sapiens
IUUC-Hsa-046835,ENSG00000132004.12,Q5XUX1-2, FBW9,Homo sapiens
IUUC-Hsa-046141,ENSG00000125746.15,O95834-3,EML2,Homo sapiens
IUUC-Hsa-046141,ENSG00000125746.15,O95834-3, EMAP2,Homo sapiens
IUUC-Hsa-046141,ENSG00000125746.15,O95834-3, EMAPL2,Homo sapiens
IUUC-Hsa-046335,ENSG00000065268.10,Q9BV38,WDR18,Homo sapiens
IUUC-Hsa-046087,ENSG00000171595.13,J3QRG2,DNAI2,Homo sapiens
IUUC-Hsa-046873,ENSG00000103426.12,P57737-3,CORO7-PAM16,Homo sapiens
IUUC-Hsa-046873,ENSG00000103426.12,P57737-3, CORO7,Homo sapiens
IUUC-Hsa-046319,ENSG00000261236.6,Q14137,BOP1,Homo sapiens
IUUC-Hsa-046319,ENSG00000261236.6,Q14137, KIAA0124,Homo sapiens
IUUC-Hsa-046048,ENSG00000183751.14,Q12788,TBL3,Homo sapiens
IUUC-Hsa-046048,ENSG00000183751.14,Q12788, SAZD,Homo sapiens
IUUC-Hsa-045750,ENSG00000103647.12,Q9UQ03,CORO2B,Homo sapiens
IUUC-Hsa-045750,ENSG00000103647.12,Q9UQ03, KIAA0925,Homo sapiens
IUUC-Hsa-046115,ENSG00000141076.17,H3BSH7,UTP4,Homo sapiens
IUUC-Hsa-046257,ENSG00000166415.14,H0YKE0,WDR72,Homo sapiens
IUUC-Hsa-046198,ENSG00000139350.11,Q8NHV4-3,NEDD1,Homo sapiens
IUUC-Hsa-046511,ENSG00000176473.13,Q64LD2,WDR25,Homo sapiens
IUUC-Hsa-045997,ENSG00000165521.15,Q05BV3-5,EML5,Homo sapiens
IUUC-Hsa-046787,ENSG00000188039.13,Q149M9,NWD1,Homo sapiens
IUUC-Hsa-046002,ENSG00000075188.8,Q8NFH4,NUP37,Homo sapiens
IUUC-Hsa-046771,ENSG00000120868.13,O14727,APAF1,Homo sapiens
IUUC-Hsa-046771,ENSG00000120868.13,O14727, KIAA0413,Homo sapiens
IUUC-Hsa-046289,ENSG00000161996.18,F8VUX9,WDR90,Homo sapiens
IUUC-Hsa-046552,ENSG00000175575.12,F5H0C4,PAAF1,Homo sapiens
IUUC-Hsa-046758,ENSG00000104093.13,Q8TDJ6-3,DMXL2,Homo sapiens
IUUC-Hsa-046758,ENSG00000104093.13,Q8TDJ6-3, KIAA0856,Homo sapiens
IUUC-Hsa-045950,ENSG00000172869.14,F5H269,DMXL1,Homo sapiens
IUUC-Hsa-045907,ENSG00000149499.11,Q32P44-2,EML3,Homo sapiens
IUUC-Hsa-046615,ENSG00000133316.15,Q6RFH5,WDR74,Homo sapiens
IUUC-Hsa-046615,ENSG00000133316.15,Q6RFH5, NSA1,Homo sapiens
IUUC-Hsa-046779,ENSG00000101146.12,E9PQ57,RAE1,Homo sapiens
IUUC-Hsa-046572,ENSG00000105339.10,E9PF32,DENND3,Homo sapiens
IUUC-Hsa-046720,ENSG00000164338.9,H0Y8P4,UTP15,Homo sapiens
IUUC-Hsa-045675,ENSG00000134987.11,Q8NI36,WDR36,Homo sapiens
IUUC-Hsa-046023,ENSG00000138674.16,D6REX3,SEC31A,Homo sapiens
IUUC-Hsa-045792,ENSG00000071127.16,O75083,WDR1,Homo sapiens
IUUC-Hsa-046037,ENSG00000171566.11,O43660,PLRG1,Homo sapiens
IUUC-Hsa-046264,ENSG00000248710.1,H3BRJ5,RP11-432B6.3,Homo sapiens
IUUC-Hsa-046859,ENSG00000187260.15,Q86TI4-4,WDR86,Homo sapiens
IUUC-Hsa-046233,ENSG00000132716.18,V9GY54,DCAF8,Homo sapiens
IUUC-Hsa-046352,ENSG00000137802.13,O60336,MAPKBP1,Homo sapiens
IUUC-Hsa-046352,ENSG00000137802.13,O60336, JNKBP1,Homo sapiens
IUUC-Hsa-046352,ENSG00000137802.13,O60336, KIAA0596,Homo sapiens
IUUC-Hsa-046367,ENSG00000251537.4,H0Y626,RP11-385D13.1,Homo sapiens
IUUC-Hsa-045992,ENSG00000175470.18,Q66LE6,PPP2R2D,Homo sapiens
IUUC-Hsa-045992,ENSG00000175470.18,Q66LE6, KIAA1541,Homo sapiens
IUUC-Hsa-045952,ENSG00000189186.10,P0C7V8,DCAF8L2,Homo sapiens
IUUC-Hsa-045952,ENSG00000189186.10,P0C7V8, WDR42C,Homo sapiens
IUUC-Hsa-046607,ENSG00000160796.16,Q6ZNJ1,NBEAL2,Homo sapiens
IUUC-Hsa-046607,ENSG00000160796.16,Q6ZNJ1, KIAA0540,Homo sapiens
IUUC-Hsa-046607,ENSG00000160796.16,Q6ZNJ1, UNQ253/PRO290,Homo sapiens
IUUC-Hsa-046316,ENSG00000144426.18,Q6ZS30,NBEAL1,Homo sapiens
IUUC-Hsa-046316,ENSG00000144426.18,Q6ZS30, ALS2CR16,Homo sapiens
IUUC-Hsa-046316,ENSG00000144426.18,Q6ZS30, ALS2CR17,Homo sapiens
IUUC-Hsa-046312,ENSG00000184465.15,A2RRH5-4,WDR27,Homo sapiens
IUUC-Hsa-046164,ENSG00000171804.10,E7ESW6,WDR87,Homo sapiens
IUUC-Hsa-046749,ENSG00000127837.9,C9JEH3,AAMP,Homo sapiens
IUUC-Hsa-046749,ENSG00000127837.9,C9JEH3, hCG_16292,Homo sapiens
IUUC-Hsa-046096,ENSG00000134759.13,Q6IA86-6,ELP2,Homo sapiens
IUUC-Hsa-046096,ENSG00000134759.13,Q6IA86-6, STATIP1,Homo sapiens
IUUC-Hsa-046477,ENSG00000226372.3,A6NGE4,DCAF8L1,Homo sapiens
IUUC-Hsa-046477,ENSG00000226372.3,A6NGE4, WDR42B,Homo sapiens
IUUC-Hsa-046795,ENSG00000141499.16,Q9BUR4,WRAP53,Homo sapiens
IUUC-Hsa-046795,ENSG00000141499.16,Q9BUR4, TCAB1,Homo sapiens
IUUC-Hsa-046795,ENSG00000141499.16,Q9BUR4, WDR79,Homo sapiens
IUUC-Hsa-046714,ENSG00000035681.7,Q92636-2,NSMAF,Homo sapiens
IUUC-Hsa-046714,ENSG00000035681.7,Q92636-2, FAN,Homo sapiens
IUUC-Hsa-046440,ENSG00000140153.17,A0A088AWN2,WDR20,Homo sapiens
IUUC-Hsa-046713,ENSG00000116852.14,O75037,KIF21B,Homo sapiens
IUUC-Hsa-046713,ENSG00000116852.14,O75037, KIAA0449,Homo sapiens
IUUC-Hsa-046610,ENSG00000110880.10,Q9ULV4-3,CORO1C,Homo sapiens
IUUC-Hsa-046610,ENSG00000110880.10,Q9ULV4-3, CRN2,Homo sapiens
IUUC-Hsa-046610,ENSG00000110880.10,Q9ULV4-3, CRNN4,Homo sapiens
IUUC-Hsa-046056,ENSG00000123154.11,Q9BRX9,WDR83,Homo sapiens
IUUC-Hsa-046056,ENSG00000123154.11,Q9BRX9, MORG1,Homo sapiens
IUUC-Hsa-045906,ENSG00000167716.18,Q562E7,WDR81,Homo sapiens
IUUC-Hsa-046371,ENSG00000126870.15,Q8WVS4,WDR60,Homo sapiens
IUUC-Hsa-047036,ENSG00000163811.11,Q15061,WDR43,Homo sapiens
IUUC-Hsa-047036,ENSG00000163811.11,Q15061, KIAA0007,Homo sapiens
IUUC-Hsa-047036,ENSG00000163811.11,Q15061, UTP5,Homo sapiens
IUUC-Hsa-046616,ENSG00000143924.18,B5MBZ0,EML4,Homo sapiens
IUUC-Hsa-045891,ENSG00000075702.16,O43379-4,WDR62,Homo sapiens
IUUC-Hsa-045891,ENSG00000075702.16,O43379-4, C19orf14,Homo sapiens
IUUC-Hsa-046084,ENSG00000085433.15,O94967-4,WDR47,Homo sapiens
IUUC-Hsa-046084,ENSG00000085433.15,O94967-4, KIAA0893,Homo sapiens
IUUC-Hsa-046963,ENSG00000215529.12,A0A096LNH2,EFCAB8,Homo sapiens
IUUC-Hsa-046038,ENSG00000085415.15,Q96EE3-1,SEH1L,Homo sapiens
IUUC-Hsa-046038,ENSG00000085415.15,Q96EE3-1, SEC13L,Homo sapiens
IUUC-Hsa-046038,ENSG00000085415.15,Q96EE3-1, SEH1,Homo sapiens
IUUC-Hsa-046844,ENSG00000032389.12,A8MUM1,TSSC1,Homo sapiens
IUUC-Hsa-046136,ENSG00000077380.15,Q13409,DYNC1I2,Homo sapiens
IUUC-Hsa-046136,ENSG00000077380.15,Q13409, DNCI2,Homo sapiens
IUUC-Hsa-046136,ENSG00000077380.15,Q13409, DNCIC2,Homo sapiens
IUUC-Hsa-046667,ENSG00000241322.9,O95170,CDRT1,Homo sapiens
IUUC-Hsa-046667,ENSG00000241322.9,O95170, C17orf1,Homo sapiens
IUUC-Hsa-046667,ENSG00000241322.9,O95170, C17orf1A,Homo sapiens
IUUC-Hsa-046667,ENSG00000241322.9,O95170, HREP,Homo sapiens
IUUC-Hsa-046574,ENSG00000283295.1,A0A087WSX6,CDRT1,Homo sapiens
IUUC-Hsa-046408,ENSG00000178252.17,A0A087X295,WDR6,Homo sapiens
IUUC-Hsa-046961,ENSG00000140006.11,Q96FK6,WDR89,Homo sapiens
IUUC-Hsa-046961,ENSG00000140006.11,Q96FK6, C14orf150,Homo sapiens
IUUC-Hsa-046961,ENSG00000140006.11,Q96FK6, MSTP050,Homo sapiens
IUUC-Hsa-046527,ENSG00000156475.18,Q00005-5,PPP2R2B,Homo sapiens
IUUC-Hsa-046846,ENSG00000283241.1,Q96MT7-2,AC026348.1,Homo sapiens
IUUC-Hsa-046846,ENSG00000283241.1,Q96MT7-2, CFAP44,Homo sapiens
IUUC-Hsa-046846,ENSG00000283241.1,Q96MT7-2, WDR52,Homo sapiens
IUUC-Hsa-045870,ENSG00000073350.13,Q6P1M3,LLGL2,Homo sapiens
IUUC-Hsa-046532,ENSG00000141580.15,Q5MNZ6,WDR45B,Homo sapiens
IUUC-Hsa-046532,ENSG00000141580.15,Q5MNZ6, WDR45L,Homo sapiens
IUUC-Hsa-046532,ENSG00000141580.15,Q5MNZ6, WIPI3,Homo sapiens
IUUC-Hsa-046341,ENSG00000090372.14,Q9NRL3-3,STRN4,Homo sapiens
IUUC-Hsa-046341,ENSG00000090372.14,Q9NRL3-3, ZIN,Homo sapiens
IUUC-Hsa-046612,ENSG00000143669.13,Q99698,LYST,Homo sapiens
IUUC-Hsa-046612,ENSG00000143669.13,Q99698, CHS,Homo sapiens
IUUC-Hsa-046612,ENSG00000143669.13,Q99698, CHS1,Homo sapiens
IUUC-Hsa-046565,ENSG00000157020.17,P55735-3,SEC13,Homo sapiens
IUUC-Hsa-046565,ENSG00000157020.17,P55735-3, D3S1231E,Homo sapiens
IUUC-Hsa-046565,ENSG00000157020.17,P55735-3, SEC13L1,Homo sapiens
IUUC-Hsa-046565,ENSG00000157020.17,P55735-3, SEC13R,Homo sapiens
IUUC-Hsa-046373,ENSG00000092377.13,Q9BQ87,TBL1Y,Homo sapiens
IUUC-Hsa-046373,ENSG00000092377.13,Q9BQ87, TBL1,Homo sapiens
IUUC-Hsa-046721,ENSG00000115761.15,Q9BSC4,NOL10,Homo sapiens
IUUC-Hsa-045939,ENSG00000164287.12,Q86Y33,CDC20B,Homo sapiens
IUUC-Hsa-045939,ENSG00000164287.12,Q86Y33, G6VTS76519,Homo sapiens
IUUC-Hsa-045763,ENSG00000172915.18,Q8NFP9-2,NBEA,Homo sapiens
IUUC-Hsa-045763,ENSG00000172915.18,Q8NFP9-2, BCL8B,Homo sapiens
IUUC-Hsa-045763,ENSG00000172915.18,Q8NFP9-2, KIAA1544,Homo sapiens
IUUC-Hsa-045763,ENSG00000172915.18,Q8NFP9-2, LYST2,Homo sapiens
IUUC-Hsa-046121,ENSG00000111845.4,Q9NWT1,PAK1IP1,Homo sapiens
IUUC-Hsa-046121,ENSG00000111845.4,Q9NWT1, PIP1,Homo sapiens
IUUC-Hsa-046121,ENSG00000111845.4,Q9NWT1, WDR84,Homo sapiens
IUUC-Hsa-046450,ENSG00000078369.17,P62873,GNB1,Homo sapiens
IUUC-Hsa-046407,ENSG00000101940.17,Q9H1Z4,WDR13,Homo sapiens
IUUC-Hsa-046461,ENSG00000106829.18,Q04727-3,TLE4,Homo sapiens
IUUC-Hsa-046461,ENSG00000106829.18,Q04727-3, GRG4,Homo sapiens
IUUC-Hsa-046461,ENSG00000106829.18,Q04727-3, KIAA1261,Homo sapiens
IUUC-Hsa-045804,ENSG00000136875.12,O43172,PRPF4,Homo sapiens
IUUC-Hsa-045804,ENSG00000136875.12,O43172, PRP4,Homo sapiens
IUUC-Hsa-046410,ENSG00000148225.15,Q8NA23,WDR31,Homo sapiens
IUUC-Hsa-046734,ENSG00000084623.11,Q13347,EIF3I,Homo sapiens
IUUC-Hsa-046734,ENSG00000084623.11,Q13347, EIF3S2,Homo sapiens
IUUC-Hsa-046734,ENSG00000084623.11,Q13347, TRIP1,Homo sapiens
IUUC-Hsa-045666,ENSG00000165288.10,Q6RI45,BRWD3,Homo sapiens
IUUC-Hsa-046030,ENSG00000119333.11,Q96EX3,WDR34,Homo sapiens
IUUC-Hsa-046119,ENSG00000198889.4,Q5VU92,DCAF12L1,Homo sapiens
IUUC-Hsa-046119,ENSG00000198889.4,Q5VU92, WDR40B,Homo sapiens
IUUC-Hsa-046857,ENSG00000152763.16,Q5VTH9,WDR78,Homo sapiens
IUUC-Hsa-046370,ENSG00000075826.16,Q9NQW1,SEC31B,Homo sapiens
IUUC-Hsa-046370,ENSG00000075826.16,Q9NQW1, SEC31L2,Homo sapiens
IUUC-Hsa-046602,ENSG00000168438.14,O60508,CDC40,Homo sapiens
IUUC-Hsa-046602,ENSG00000168438.14,O60508, EHB3,Homo sapiens
IUUC-Hsa-046602,ENSG00000168438.14,O60508, PRP17,Homo sapiens
IUUC-Hsa-046602,ENSG00000168438.14,O60508, PRPF17,Homo sapiens
IUUC-Hsa-045788,ENSG00000154473.17,O43684,BUB3,Homo sapiens
IUUC-Hsa-046078,ENSG00000122218.14,P53621-2,COPA,Homo sapiens
IUUC-Hsa-046660,ENSG00000135541.20,Q8N157,AHI1,Homo sapiens
IUUC-Hsa-046178,ENSG00000135801.9,O75529,TAF5L,Homo sapiens
IUUC-Hsa-046178,ENSG00000135801.9,O75529, PAF65B,Homo sapiens
IUUC-Hsa-046175,ENSG00000162843.17,B1ANS9,WDR64,Homo sapiens
IUUC-Hsa-046372,ENSG00000139116.18,Q7Z4S6,KIF21A,Homo sapiens
IUUC-Hsa-046372,ENSG00000139116.18,Q7Z4S6, KIAA1708,Homo sapiens
IUUC-Hsa-046372,ENSG00000139116.18,Q7Z4S6, KIF2,Homo sapiens
IUUC-Hsa-046362,ENSG00000198554.11,O75717,WDHD1,Homo sapiens
IUUC-Hsa-046362,ENSG00000198554.11,O75717, AND1,Homo sapiens
IUUC-Hsa-046326,ENSG00000198354.6,Q5VW00,DCAF12L2,Homo sapiens
IUUC-Hsa-046326,ENSG00000198354.6,Q5VW00, WDR40C,Homo sapiens
IUUC-Hsa-045910,ENSG00000196151.10,Q8N9V3,WDSUB1,Homo sapiens
IUUC-Hsa-045910,ENSG00000196151.10,Q8N9V3, WDSAM1,Homo sapiens
IUUC-Hsa-046196,ENSG00000115207.13,Q8WUA4,GTF3C2,Homo sapiens
IUUC-Hsa-046196,ENSG00000115207.13,Q8WUA4, KIAA0011,Homo sapiens
IUUC-Hsa-046333,ENSG00000138002.14,Q9UG01-3,IFT172,Homo sapiens
IUUC-Hsa-046333,ENSG00000138002.14,Q9UG01-3, KIAA1179,Homo sapiens
IUUC-Hsa-046943,ENSG00000120314.18,Q9H6Y2,WDR55,Homo sapiens
IUUC-Hsa-046658,ENSG00000047056.14,Q9Y2I8,WDR37,Homo sapiens
IUUC-Hsa-046658,ENSG00000047056.14,Q9Y2I8, KIAA0982,Homo sapiens
IUUC-Hsa-045717,ENSG00000196792.11,Q13033,STRN3,Homo sapiens
IUUC-Hsa-045717,ENSG00000196792.11,Q13033, GS2NA,Homo sapiens
IUUC-Hsa-045717,ENSG00000196792.11,Q13033, SG2NA,Homo sapiens
IUUC-Hsa-045871,ENSG00000196455.7,Q99570,PIK3R4,Homo sapiens
IUUC-Hsa-045871,ENSG00000196455.7,Q99570, VPS15,Homo sapiens
IUUC-Hsa-046482,ENSG00000214595.11,Q6ZMW3,EML6,Homo sapiens
IUUC-Hsa-046482,ENSG00000214595.11,Q6ZMW3, EML5L,Homo sapiens
IUUC-Hsa-046138,ENSG00000166359.10,Q6ZMY6,WDR88,Homo sapiens
IUUC-Hsa-046138,ENSG00000166359.10,Q6ZMY6, PQWD,Homo sapiens
IUUC-Hsa-046466,ENSG00000105875.13,A4D1P6,WDR91,Homo sapiens
IUUC-Hsa-046466,ENSG00000105875.13,A4D1P6, HSPC049,Homo sapiens
IUUC-Hsa-046794,ENSG00000166596.14,Q8N1V2,CFAP52,Homo sapiens
IUUC-Hsa-046794,ENSG00000166596.14,Q8N1V2, WDR16,Homo sapiens
IUUC-Hsa-046794,ENSG00000166596.14,Q8N1V2, WDRPUH,Homo sapiens
IUUC-Hsa-046996,ENSG00000065183.15,Q9UNX4,WDR3,Homo sapiens
IUUC-Hsa-046813,ENSG00000005448.16,Q9H977,WDR54,Homo sapiens
IUUC-Hsa-046725,ENSG00000167549.18,Q6QEF8-5,CORO6,Homo sapiens
IUUC-Hsa-046725,ENSG00000167549.18,Q6QEF8-5, PP1009,Homo sapiens
IUUC-Hsa-046725,ENSG00000167549.18,Q6QEF8-5, PP1782,Homo sapiens
IUUC-Hsa-046725,ENSG00000167549.18,Q6QEF8-5, PP1881,Homo sapiens
IUUC-Hsa-046293,ENSG00000106789.12,Q92828,CORO2A,Homo sapiens
IUUC-Hsa-046293,ENSG00000106789.12,Q92828, IR10,Homo sapiens
IUUC-Hsa-046293,ENSG00000106789.12,Q92828, WDR2,Homo sapiens
IUUC-Hsa-046154,ENSG00000172725.13,Q9BR76,CORO1B,Homo sapiens
IUUC-Hsa-045989,ENSG00000164654.15,Q9NXC5,MIOS,Homo sapiens
IUUC-Hsa-046220,ENSG00000074211.13,Q9Y2T4-2,PPP2R2C,Homo sapiens
IUUC-Hsa-045664,ENSG00000066629.16,O00423-3,EML1,Homo sapiens
IUUC-Hsa-045664,ENSG00000066629.16,O00423-3, EMAP1,Homo sapiens
IUUC-Hsa-045664,ENSG00000066629.16,O00423-3, EMAPL,Homo sapiens
IUUC-Hsa-045664,ENSG00000066629.16,O00423-3, EMAPL1,Homo sapiens
IUUC-Hsa-046698,ENSG00000184432.9,P35606,COPB2,Homo sapiens
IUUC-Hsa-046165,ENSG00000144451.18,Q8N0X2,SPAG16,Homo sapiens
IUUC-Hsa-046165,ENSG00000144451.18,Q8N0X2, PF20,Homo sapiens
IUUC-Hsa-046403,ENSG00000160193.11,P57081,WDR4,Homo sapiens
IUUC-Hsa-046217,ENSG00000185838.13,Q9BYB4,GNB1L,Homo sapiens
IUUC-Hsa-046217,ENSG00000185838.13,Q9BYB4, GY2,Homo sapiens
IUUC-Hsa-046217,ENSG00000185838.13,Q9BYB4, KIAA1645,Homo sapiens
IUUC-Hsa-046217,ENSG00000185838.13,Q9BYB4, WDR14,Homo sapiens
IUUC-Hsa-046217,ENSG00000185838.13,Q9BYB4, FKSG1,Homo sapiens
IUUC-Hsa-047005,ENSG00000068885.14,Q9P2H3,IFT80,Homo sapiens
IUUC-Hsa-047005,ENSG00000068885.14,Q9P2H3, KIAA1374,Homo sapiens
IUUC-Hsa-047005,ENSG00000068885.14,Q9P2H3, WDR56,Homo sapiens
IUUC-Hsa-045813,ENSG00000131652.13,Q86W42,THOC6,Homo sapiens
IUUC-Hsa-045813,ENSG00000131652.13,Q86W42, WDR58,Homo sapiens
IUUC-Hsa-045813,ENSG00000131652.13,Q86W42, PSEC0006,Homo sapiens
IUUC-Hsa-046627,ENSG00000283652.1,Q6ZS81,WDFY4,Homo sapiens
IUUC-Hsa-046627,ENSG00000283652.1,Q6ZS81, C10orf64,Homo sapiens
IUUC-Hsa-046627,ENSG00000283652.1,Q6ZS81, KIAA1607,Homo sapiens
IUUC-Hsa-046861,ENSG00000158560.14,O14576,DYNC1I1,Homo sapiens
IUUC-Hsa-046861,ENSG00000158560.14,O14576, DNCI1,Homo sapiens
IUUC-Hsa-046861,ENSG00000158560.14,O14576, DNCIC1,Homo sapiens
IUUC-Hsa-045809,ENSG00000179698.13,A6NE52,WDR97,Homo sapiens
IUUC-Hsa-045809,ENSG00000179698.13,A6NE52, KIAA1875,Homo sapiens
IUUC-Hsa-046351,ENSG00000196998.17,Q9Y484-2,WDR45,Homo sapiens
IUUC-Hsa-046351,ENSG00000196998.17,Q9Y484-2, WDRX1,Homo sapiens
IUUC-Hsa-046351,ENSG00000196998.17,Q9Y484-2, WDRXI4,Homo sapiens
IUUC-Hsa-046351,ENSG00000196998.17,Q9Y484-2, WIPI4,Homo sapiens
IUUC-Hsa-046351,ENSG00000196998.17,Q9Y484-2, JM5,Homo sapiens
IUUC-Hsa-045833,ENSG00000136709.11,Q9C0J8,WDR33,Homo sapiens
IUUC-Hsa-045833,ENSG00000136709.11,Q9C0J8, WDC146,Homo sapiens
IUUC-Hsa-045903,ENSG00000164506.14,Q5T5C0,STXBP5,Homo sapiens
IUUC-Hsa-045903,ENSG00000164506.14,Q5T5C0, LLGL3,Homo sapiens
IUUC-Hsa-046359,ENSG00000168010.10,Q8NAA4,ATG16L2,Homo sapiens
IUUC-Hsa-046359,ENSG00000168010.10,Q8NAA4, WDR80,Homo sapiens
IUUC-Hsa-046525,ENSG00000176566.4,Q8NA75,DCAF4L2,Homo sapiens
IUUC-Hsa-046525,ENSG00000176566.4,Q8NA75, WDR21C,Homo sapiens
IUUC-Hsa-046391,ENSG00000112357.12,O00628,PEX7,Homo sapiens
IUUC-Hsa-046391,ENSG00000112357.12,O00628, PTS2R,Homo sapiens
IUUC-Hsa-046004,ENSG00000131899.10,Q15334,LLGL1,Homo sapiens
IUUC-Hsa-046004,ENSG00000131899.10,Q15334, DLG4,Homo sapiens
IUUC-Hsa-046004,ENSG00000131899.10,Q15334, HUGL,Homo sapiens
IUUC-Hsa-046004,ENSG00000131899.10,Q15334, HUGL1,Homo sapiens
IUUC-Hsa-046718,ENSG00000221914.8,P63151-2,PPP2R2A,Homo sapiens
IUUC-Hsa-045976,ENSG00000115368.9,Q8IWA0,WDR75,Homo sapiens
IUUC-Hsa-045976,ENSG00000115368.9,Q8IWA0, UTP17,Homo sapiens
IUUC-Hsa-046150,ENSG00000159259.7,Q13112,CHAF1B,Homo sapiens
IUUC-Hsa-046150,ENSG00000159259.7,Q13112, CAF1A,Homo sapiens
IUUC-Hsa-046150,ENSG00000159259.7,Q13112, CAF1P60,Homo sapiens
IUUC-Hsa-046150,ENSG00000159259.7,Q13112, MPHOSPH7,Homo sapiens
IUUC-Hsa-046150,ENSG00000159259.7,Q13112, MPP7,Homo sapiens
IUUC-Hsa-046535,ENSG00000123977.9,Q8N136,DAW1,Homo sapiens
IUUC-Hsa-046535,ENSG00000123977.9,Q8N136, WDR69,Homo sapiens
IUUC-Hsa-046739,ENSG00000174776.10,Q8IV35,WDR49,Homo sapiens
IUUC-Hsa-045887,ENSG00000141564.13,Q8N122,RPTOR,Homo sapiens
IUUC-Hsa-045887,ENSG00000141564.13,Q8N122, KIAA1303,Homo sapiens
IUUC-Hsa-045887,ENSG00000141564.13,Q8N122, RAPTOR,Homo sapiens
IUUC-Hsa-045711,ENSG00000106638.15,Q9Y4P3,TBL2,Homo sapiens
IUUC-Hsa-045711,ENSG00000106638.15,Q9Y4P3, WBSCR13,Homo sapiens
IUUC-Hsa-045711,ENSG00000106638.15,Q9Y4P3, UNQ563/PRO1125,Homo sapiens
IUUC-Hsa-045824,ENSG00000167965.17,A0A0A0MR05,MLST8,Homo sapiens
IUUC-Hsa-045692,ENSG00000139668.8,Q96P53,WDFY2,Homo sapiens
IUUC-Hsa-045692,ENSG00000139668.8,Q96P53, WDF2,Homo sapiens
IUUC-Hsa-045692,ENSG00000139668.8,Q96P53, ZFYVE22,Homo sapiens
IUUC-Hsa-046842,ENSG00000164253.13,Q9HAD4,WDR41,Homo sapiens
IUUC-Hsa-046842,ENSG00000164253.13,Q9HAD4, MSTP048,Homo sapiens
IUUC-Hsa-045823,ENSG00000164087.7,Q8NBT0,POC1A,Homo sapiens
IUUC-Hsa-045823,ENSG00000164087.7,Q8NBT0, WDR51A,Homo sapiens
IUUC-Hsa-046135,ENSG00000163913.11,Q9HBG6-5,IFT122,Homo sapiens
IUUC-Hsa-046135,ENSG00000163913.11,Q9HBG6-5, SPG,Homo sapiens
IUUC-Hsa-046135,ENSG00000163913.11,Q9HBG6-5, WDR10,Homo sapiens
IUUC-Hsa-046135,ENSG00000163913.11,Q9HBG6-5, WDR140,Homo sapiens
IUUC-Hsa-046586,ENSG00000163625.15,Q8IZQ1,WDFY3,Homo sapiens
IUUC-Hsa-046586,ENSG00000163625.15,Q8IZQ1, KIAA0993,Homo sapiens
IUUC-Hsa-045842,ENSG00000206530.9,Q96MT7,CFAP44,Homo sapiens
IUUC-Hsa-045842,ENSG00000206530.9,Q96MT7, WDR52,Homo sapiens
IUUC-Hsa-046065,ENSG00000243667.6,Q96MX6,WDR92,Homo sapiens
IUUC-Hsa-045840,ENSG00000162643.12,Q8IWG1,WDR63,Homo sapiens
IUUC-Hsa-046826,ENSG00000161036.11,Q9UFC0,LRWD1,Homo sapiens
IUUC-Hsa-046826,ENSG00000161036.11,Q9UFC0, CENP-33,Homo sapiens
IUUC-Hsa-046826,ENSG00000161036.11,Q9UFC0, ORCA,Homo sapiens
IUUC-Hsa-045915,ENSG00000160410.14,Q8TBC3,SHKBP1,Homo sapiens
IUUC-Hsa-045915,ENSG00000160410.14,Q8TBC3, SB1,Homo sapiens
IUUC-Hsa-045915,ENSG00000160410.14,Q8TBC3, PP203,Homo sapiens
IUUC-Hsa-046145,ENSG00000241945.7,Q15269,PWP2,Homo sapiens
IUUC-Hsa-046145,ENSG00000241945.7,Q15269, PWP2H,Homo sapiens
IUUC-Hsa-046770,ENSG00000158023.9,Q8TBY9,WDR66,Homo sapiens
IUUC-Hsa-046770,ENSG00000158023.9,Q8TBY9, CFAP251,Homo sapiens
IUUC-Hsa-046782,ENSG00000157954.14,Q9Y4P8,WIPI2,Homo sapiens
IUUC-Hsa-046782,ENSG00000157954.14,Q9Y4P8, CGI-50,Homo sapiens
IUUC-Hsa-046133,ENSG00000156787.16,Q96DN5,TBC1D31,Homo sapiens
IUUC-Hsa-046133,ENSG00000156787.16,Q96DN5, WDR67,Homo sapiens
IUUC-Hsa-046122,ENSG00000082516.8,Q8TEQ6,GEMIN5,Homo sapiens
IUUC-Hsa-046708,ENSG00000150627.15,Q8IZU2,WDR17,Homo sapiens
IUUC-Hsa-046840,ENSG00000148399.12,Q9BTV6,DPH7,Homo sapiens
IUUC-Hsa-046840,ENSG00000148399.12,Q9BTV6, C9orf112,Homo sapiens
IUUC-Hsa-046840,ENSG00000148399.12,Q9BTV6, WDR85,Homo sapiens
IUUC-Hsa-045781,ENSG00000145087.12,Q9Y2K9,STXBP5L,Homo sapiens
IUUC-Hsa-045781,ENSG00000145087.12,Q9Y2K9, KIAA1006,Homo sapiens
IUUC-Hsa-045781,ENSG00000145087.12,Q9Y2K9, LLGL4,Homo sapiens
IUUC-Hsa-045848,ENSG00000116213.15,Q9P2S5,WRAP73,Homo sapiens
IUUC-Hsa-045848,ENSG00000116213.15,Q9P2S5, WDR8,Homo sapiens
IUUC-Hsa-046296,ENSG00000185800.11,Q09019,DMWD,Homo sapiens
IUUC-Hsa-046296,ENSG00000185800.11,Q09019, DM9,Homo sapiens
IUUC-Hsa-046674,ENSG00000114650.18,Q12770,SCAP,Homo sapiens
IUUC-Hsa-046674,ENSG00000114650.18,Q12770, KIAA0199,Homo sapiens
IUUC-Hsa-046674,ENSG00000114650.18,Q12770, PSEC0227,Homo sapiens
IUUC-Hsa-045994,ENSG00000128815.18,H3BLT2,WDFY4,Homo sapiens
IUUC-Hsa-046541,ENSG00000082068.8,Q9NW82,WDR70,Homo sapiens
IUUC-Hsa-046784,ENSG00000051596.9,Q96J01,THOC3,Homo sapiens
IUUC-Hsa-046415,ENSG00000115808.11,O43815,STRN,Homo sapiens
IUUC-Hsa-045949,ENSG00000103994.16,Q9H2Y7,ZNF106,Homo sapiens
IUUC-Hsa-045949,ENSG00000103994.16,Q9H2Y7, SH3BP3,Homo sapiens
IUUC-Hsa-045949,ENSG00000103994.16,Q9H2Y7, ZFP106,Homo sapiens
IUUC-Hsa-045949,ENSG00000103994.16,Q9H2Y7, ZNF474,Homo sapiens
IUUC-Hsa-046985,ENSG00000120008.15,Q9BZH6,WDR11,Homo sapiens
IUUC-Hsa-046985,ENSG00000120008.15,Q9BZH6, BRWD2,Homo sapiens
IUUC-Hsa-046985,ENSG00000120008.15,Q9BZH6, KIAA1351,Homo sapiens
IUUC-Hsa-046985,ENSG00000120008.15,Q9BZH6, WDR15,Homo sapiens
IUUC-Hsa-046442,ENSG00000100084.14,P54198,HIRA,Homo sapiens
IUUC-Hsa-046442,ENSG00000100084.14,P54198, DGCR1,Homo sapiens
IUUC-Hsa-046442,ENSG00000100084.14,P54198, HIR,Homo sapiens
IUUC-Hsa-046442,ENSG00000100084.14,P54198, TUPLE1,Homo sapiens
IUUC-Hsa-046309,ENSG00000241685.8,Q92747,ARPC1A,Homo sapiens
IUUC-Hsa-046309,ENSG00000241685.8,Q92747, SOP2L,Homo sapiens
IUUC-Hsa-046182,ENSG00000129566.12,Q99973,TEP1,Homo sapiens
IUUC-Hsa-046182,ENSG00000129566.12,Q99973, TLP1,Homo sapiens
IUUC-Hsa-046182,ENSG00000129566.12,Q99973, TP1,Homo sapiens
IUUC-Hsa-046434,ENSG00000069966.18,O14775,GNB5,Homo sapiens
IUUC-Hsa-045940,ENSG00000113593.11,Q96BP3,PPWD1,Homo sapiens
IUUC-Hsa-045940,ENSG00000113593.11,Q96BP3, KIAA0073,Homo sapiens
IUUC-Hsa-046003,ENSG00000138073.13,Q9HCU5,PREB,Homo sapiens
IUUC-Hsa-046003,ENSG00000138073.13,Q9HCU5, SEC12,Homo sapiens
IUUC-Hsa-046075,ENSG00000136636.12,Q9Y597,KCTD3,Homo sapiens
IUUC-Hsa-046732,ENSG00000091157.13,Q9Y4E6,WDR7,Homo sapiens
IUUC-Hsa-046732,ENSG00000091157.13,Q9Y4E6, KIAA0541,Homo sapiens
IUUC-Hsa-046732,ENSG00000091157.13,Q9Y4E6, TRAG,Homo sapiens
IUUC-Hsa-046353,ENSG00000131725.13,Q5JSH3,WDR44,Homo sapiens
IUUC-Hsa-046623,ENSG00000130429.12,O15143,ARPC1B,Homo sapiens
IUUC-Hsa-046623,ENSG00000130429.12,O15143, ARC41,Homo sapiens
IUUC-Hsa-046676,ENSG00000127580.15,Q96S15,WDR24,Homo sapiens
IUUC-Hsa-046676,ENSG00000127580.15,Q96S15, C16orf21,Homo sapiens
IUUC-Hsa-046676,ENSG00000127580.15,Q96S15, JFP7,Homo sapiens
IUUC-Hsa-046311,ENSG00000104953.19,Q9H808,TLE6,Homo sapiens
IUUC-Hsa-046247,ENSG00000116455.13,Q9BQA1,WDR77,Homo sapiens
IUUC-Hsa-046247,ENSG00000116455.13,Q9BQA1, MEP50,Homo sapiens
IUUC-Hsa-046247,ENSG00000116455.13,Q9BQA1, WD45,Homo sapiens
IUUC-Hsa-046247,ENSG00000116455.13,Q9BQA1, HKMT1069,Homo sapiens
IUUC-Hsa-046247,ENSG00000116455.13,Q9BQA1, Nbla10071,Homo sapiens
IUUC-Hsa-045884,ENSG00000085449.14,Q8IWB7,WDFY1,Homo sapiens
IUUC-Hsa-045884,ENSG00000085449.14,Q8IWB7, KIAA1435,Homo sapiens
IUUC-Hsa-045884,ENSG00000085449.14,Q8IWB7, WDF1,Homo sapiens
IUUC-Hsa-045884,ENSG00000085449.14,Q8IWB7, ZFYVE17,Homo sapiens
IUUC-Hsa-047017,ENSG00000114767.6,O43818,RRP9,Homo sapiens
IUUC-Hsa-047017,ENSG00000114767.6,O43818, RNU3IP2,Homo sapiens
IUUC-Hsa-047017,ENSG00000114767.6,O43818, U355K,Homo sapiens
IUUC-Hsa-046105,ENSG00000114450.9,Q9HAV0,GNB4,Homo sapiens
IUUC-Hsa-046203,ENSG00000111664.10,P16520,GNB3,Homo sapiens
IUUC-Hsa-045741,ENSG00000011260.13,Q9Y5J1,UTP18,Homo sapiens
IUUC-Hsa-045741,ENSG00000011260.13,Q9Y5J1, WDR50,Homo sapiens
IUUC-Hsa-045741,ENSG00000011260.13,Q9Y5J1, CDABP0061,Homo sapiens
IUUC-Hsa-045741,ENSG00000011260.13,Q9Y5J1, CGI-48,Homo sapiens
IUUC-Hsa-046874,ENSG00000102879.15,P31146,CORO1A,Homo sapiens
IUUC-Hsa-046874,ENSG00000102879.15,P31146, CORO1,Homo sapiens
IUUC-Hsa-046553,ENSG00000023734.10,Q9Y3F4-2,STRAP,Homo sapiens
IUUC-Hsa-046553,ENSG00000023734.10,Q9Y3F4-2, MAWD,Homo sapiens
IUUC-Hsa-046553,ENSG00000023734.10,Q9Y3F4-2, UNRIP,Homo sapiens
IUUC-Hsa-046276,ENSG00000278693.3,Q96Q27,ASB2,Homo sapiens
IUUC-Hsa-045863,ENSG00000132128.16,Q15345,LRRC41,Homo sapiens
IUUC-Hsa-045863,ENSG00000132128.16,Q15345, MUF1,Homo sapiens
IUUC-Hsa-045863,ENSG00000132128.16,Q15345, PP7759,Homo sapiens
IUUC-Hsa-045926,ENSG00000274229.2,O14512,SOCS7,Homo sapiens
IUUC-Hsa-045926,ENSG00000274229.2,O14512, NAP4,Homo sapiens
IUUC-Hsa-045926,ENSG00000274229.2,O14512, SOCS6,Homo sapiens
IUUC-Hsa-046344,ENSG00000176871.8,Q9NYS7,WSB2,Homo sapiens
IUUC-Hsa-046131,ENSG00000111671.9,Q99619,SPSB2,Homo sapiens
IUUC-Hsa-046131,ENSG00000111671.9,Q99619, GRCC9,Homo sapiens
IUUC-Hsa-046131,ENSG00000111671.9,Q99619, SSB2,Homo sapiens
IUUC-Hsa-046101,ENSG00000165192.13,Q8WXH4,ASB11,Homo sapiens
IUUC-Hsa-046111,ENSG00000146809.12,Q8WXK1,ASB15,Homo sapiens
IUUC-Hsa-046594,ENSG00000270898.5,Q9Y575,GPR75-ASB3,Homo sapiens
IUUC-Hsa-046594,ENSG00000270898.5,Q9Y575, ASB3,Homo sapiens
IUUC-Hsa-046889,ENSG00000144747.15,P82094,TMF1,Homo sapiens
IUUC-Hsa-046889,ENSG00000144747.15,P82094, ARA160,Homo sapiens
IUUC-Hsa-046409,ENSG00000170677.5,O14544,SOCS6,Homo sapiens
IUUC-Hsa-046409,ENSG00000170677.5,O14544, CIS4,Homo sapiens
IUUC-Hsa-046409,ENSG00000170677.5,O14544, SOCS4,Homo sapiens
IUUC-Hsa-046322,ENSG00000180008.8,Q8WXH5,SOCS4,Homo sapiens
IUUC-Hsa-046556,ENSG00000102048.15,Q96DX5,ASB9,Homo sapiens
IUUC-Hsa-046596,ENSG00000124257.6,Q9BR09,NEURL2,Homo sapiens
IUUC-Hsa-046596,ENSG00000124257.6,Q9BR09, C20orf163,Homo sapiens
IUUC-Hsa-046866,ENSG00000198881.9,Q8WXK4,ASB12,Homo sapiens
IUUC-Hsa-046678,ENSG00000114737.15,Q9NSE2,CISH,Homo sapiens
IUUC-Hsa-046678,ENSG00000114737.15,Q9NSE2, G18,Homo sapiens
IUUC-Hsa-046557,ENSG00000120833.13,O14508,SOCS2,Homo sapiens
IUUC-Hsa-046557,ENSG00000120833.13,O14508, CIS2,Homo sapiens
IUUC-Hsa-046557,ENSG00000120833.13,O14508, SSI2,Homo sapiens
IUUC-Hsa-046557,ENSG00000120833.13,O14508, STATI2,Homo sapiens
IUUC-Hsa-046854,ENSG00000183475.12,Q9H672,ASB7,Homo sapiens
IUUC-Hsa-046010,ENSG00000185338.4,O15524,SOCS1,Homo sapiens
IUUC-Hsa-046010,ENSG00000185338.4,O15524, SSI1,Homo sapiens
IUUC-Hsa-046010,ENSG00000185338.4,O15524, TIP3,Homo sapiens
IUUC-Hsa-046909,ENSG00000184557.4,O14543,SOCS3,Homo sapiens
IUUC-Hsa-046909,ENSG00000184557.4,O14543, CIS3,Homo sapiens
IUUC-Hsa-046909,ENSG00000184557.4,O14543, SSI3,Homo sapiens
IUUC-Hsa-045783,ENSG00000171621.13,Q96BD6,SPSB1,Homo sapiens
IUUC-Hsa-045783,ENSG00000171621.13,Q96BD6, SSB1,Homo sapiens
IUUC-Hsa-045812,ENSG00000005981.12,Q9Y574,ASB4,Homo sapiens
IUUC-Hsa-046104,ENSG00000177981.10,Q9H765,ASB8,Homo sapiens
IUUC-Hsa-046104,ENSG00000177981.10,Q9H765, PP14212,Homo sapiens
IUUC-Hsa-046998,ENSG00000175093.4,Q96A44,SPSB4,Homo sapiens
IUUC-Hsa-046998,ENSG00000175093.4,Q96A44, SSB4,Homo sapiens
IUUC-Hsa-046964,ENSG00000169018.5,Q9UK73,FEM1B,Homo sapiens
IUUC-Hsa-046964,ENSG00000169018.5,Q9UK73, F1AA,Homo sapiens
IUUC-Hsa-046964,ENSG00000169018.5,Q9UK73, KIAA0396,Homo sapiens
IUUC-Hsa-045805,ENSG00000171150.7,O75159,SOCS5,Homo sapiens
IUUC-Hsa-045805,ENSG00000171150.7,O75159, CIS6,Homo sapiens
IUUC-Hsa-045805,ENSG00000171150.7,O75159, CISH5,Homo sapiens
IUUC-Hsa-045805,ENSG00000171150.7,O75159, CISH6,Homo sapiens
IUUC-Hsa-045805,ENSG00000171150.7,O75159, KIAA0671,Homo sapiens
IUUC-Hsa-046896,ENSG00000165501.16,Q96L50,LRR1,Homo sapiens
IUUC-Hsa-046896,ENSG00000165501.16,Q96L50, PPIL5,Homo sapiens
IUUC-Hsa-046908,ENSG00000159479.16,Q96G25,MED8,Homo sapiens
IUUC-Hsa-046356,ENSG00000148331.11,Q9NWX5,ASB6,Homo sapiens
IUUC-Hsa-045702,ENSG00000065802.11,Q9Y576,ASB1,Homo sapiens
IUUC-Hsa-045702,ENSG00000065802.11,Q9Y576, KIAA1146,Homo sapiens
IUUC-Hsa-046300,ENSG00000109046.14,Q9Y6I7,WSB1,Homo sapiens
IUUC-Hsa-046300,ENSG00000109046.14,Q9Y6I7, SWIP1,Homo sapiens
IUUC-Hsa-046547,ENSG00000134086.7,P40337,VHL,Homo sapiens
IUUC-Hsa-045847,ENSG00000262246.5,P57737,CORO7,Homo sapiens
IUUC-Hsa-046237,ENSG00000197562.9,Q96S21,RAB40C,Homo sapiens
IUUC-Hsa-046237,ENSG00000197562.9,Q96S21, RARL,Homo sapiens
IUUC-Hsa-046237,ENSG00000197562.9,Q96S21, RASL8C,Homo sapiens
IUUC-Hsa-046747,ENSG00000141542.10,Q12829,RAB40B,Homo sapiens
IUUC-Hsa-046747,ENSG00000141542.10,Q12829, SEC4L,Homo sapiens
IUUC-Hsa-046083,ENSG00000011007.12,Q14241,TCEB3,Homo sapiens
IUUC-Hsa-046083,ENSG00000011007.12,Q14241, ELOA,Homo sapiens
IUUC-Hsa-046083,ENSG00000011007.12,Q14241, MSTP059,Homo sapiens
IUUC-Hsa-046711,ENSG00000239388.8,A6NK59,ASB14,Homo sapiens
IUUC-Hsa-046125,ENSG00000172476.4,Q8WXH6,RAB40A,Homo sapiens
IUUC-Hsa-045975,ENSG00000102128.8,P0C0E4,RAB40AL,Homo sapiens
IUUC-Hsa-045975,ENSG00000102128.8,P0C0E4, RLGP,Homo sapiens
IUUC-Hsa-046246,ENSG00000283021.1,Q8NI29,FBXO27,Homo sapiens
IUUC-Hsa-046246,ENSG00000283021.1,Q8NI29, FBG5,Homo sapiens
IUUC-Hsa-046246,ENSG00000283021.1,Q8NI29, FBX27,Homo sapiens
IUUC-Hsa-045768,ENSG00000282954.1,Q96EF6,FBXO17,Homo sapiens
IUUC-Hsa-045768,ENSG00000282954.1,Q96EF6, FBG4,Homo sapiens
IUUC-Hsa-045768,ENSG00000282954.1,Q96EF6, FBX17,Homo sapiens
IUUC-Hsa-045768,ENSG00000282954.1,Q96EF6, FBX26,Homo sapiens
IUUC-Hsa-045768,ENSG00000282954.1,Q96EF6, FBXO26,Homo sapiens
IUUC-Hsa-045668,ENSG00000119402.16,Q9UKT8,FBXW2,Homo sapiens
IUUC-Hsa-045668,ENSG00000119402.16,Q9UKT8, FBW2,Homo sapiens
IUUC-Hsa-045668,ENSG00000119402.16,Q9UKT8, FWD2,Homo sapiens
IUUC-Hsa-046512,ENSG00000145604.15,Q13309,SKP2,Homo sapiens
IUUC-Hsa-046512,ENSG00000145604.15,Q13309, FBXL1,Homo sapiens
IUUC-Hsa-046920,ENSG00000145743.15,Q9UF56,FBXL17,Homo sapiens
IUUC-Hsa-046920,ENSG00000145743.15,Q9UF56, FBL17,Homo sapiens
IUUC-Hsa-046920,ENSG00000145743.15,Q9UF56, FBX13,Homo sapiens
IUUC-Hsa-046920,ENSG00000145743.15,Q9UF56, FBXO13,Homo sapiens
IUUC-Hsa-046923,ENSG00000111665.11,Q99618,CDCA3,Homo sapiens
IUUC-Hsa-046923,ENSG00000111665.11,Q99618, C8,Homo sapiens
IUUC-Hsa-046923,ENSG00000111665.11,Q99618, GRCC8,Homo sapiens
IUUC-Hsa-046923,ENSG00000111665.11,Q99618, TOME1,Homo sapiens
IUUC-Hsa-046173,ENSG00000156804.7,Q969P5,FBXO32,Homo sapiens
IUUC-Hsa-046251,ENSG00000164117.13,Q9NRD0,FBXO8,Homo sapiens
IUUC-Hsa-046251,ENSG00000164117.13,Q9NRD0, FBS,Homo sapiens
IUUC-Hsa-046251,ENSG00000164117.13,Q9NRD0, FBX8,Homo sapiens
IUUC-Hsa-046251,ENSG00000164117.13,Q9NRD0, DC10,Homo sapiens
IUUC-Hsa-046251,ENSG00000164117.13,Q9NRD0, UNQ1877/PRO4320,Homo sapiens
IUUC-Hsa-046685,ENSG00000183580.9,Q9UJT9,FBXL7,Homo sapiens
IUUC-Hsa-046685,ENSG00000183580.9,Q9UJT9, FBL6,Homo sapiens
IUUC-Hsa-046685,ENSG00000183580.9,Q9UJT9, FBL7,Homo sapiens
IUUC-Hsa-046685,ENSG00000183580.9,Q9UJT9, KIAA0840,Homo sapiens
IUUC-Hsa-046452,ENSG00000153558.13,Q9UKC9,FBXL2,Homo sapiens
IUUC-Hsa-046452,ENSG00000153558.13,Q9UKC9, FBL2,Homo sapiens
IUUC-Hsa-046452,ENSG00000153558.13,Q9UKC9, FBL3,Homo sapiens
IUUC-Hsa-045742,ENSG00000147912.12,Q9UK96,FBXO10,Homo sapiens
IUUC-Hsa-045742,ENSG00000147912.12,Q9UK96, FBX10,Homo sapiens
IUUC-Hsa-045742,ENSG00000147912.12,Q9UK96, PRMT11,Homo sapiens
IUUC-Hsa-046488,ENSG00000177565.16,Q9BZK7,TBL1XR1,Homo sapiens
IUUC-Hsa-046488,ENSG00000177565.16,Q9BZK7, IRA1,Homo sapiens
IUUC-Hsa-046488,ENSG00000177565.16,Q9BZK7, TBLR1,Homo sapiens
IUUC-Hsa-046057,ENSG00000141665.11,Q8NCQ5,FBXO15,Homo sapiens
IUUC-Hsa-046057,ENSG00000141665.11,Q8NCQ5, FBX15,Homo sapiens
IUUC-Hsa-046244,ENSG00000138081.20,Q86XK2,FBXO11,Homo sapiens
IUUC-Hsa-046244,ENSG00000138081.20,Q86XK2, FBX11,Homo sapiens
IUUC-Hsa-046244,ENSG00000138081.20,Q86XK2, PRMT9,Homo sapiens
IUUC-Hsa-046244,ENSG00000138081.20,Q86XK2, VIT1,Homo sapiens
IUUC-Hsa-046244,ENSG00000138081.20,Q86XK2, UG063H01,Homo sapiens
IUUC-Hsa-046867,ENSG00000162063.12,P41002,CCNF,Homo sapiens
IUUC-Hsa-046867,ENSG00000162063.12,P41002, FBX1,Homo sapiens
IUUC-Hsa-046867,ENSG00000162063.12,P41002, FBXO1,Homo sapiens
IUUC-Hsa-046221,ENSG00000171931.12,Q5XX13,FBXW10,Homo sapiens
IUUC-Hsa-046325,ENSG00000099364.16,Q6PCT2,FBXL19,Homo sapiens
IUUC-Hsa-046325,ENSG00000099364.16,Q6PCT2, FBL19,Homo sapiens
IUUC-Hsa-046650,ENSG00000134452.19,Q8NFZ0,FBXO18,Homo sapiens
IUUC-Hsa-046650,ENSG00000134452.19,Q8NFZ0, FBH1,Homo sapiens
IUUC-Hsa-046650,ENSG00000134452.19,Q8NFZ0, FBX18,Homo sapiens
IUUC-Hsa-045877,ENSG00000089094.17,Q8NHM5,KDM2B,Homo sapiens
IUUC-Hsa-045877,ENSG00000089094.17,Q8NHM5, CXXC2,Homo sapiens
IUUC-Hsa-045877,ENSG00000089094.17,Q8NHM5, FBL10,Homo sapiens
IUUC-Hsa-045877,ENSG00000089094.17,Q8NHM5, FBXL10,Homo sapiens
IUUC-Hsa-045877,ENSG00000089094.17,Q8NHM5, JHDM1B,Homo sapiens
IUUC-Hsa-045877,ENSG00000089094.17,Q8NHM5, PCCX2,Homo sapiens
IUUC-Hsa-046047,ENSG00000116663.10,Q9NRD1,FBXO6,Homo sapiens
IUUC-Hsa-046047,ENSG00000116663.10,Q9NRD1, FBG2,Homo sapiens
IUUC-Hsa-046047,ENSG00000116663.10,Q9NRD1, FBS2,Homo sapiens
IUUC-Hsa-046047,ENSG00000116663.10,Q9NRD1, FBX6,Homo sapiens
IUUC-Hsa-045872,ENSG00000037637.10,Q6P3S6,FBXO42,Homo sapiens
IUUC-Hsa-045872,ENSG00000037637.10,Q6P3S6, FBX42,Homo sapiens
IUUC-Hsa-045872,ENSG00000037637.10,Q6P3S6, JFK,Homo sapiens
IUUC-Hsa-045872,ENSG00000037637.10,Q6P3S6, KIAA1332,Homo sapiens
IUUC-Hsa-045962,ENSG00000166167.17,Q9Y297,BTRC,Homo sapiens
IUUC-Hsa-045962,ENSG00000166167.17,Q9Y297, BTRCP,Homo sapiens
IUUC-Hsa-045962,ENSG00000166167.17,Q9Y297, FBW1A,Homo sapiens
IUUC-Hsa-045962,ENSG00000166167.17,Q9Y297, FBXW1A,Homo sapiens
IUUC-Hsa-045749,ENSG00000112234.8,Q9UKA2,FBXL4,Homo sapiens
IUUC-Hsa-045749,ENSG00000112234.8,Q9UKA2, FBL4,Homo sapiens
IUUC-Hsa-045749,ENSG00000112234.8,Q9UKA2, FBL5,Homo sapiens
IUUC-Hsa-046735,ENSG00000143756.11,Q9NVF7,FBXO28,Homo sapiens
IUUC-Hsa-046735,ENSG00000143756.11,Q9NVF7, CENP-30,Homo sapiens
IUUC-Hsa-046735,ENSG00000143756.11,Q9NVF7, KIAA0483,Homo sapiens
IUUC-Hsa-046932,ENSG00000091732.15,Q86WB0,ZC3HC1,Homo sapiens
IUUC-Hsa-046932,ENSG00000091732.15,Q86WB0, NIPA,Homo sapiens
IUUC-Hsa-046932,ENSG00000091732.15,Q86WB0, HSPC216,Homo sapiens
IUUC-Hsa-045977,ENSG00000005812.10,Q9UKT7,FBXL3,Homo sapiens
IUUC-Hsa-045977,ENSG00000005812.10,Q9UKT7, FBL3A,Homo sapiens
IUUC-Hsa-045977,ENSG00000005812.10,Q9UKT7, FBXL3A,Homo sapiens
IUUC-Hsa-045945,ENSG00000116661.9,Q9UK22,FBXO2,Homo sapiens
IUUC-Hsa-045945,ENSG00000116661.9,Q9UK22, FBX2,Homo sapiens
IUUC-Hsa-046489,ENSG00000147364.16,Q8TCJ0,FBXO25,Homo sapiens
IUUC-Hsa-046489,ENSG00000147364.16,Q8TCJ0, FBX25,Homo sapiens
IUUC-Hsa-047001,ENSG00000118564.14,Q9UKA1,FBXL5,Homo sapiens
IUUC-Hsa-047001,ENSG00000118564.14,Q9UKA1, FBL4,Homo sapiens
IUUC-Hsa-047001,ENSG00000118564.14,Q9UKA1, FBL5,Homo sapiens
IUUC-Hsa-047001,ENSG00000118564.14,Q9UKA1, FLR1,Homo sapiens
IUUC-Hsa-046454,ENSG00000171823.6,Q8N1E6,FBXL14,Homo sapiens
IUUC-Hsa-046454,ENSG00000171823.6,Q8N1E6, FBL14,Homo sapiens
IUUC-Hsa-046965,ENSG00000163833.7,Q9UH90,FBXO40,Homo sapiens
IUUC-Hsa-046965,ENSG00000163833.7,Q9UH90, FBX40,Homo sapiens
IUUC-Hsa-046965,ENSG00000163833.7,Q9UH90, KIAA1195,Homo sapiens
IUUC-Hsa-046499,ENSG00000182325.10,Q8N531,FBXL6,Homo sapiens
IUUC-Hsa-046499,ENSG00000182325.10,Q8N531, FBL6,Homo sapiens
IUUC-Hsa-046705,ENSG00000107829.13,P57775,FBXW4,Homo sapiens
IUUC-Hsa-046705,ENSG00000107829.13,P57775, FBW4,Homo sapiens
IUUC-Hsa-046705,ENSG00000107829.13,P57775, SHFM3,Homo sapiens
IUUC-Hsa-045701,ENSG00000159069.13,Q969U6,FBXW5,Homo sapiens
IUUC-Hsa-045701,ENSG00000159069.13,Q969U6, FBW5,Homo sapiens
IUUC-Hsa-045701,ENSG00000159069.13,Q969U6, PP3971,Homo sapiens
IUUC-Hsa-046605,ENSG00000103264.16,Q5XUX0,FBXO31,Homo sapiens
IUUC-Hsa-046605,ENSG00000103264.16,Q5XUX0, FBX14,Homo sapiens
IUUC-Hsa-046605,ENSG00000103264.16,Q5XUX0, FBX31,Homo sapiens
IUUC-Hsa-046605,ENSG00000103264.16,Q5XUX0, PP2386,Homo sapiens
IUUC-Hsa-046619,ENSG00000174013.7,P0C2W1,FBXO45,Homo sapiens
IUUC-Hsa-046619,ENSG00000174013.7,P0C2W1, FBX45,Homo sapiens
IUUC-Hsa-046240,ENSG00000174989.12,Q8N3Y1,FBXW8,Homo sapiens
IUUC-Hsa-046240,ENSG00000174989.12,Q8N3Y1, FBW6,Homo sapiens
IUUC-Hsa-046240,ENSG00000174989.12,Q8N3Y1, FBW8,Homo sapiens
IUUC-Hsa-046240,ENSG00000174989.12,Q8N3Y1, FBX29,Homo sapiens
IUUC-Hsa-046240,ENSG00000174989.12,Q8N3Y1, FBXO29,Homo sapiens
IUUC-Hsa-046240,ENSG00000174989.12,Q8N3Y1, FBXW6,Homo sapiens
IUUC-Hsa-046995,ENSG00000167196.13,Q8NEZ5,FBXO22,Homo sapiens
IUUC-Hsa-046995,ENSG00000167196.13,Q8NEZ5, FBX22,Homo sapiens
IUUC-Hsa-046495,ENSG00000165355.7,Q7Z6M2,FBXO33,Homo sapiens
IUUC-Hsa-046495,ENSG00000165355.7,Q7Z6M2, FBX33,Homo sapiens
IUUC-Hsa-045898,ENSG00000109670.13,Q969H0,FBXW7,Homo sapiens
IUUC-Hsa-045898,ENSG00000109670.13,Q969H0, FBW7,Homo sapiens
IUUC-Hsa-045898,ENSG00000109670.13,Q969H0, FBX30,Homo sapiens
IUUC-Hsa-045898,ENSG00000109670.13,Q969H0, SEL10,Homo sapiens
IUUC-Hsa-046558,ENSG00000151876.12,Q9UKT5,FBXO4,Homo sapiens
IUUC-Hsa-046558,ENSG00000151876.12,Q9UKT5, FBX4,Homo sapiens
IUUC-Hsa-046348,ENSG00000100225.17,Q9Y3I1,FBXO7,Homo sapiens
IUUC-Hsa-046348,ENSG00000100225.17,Q9Y3I1, FBX7,Homo sapiens
IUUC-Hsa-047002,ENSG00000110429.13,Q9UK99,FBXO3,Homo sapiens
IUUC-Hsa-047002,ENSG00000110429.13,Q9UK99, FBX3,Homo sapiens
IUUC-Hsa-046139,ENSG00000072803.17,Q9UKB1,FBXW11,Homo sapiens
IUUC-Hsa-046139,ENSG00000072803.17,Q9UKB1, BTRCP2,Homo sapiens
IUUC-Hsa-046139,ENSG00000072803.17,Q9UKB1, FBW1B,Homo sapiens
IUUC-Hsa-046139,ENSG00000072803.17,Q9UKB1, FBXW1B,Homo sapiens
IUUC-Hsa-046139,ENSG00000072803.17,Q9UKB1, KIAA0696,Homo sapiens
IUUC-Hsa-045782,ENSG00000108306.11,Q96IG2,FBXL20,Homo sapiens
IUUC-Hsa-045782,ENSG00000108306.11,Q96IG2, FBL2,Homo sapiens
IUUC-Hsa-046980,ENSG00000132879.13,Q9H4M3,FBXO44,Homo sapiens
IUUC-Hsa-046980,ENSG00000132879.13,Q9H4M3, FBG3,Homo sapiens
IUUC-Hsa-046980,ENSG00000132879.13,Q9H4M3, FBX30,Homo sapiens
IUUC-Hsa-046980,ENSG00000132879.13,Q9H4M3, FBX44,Homo sapiens
IUUC-Hsa-046980,ENSG00000132879.13,Q9H4M3, FBX6A,Homo sapiens
IUUC-Hsa-046980,ENSG00000132879.13,Q9H4M3, FBXO6A,Homo sapiens
IUUC-Hsa-046340,ENSG00000127452.8,Q9NXK8,FBXL12,Homo sapiens
IUUC-Hsa-046340,ENSG00000127452.8,Q9NXK8, FBL12,Homo sapiens
IUUC-Hsa-046445,ENSG00000112146.16,Q9UK97,FBXO9,Homo sapiens
IUUC-Hsa-046445,ENSG00000112146.16,Q9UK97, FBX9,Homo sapiens
IUUC-Hsa-046445,ENSG00000112146.16,Q9UK97, VCIA1,Homo sapiens
IUUC-Hsa-046682,ENSG00000118496.4,Q8TB52,FBXO30,Homo sapiens
IUUC-Hsa-046682,ENSG00000118496.4,Q8TB52, FBX30,Homo sapiens
IUUC-Hsa-046910,ENSG00000107872.12,Q9H469,FBXL15,Homo sapiens
IUUC-Hsa-046910,ENSG00000107872.12,Q9H469, FBXO37,Homo sapiens
IUUC-Hsa-045841,ENSG00000101849.15,O60907,TBL1X,Homo sapiens
IUUC-Hsa-045841,ENSG00000101849.15,O60907, TBL1,Homo sapiens
IUUC-Hsa-136370,ENSG00000164616.15,Q9UKT6,FBXL21,Homo sapiens
IUUC-Hsa-136370,ENSG00000164616.15,Q9UKT6, FBL21,Homo sapiens
IUUC-Hsa-136370,ENSG00000164616.15,Q9UKT6, FBL3,Homo sapiens
IUUC-Hsa-136370,ENSG00000164616.15,Q9UKT6, FBXL3B,Homo sapiens
IUUC-Hsa-136370,ENSG00000164616.15,Q9UKT6, FBXL3P,Homo sapiens
IUUC-Hsa-046559,ENSG00000278505.4,Q8N4C9-2,C17orf78,Homo sapiens
IUUC-Hsa-046368,ENSG00000077235.17,Q12789-3,GTF3C1,Homo sapiens
IUUC-Hsa-046153,ENSG00000135722.8,E5RIE9,FBXL8,Homo sapiens
IUUC-Hsa-046987,ENSG00000120709.10,D6RE00,FAM53C,Homo sapiens
IUUC-Hsa-046850,ENSG00000116649.9,K7ESL0,SRM,Homo sapiens
IUUC-Hsa-046083,ENSG00000011007.12,Q14241,TCEB3,Homo sapiens
IUUC-Hsa-046083,ENSG00000011007.12,Q14241, ELOA,Homo sapiens
IUUC-Hsa-046083,ENSG00000011007.12,Q14241, MSTP059,Homo sapiens
IUUC-Hsa-045817,ENSG00000204923.3,Q5FWF7,FBXO48,Homo sapiens
IUUC-Hsa-045817,ENSG00000204923.3,Q5FWF7, FBX48,Homo sapiens
IUUC-Hsa-046187,ENSG00000163444.11,Q8IXX5,TMEM183A,Homo sapiens
IUUC-Hsa-046187,ENSG00000163444.11,Q8IXX5, C1orf37,Homo sapiens
IUUC-Hsa-046647,ENSG00000170364.12,B9ZVV8,SETMAR,Homo sapiens
IUUC-Hsa-046555,ENSG00000121797.9,O00421-2,CCRL2,Homo sapiens
IUUC-Hsa-046555,ENSG00000121797.9,O00421-2, CCR11,Homo sapiens
IUUC-Hsa-046555,ENSG00000121797.9,O00421-2, CCR6,Homo sapiens
IUUC-Hsa-046555,ENSG00000121797.9,O00421-2, CKRX,Homo sapiens
IUUC-Hsa-046555,ENSG00000121797.9,O00421-2, CRAM,Homo sapiens
IUUC-Hsa-046555,ENSG00000121797.9,O00421-2, HCR,Homo sapiens
IUUC-Hsa-046994,ENSG00000150401.14,Q6PH85,DCUN1D2,Homo sapiens
IUUC-Hsa-046994,ENSG00000150401.14,Q6PH85, C13orf17,Homo sapiens
IUUC-Hsa-046994,ENSG00000150401.14,Q6PH85, DCUN1L2,Homo sapiens
IUUC-Hsa-046288,ENSG00000188215.9,Q8IWE4,DCUN1D3,Homo sapiens
IUUC-Hsa-046288,ENSG00000188215.9,Q8IWE4, SCCRO3,Homo sapiens
IUUC-Hsa-046089,ENSG00000043093.13,Q96GG9,DCUN1D1,Homo sapiens
IUUC-Hsa-046089,ENSG00000043093.13,Q96GG9, DCUN1L1,Homo sapiens
IUUC-Hsa-046089,ENSG00000043093.13,Q96GG9, RP42,Homo sapiens
IUUC-Hsa-046089,ENSG00000043093.13,Q96GG9, SCCRO,Homo sapiens
IUUC-Hsa-046320,ENSG00000137692.11,Q9BTE7,DCUN1D5,Homo sapiens
IUUC-Hsa-046343,ENSG00000024048.10,Q8IWV8,UBR2,Homo sapiens
IUUC-Hsa-046343,ENSG00000024048.10,Q8IWV8, C6orf133,Homo sapiens
IUUC-Hsa-046343,ENSG00000024048.10,Q8IWV8, KIAA0349,Homo sapiens
IUUC-Hsa-046753,ENSG00000159459.11,Q8IWV7,UBR1,Homo sapiens
IUUC-Hsa-045820,ENSG00000154277.12,P09936,UCHL1,Homo sapiens
IUUC-Hsa-046969,ENSG00000081803.15,Q86UW7,CADPS2,Homo sapiens
IUUC-Hsa-046969,ENSG00000081803.15,Q86UW7, CAPS2,Homo sapiens
IUUC-Hsa-046969,ENSG00000081803.15,Q86UW7, KIAA1591,Homo sapiens
IUUC-Hsa-046934,ENSG00000176407.17,Q9P0J7,KCMF1,Homo sapiens
IUUC-Hsa-046934,ENSG00000176407.17,Q9P0J7, FIGC,Homo sapiens
IUUC-Hsa-046934,ENSG00000176407.17,Q9P0J7, ZZZ1,Homo sapiens
IUUC-Hsa-046900,ENSG00000005339.14,Q92793,CREBBP,Homo sapiens
IUUC-Hsa-046900,ENSG00000005339.14,Q92793, CBP,Homo sapiens
IUUC-Hsa-046885,ENSG00000089280.18,P35637,FUS,Homo sapiens
IUUC-Hsa-046885,ENSG00000089280.18,P35637, TLS,Homo sapiens
IUUC-Hsa-046968,ENSG00000087586.17,O14965,AURKA,Homo sapiens
IUUC-Hsa-046968,ENSG00000087586.17,O14965, AIK,Homo sapiens
IUUC-Hsa-046968,ENSG00000087586.17,O14965, AIRK1,Homo sapiens
IUUC-Hsa-046968,ENSG00000087586.17,O14965, ARK1,Homo sapiens
IUUC-Hsa-046968,ENSG00000087586.17,O14965, AURA,Homo sapiens
IUUC-Hsa-046968,ENSG00000087586.17,O14965, AYK1,Homo sapiens
IUUC-Hsa-046968,ENSG00000087586.17,O14965, BTAK,Homo sapiens
IUUC-Hsa-046968,ENSG00000087586.17,O14965, IAK1,Homo sapiens
IUUC-Hsa-046968,ENSG00000087586.17,O14965, STK15,Homo sapiens
IUUC-Hsa-046968,ENSG00000087586.17,O14965, STK6,Homo sapiens
IUUC-Hsa-046877,ENSG00000122481.16,Q9Y3V2,RWDD3,Homo sapiens
IUUC-Hsa-046877,ENSG00000122481.16,Q9Y3V2, RSUME,Homo sapiens
IUUC-Hsa-046823,ENSG00000014123.9,O94874,UFL1,Homo sapiens
IUUC-Hsa-046823,ENSG00000014123.9,O94874, KIAA0776,Homo sapiens
IUUC-Hsa-046823,ENSG00000014123.9,O94874, NLBP,Homo sapiens
IUUC-Hsa-046823,ENSG00000014123.9,O94874, RCAD,Homo sapiens
IUUC-Hsa-046966,ENSG00000172175.12,Q9UDY8,MALT1,Homo sapiens
IUUC-Hsa-046966,ENSG00000172175.12,Q9UDY8, MLT,Homo sapiens
IUUC-Hsa-046925,ENSG00000068024.16,P56524,HDAC4,Homo sapiens
IUUC-Hsa-046925,ENSG00000068024.16,P56524, KIAA0288,Homo sapiens
IUUC-Hsa-046953,ENSG00000186660.14,Q96JP5,ZFP91,Homo sapiens
IUUC-Hsa-046953,ENSG00000186660.14,Q96JP5, ZNF757,Homo sapiens
IUUC-Hsa-046953,ENSG00000186660.14,Q96JP5, FKSG11,Homo sapiens
IUUC-Hsa-046668,ENSG00000175467.14,O43290,SART1,Homo sapiens
IUUC-Hsa-045868,ENSG00000120913.23,Q96JY6,PDLIM2,Homo sapiens
IUUC-Hsa-045868,ENSG00000120913.23,Q96JY6, PP6345,Homo sapiens
IUUC-Hsa-046947,ENSG00000167967.15,Q66K89,E4F1,Homo sapiens
IUUC-Hsa-046947,ENSG00000167967.15,Q66K89, E4F,Homo sapiens
IUUC-Hsa-046890,ENSG00000159167.11,P52823,STC1,Homo sapiens
IUUC-Hsa-046890,ENSG00000159167.11,P52823, STC,Homo sapiens
IUUC-Hsa-046168,ENSG00000153201.15,P49792,RANBP2,Homo sapiens
IUUC-Hsa-046168,ENSG00000153201.15,P49792, NUP358,Homo sapiens
IUUC-Hsa-046374,ENSG00000141582.14,O00257,CBX4,Homo sapiens
IUUC-Hsa-046970,ENSG00000114166.7,Q92831,KAT2B,Homo sapiens
IUUC-Hsa-046970,ENSG00000114166.7,Q92831, PCAF,Homo sapiens
IUUC-Hsa-046884,ENSG00000100393.11,Q09472,EP300,Homo sapiens
IUUC-Hsa-046884,ENSG00000100393.11,Q09472, P300,Homo sapiens
IUUC-Hsa-046942,ENSG00000119669.4,Q9H1B7,IRF2BPL,Homo sapiens
IUUC-Hsa-046942,ENSG00000119669.4,Q9H1B7, C14orf4,Homo sapiens
IUUC-Hsa-046942,ENSG00000119669.4,Q9H1B7, EAP1,Homo sapiens
IUUC-Hsa-046942,ENSG00000119669.4,Q9H1B7, KIAA1865,Homo sapiens
IUUC-Hsa-046942,ENSG00000119669.4,Q9H1B7, My039,Homo sapiens
IUUC-Hsa-046888,ENSG00000113851.13,Q96SW2,CRBN,Homo sapiens
IUUC-Hsa-046888,ENSG00000113851.13,Q96SW2, AD-006,Homo sapiens
IUUC-Hsa-046937,ENSG00000100302.6,Q96D21,RASD2,Homo sapiens
IUUC-Hsa-046937,ENSG00000100302.6,Q96D21, TEM2,Homo sapiens
IUUC-Hsa-046692,ENSG00000213024.11,P37198,NUP62,Homo sapiens
IUUC-Hsa-046152,ENSG00000005007.12,Q92900-2,UPF1,Homo sapiens
IUUC-Hsa-046152,ENSG00000005007.12,Q92900-2, KIAA0221,Homo sapiens
IUUC-Hsa-046152,ENSG00000005007.12,Q92900-2, RENT1,Homo sapiens
IUUC-Hsa-046765,ENSG00000130726.11,Q13263,TRIM28,Homo sapiens
IUUC-Hsa-046765,ENSG00000130726.11,Q13263, KAP1,Homo sapiens
IUUC-Hsa-046765,ENSG00000130726.11,Q13263, RNF96,Homo sapiens
IUUC-Hsa-046765,ENSG00000130726.11,Q13263, TIF1B,Homo sapiens
IUUC-Hsa-046988,ENSG00000272333.5,Q9UMN6,KMT2B,Homo sapiens
IUUC-Hsa-046988,ENSG00000272333.5,Q9UMN6, HRX2,Homo sapiens
IUUC-Hsa-046988,ENSG00000272333.5,Q9UMN6, KIAA0304,Homo sapiens
IUUC-Hsa-046988,ENSG00000272333.5,Q9UMN6, MLL2,Homo sapiens
IUUC-Hsa-046988,ENSG00000272333.5,Q9UMN6, MLL4,Homo sapiens
IUUC-Hsa-046988,ENSG00000272333.5,Q9UMN6, TRX2,Homo sapiens
IUUC-Hsa-046988,ENSG00000272333.5,Q9UMN6, WBP7,Homo sapiens
IUUC-Hsa-045671,ENSG00000095015.5,Q13233,MAP3K1,Homo sapiens
IUUC-Hsa-045671,ENSG00000095015.5,Q13233, MAPKKK1,Homo sapiens
IUUC-Hsa-045671,ENSG00000095015.5,Q13233, MEKK,Homo sapiens
IUUC-Hsa-045671,ENSG00000095015.5,Q13233, MEKK1,Homo sapiens
IUUC-Hsa-046852,ENSG00000111653.19,Q9UNL4,ING4,Homo sapiens
IUUC-Hsa-046852,ENSG00000111653.19,Q9UNL4, My036,Homo sapiens
IUUC-Hsa-046143,ENSG00000118058.20,Q03164,KMT2A,Homo sapiens
IUUC-Hsa-046143,ENSG00000118058.20,Q03164, ALL1,Homo sapiens
IUUC-Hsa-046143,ENSG00000118058.20,Q03164, CXXC7,Homo sapiens
IUUC-Hsa-046143,ENSG00000118058.20,Q03164, HRX,Homo sapiens
IUUC-Hsa-046143,ENSG00000118058.20,Q03164, HTRX,Homo sapiens
IUUC-Hsa-046143,ENSG00000118058.20,Q03164, MLL,Homo sapiens
IUUC-Hsa-046143,ENSG00000118058.20,Q03164, MLL1,Homo sapiens
IUUC-Hsa-046143,ENSG00000118058.20,Q03164, TRX1,Homo sapiens
IUUC-Hsa-046325,ENSG00000099364.16,Q6PCT2,FBXL19,Homo sapiens
IUUC-Hsa-046325,ENSG00000099364.16,Q6PCT2, FBL19,Homo sapiens
IUUC-Hsa-045877,ENSG00000089094.17,Q8NHM5,KDM2B,Homo sapiens
IUUC-Hsa-045877,ENSG00000089094.17,Q8NHM5, CXXC2,Homo sapiens
IUUC-Hsa-045877,ENSG00000089094.17,Q8NHM5, FBL10,Homo sapiens
IUUC-Hsa-045877,ENSG00000089094.17,Q8NHM5, FBXL10,Homo sapiens
IUUC-Hsa-045877,ENSG00000089094.17,Q8NHM5, JHDM1B,Homo sapiens
IUUC-Hsa-045877,ENSG00000089094.17,Q8NHM5, PCCX2,Homo sapiens
IUUC-Hsa-046170,ENSG00000153487.12,Q9UK53,ING1,Homo sapiens
IUUC-Hsa-046302,ENSG00000198060.9,Q9NX47,5-Mar,Homo sapiens
IUUC-Hsa-046302,ENSG00000198060.9,Q9NX47, RNF153,Homo sapiens
IUUC-Hsa-046169,ENSG00000197323.11,Q9UPN9,TRIM33,Homo sapiens
IUUC-Hsa-046169,ENSG00000197323.11,Q9UPN9, KIAA1113,Homo sapiens
IUUC-Hsa-046169,ENSG00000197323.11,Q9UPN9, RFG7,Homo sapiens
IUUC-Hsa-046169,ENSG00000197323.11,Q9UPN9, TIF1G,Homo sapiens
IUUC-Hsa-046785,ENSG00000122779.17,O15164,TRIM24,Homo sapiens
IUUC-Hsa-046785,ENSG00000122779.17,O15164, RNF82,Homo sapiens
IUUC-Hsa-046785,ENSG00000122779.17,O15164, TIF1,Homo sapiens
IUUC-Hsa-046785,ENSG00000122779.17,O15164, TIF1A,Homo sapiens
IUUC-Hsa-046603,ENSG00000160224.16,O43918,AIRE,Homo sapiens
IUUC-Hsa-046603,ENSG00000160224.16,O43918, APECED,Homo sapiens
IUUC-Hsa-046422,ENSG00000147854.16,Q96PU4,UHRF2,Homo sapiens
IUUC-Hsa-046422,ENSG00000147854.16,Q96PU4, NIRF,Homo sapiens
IUUC-Hsa-046422,ENSG00000147854.16,Q96PU4, RNF107,Homo sapiens
IUUC-Hsa-047032,ENSG00000070047.11,Q9P1Y6,PHRF1,Homo sapiens
IUUC-Hsa-047032,ENSG00000070047.11,Q9P1Y6, KIAA1542,Homo sapiens
IUUC-Hsa-046740,ENSG00000106443.15,A0A0U1RRH6,PHF14,Homo sapiens
IUUC-Hsa-046789,ENSG00000274780.2,B7ZM65,PHRF1,Homo sapiens
IUUC-Hsa-046855,ENSG00000205683.11,Q92784,DPF3,Homo sapiens
IUUC-Hsa-046855,ENSG00000205683.11,Q92784, BAF45C,Homo sapiens
IUUC-Hsa-046855,ENSG00000205683.11,Q92784, CERD4,Homo sapiens
IUUC-Hsa-045908,ENSG00000111642.14,A0A0C4DGG9,CHD4,Homo sapiens
IUUC-Hsa-046399,ENSG00000012817.15,Q9BY66-3,KDM5D,Homo sapiens
IUUC-Hsa-046399,ENSG00000012817.15,Q9BY66-3, HY,Homo sapiens
IUUC-Hsa-046399,ENSG00000012817.15,Q9BY66-3, HYA,Homo sapiens
IUUC-Hsa-046399,ENSG00000012817.15,Q9BY66-3, JARID1D,Homo sapiens
IUUC-Hsa-046399,ENSG00000012817.15,Q9BY66-3, KIAA0234,Homo sapiens
IUUC-Hsa-046399,ENSG00000012817.15,Q9BY66-3, SMCY,Homo sapiens
IUUC-Hsa-046180,ENSG00000173120.14,Q9Y2K7,KDM2A,Homo sapiens
IUUC-Hsa-046180,ENSG00000173120.14,Q9Y2K7, CXXC8,Homo sapiens
IUUC-Hsa-046180,ENSG00000173120.14,Q9Y2K7, FBL7,Homo sapiens
IUUC-Hsa-046180,ENSG00000173120.14,Q9Y2K7, FBXL11,Homo sapiens
IUUC-Hsa-046180,ENSG00000173120.14,Q9Y2K7, JHDM1A,Homo sapiens
IUUC-Hsa-046180,ENSG00000173120.14,Q9Y2K7, KIAA1004,Homo sapiens
IUUC-Hsa-045954,ENSG00000077684.15,Q6IE81,JADE1,Homo sapiens
IUUC-Hsa-045954,ENSG00000077684.15,Q6IE81, KIAA1807,Homo sapiens
IUUC-Hsa-045954,ENSG00000077684.15,Q6IE81, PHF17,Homo sapiens
IUUC-Hsa-046380,ENSG00000109685.17,O96028,WHSC1,Homo sapiens
IUUC-Hsa-046380,ENSG00000109685.17,O96028, NSD2,Homo sapiens
IUUC-Hsa-046380,ENSG00000109685.17,O96028, KIAA1090,Homo sapiens
IUUC-Hsa-046380,ENSG00000109685.17,O96028, MMSET,Homo sapiens
IUUC-Hsa-046380,ENSG00000109685.17,O96028, TRX5,Homo sapiens
IUUC-Hsa-046436,ENSG00000165671.18,Q96L73,NSD1,Homo sapiens
IUUC-Hsa-046436,ENSG00000165671.18,Q96L73, ARA267,Homo sapiens
IUUC-Hsa-046436,ENSG00000165671.18,Q96L73, KMT3B,Homo sapiens
IUUC-Hsa-046188,ENSG00000225553.7,O43189,PHF1,Homo sapiens
IUUC-Hsa-046188,ENSG00000225553.7,O43189, PCL1,Homo sapiens
IUUC-Hsa-046675,ENSG00000135365.15,Q96BD5,PHF21A,Homo sapiens
IUUC-Hsa-046675,ENSG00000135365.15,Q96BD5, BHC80,Homo sapiens
IUUC-Hsa-046675,ENSG00000135365.15,Q96BD5, KIAA1696,Homo sapiens
IUUC-Hsa-046675,ENSG00000135365.15,Q96BD5, BM-006,Homo sapiens
IUUC-Hsa-045933,ENSG00000166436.15,B5MCJ9,TRIM66,Homo sapiens
IUUC-Hsa-045821,ENSG00000073614.12,P29375,KDM5A,Homo sapiens
IUUC-Hsa-045821,ENSG00000073614.12,P29375, JARID1A,Homo sapiens
IUUC-Hsa-045821,ENSG00000073614.12,P29375, RBBP2,Homo sapiens
IUUC-Hsa-045821,ENSG00000073614.12,P29375, RBP2,Homo sapiens
IUUC-Hsa-046706,ENSG00000006459.10,Q6ZMT4,KDM7A,Homo sapiens
IUUC-Hsa-046706,ENSG00000006459.10,Q6ZMT4, JHDM1D,Homo sapiens
IUUC-Hsa-046706,ENSG00000006459.10,Q6ZMT4, KDM7,Homo sapiens
IUUC-Hsa-046706,ENSG00000006459.10,Q6ZMT4, KIAA1718,Homo sapiens
IUUC-Hsa-046225,ENSG00000101191.16,Q9BTC0,DIDO1,Homo sapiens
IUUC-Hsa-046225,ENSG00000101191.16,Q9BTC0, C20orf158,Homo sapiens
IUUC-Hsa-046225,ENSG00000101191.16,Q9BTC0, DATF1,Homo sapiens
IUUC-Hsa-046225,ENSG00000101191.16,Q9BTC0, KIAA0333,Homo sapiens
IUUC-Hsa-046655,ENSG00000138785.14,Q96CB8,INTS12,Homo sapiens
IUUC-Hsa-046655,ENSG00000138785.14,Q96CB8, PHF22,Homo sapiens
IUUC-Hsa-046655,ENSG00000138785.14,Q96CB8, SBBI22,Homo sapiens
IUUC-Hsa-046560,ENSG00000198604.10,Q9NRL2,BAZ1A,Homo sapiens
IUUC-Hsa-046560,ENSG00000198604.10,Q9NRL2, ACF1,Homo sapiens
IUUC-Hsa-046560,ENSG00000198604.10,Q9NRL2, WCRF180,Homo sapiens
IUUC-Hsa-046560,ENSG00000198604.10,Q9NRL2, HSPC317,Homo sapiens
IUUC-Hsa-045916,ENSG00000170004.16,Q12873-3,CHD3,Homo sapiens
IUUC-Hsa-046737,ENSG00000126012.11,P41229,KDM5C,Homo sapiens
IUUC-Hsa-046737,ENSG00000126012.11,P41229, DXS1272E,Homo sapiens
IUUC-Hsa-046737,ENSG00000126012.11,P41229, JARID1C,Homo sapiens
IUUC-Hsa-046737,ENSG00000126012.11,P41229, SMCX,Homo sapiens
IUUC-Hsa-046737,ENSG00000126012.11,P41229, XE169,Homo sapiens
IUUC-Hsa-045967,ENSG00000112511.17,E9PQZ5,PHF1,Homo sapiens
IUUC-Hsa-045895,ENSG00000143033.17,Q9Y483,MTF2,Homo sapiens
IUUC-Hsa-045895,ENSG00000143033.17,Q9Y483, PCL2,Homo sapiens
IUUC-Hsa-045888,ENSG00000117139.16,Q9UGL1-2,KDM5B,Homo sapiens
IUUC-Hsa-045888,ENSG00000117139.16,Q9UGL1-2, JARID1B,Homo sapiens
IUUC-Hsa-045888,ENSG00000117139.16,Q9UGL1-2, PLU1,Homo sapiens
IUUC-Hsa-045888,ENSG00000117139.16,Q9UGL1-2, RBBP2H1,Homo sapiens
IUUC-Hsa-046760,ENSG00000197724.10,O75151,PHF2,Homo sapiens
IUUC-Hsa-046760,ENSG00000197724.10,O75151, CENP-35,Homo sapiens
IUUC-Hsa-046760,ENSG00000197724.10,O75151, KIAA0662,Homo sapiens
IUUC-Hsa-045724,ENSG00000172943.19,Q9UPP1,PHF8,Homo sapiens
IUUC-Hsa-045724,ENSG00000172943.19,Q9UPP1, KIAA1111,Homo sapiens
IUUC-Hsa-045724,ENSG00000172943.19,Q9UPP1, ZNF422,Homo sapiens
IUUC-Hsa-046404,ENSG00000011332.19,Q92782-2,DPF1,Homo sapiens
IUUC-Hsa-046404,ENSG00000011332.19,Q92782-2, BAF45B,Homo sapiens
IUUC-Hsa-046404,ENSG00000011332.19,Q92782-2, NEUD4,Homo sapiens
IUUC-Hsa-047012,ENSG00000165632.7,Q5VWG9,TAF3,Homo sapiens
IUUC-Hsa-046773,ENSG00000009954.10,Q9UIG0,BAZ1B,Homo sapiens
IUUC-Hsa-046773,ENSG00000009954.10,Q9UIG0, WBSC10,Homo sapiens
IUUC-Hsa-046773,ENSG00000009954.10,Q9UIG0, WBSCR10,Homo sapiens
IUUC-Hsa-046773,ENSG00000009954.10,Q9UIG0, WBSCR9,Homo sapiens
IUUC-Hsa-046773,ENSG00000009954.10,Q9UIG0, WSTF,Homo sapiens
IUUC-Hsa-047029,ENSG00000130024.14,Q8WUB8,PHF10,Homo sapiens
IUUC-Hsa-047029,ENSG00000130024.14,Q8WUB8, BAF45A,Homo sapiens
IUUC-Hsa-046878,ENSG00000171634.16,Q12830,BPTF,Homo sapiens
IUUC-Hsa-046878,ENSG00000171634.16,Q12830, FAC1,Homo sapiens
IUUC-Hsa-046878,ENSG00000171634.16,Q12830, FALZ,Homo sapiens
IUUC-Hsa-046080,ENSG00000147548.16,Q9BZ95,WHSC1L1,Homo sapiens
IUUC-Hsa-046080,ENSG00000147548.16,Q9BZ95, NSD3,Homo sapiens
IUUC-Hsa-046080,ENSG00000147548.16,Q9BZ95, DC28,Homo sapiens
IUUC-Hsa-046035,ENSG00000071243.15,Q9NXR8,ING3,Homo sapiens
IUUC-Hsa-046035,ENSG00000071243.15,Q9NXR8, HSPC301,Homo sapiens
IUUC-Hsa-045965,ENSG00000168395.15,Q8WYH8,ING5,Homo sapiens
IUUC-Hsa-045837,ENSG00000168556.6,Q9H160,ING2,Homo sapiens
IUUC-Hsa-045837,ENSG00000168556.6,Q9H160, ING1L,Homo sapiens
IUUC-Hsa-046567,ENSG00000167548.14,O14686,KMT2D,Homo sapiens
IUUC-Hsa-046567,ENSG00000167548.14,O14686, ALR,Homo sapiens
IUUC-Hsa-046567,ENSG00000167548.14,O14686, MLL2,Homo sapiens
IUUC-Hsa-046567,ENSG00000167548.14,O14686, MLL4,Homo sapiens
IUUC-Hsa-046832,ENSG00000083168.9,Q92794,KAT6A,Homo sapiens
IUUC-Hsa-046832,ENSG00000083168.9,Q92794, MOZ,Homo sapiens
IUUC-Hsa-046832,ENSG00000083168.9,Q92794, MYST3,Homo sapiens
IUUC-Hsa-046832,ENSG00000083168.9,Q92794, RUNXBP2,Homo sapiens
IUUC-Hsa-046832,ENSG00000083168.9,Q92794, ZNF220,Homo sapiens
IUUC-Hsa-046181,ENSG00000116254.17,Q8TDI0,CHD5,Homo sapiens
IUUC-Hsa-046181,ENSG00000116254.17,Q8TDI0, KIAA0444,Homo sapiens
IUUC-Hsa-046595,ENSG00000055609.17,Q8NEZ4,KMT2C,Homo sapiens
IUUC-Hsa-046595,ENSG00000055609.17,Q8NEZ4, HALR,Homo sapiens
IUUC-Hsa-046595,ENSG00000055609.17,Q8NEZ4, KIAA1506,Homo sapiens
IUUC-Hsa-046595,ENSG00000055609.17,Q8NEZ4, MLL3,Homo sapiens
IUUC-Hsa-046318,ENSG00000133884.9,J3KMZ8,DPF2,Homo sapiens
IUUC-Hsa-046195,ENSG00000142546.13,Q9Y314,NOSIP,Homo sapiens
IUUC-Hsa-046195,ENSG00000142546.13,Q9Y314, CGI-25,Homo sapiens
IUUC-Hsa-046349,ENSG00000175104.14,Q9Y4K3,TRAF6,Homo sapiens
IUUC-Hsa-046349,ENSG00000175104.14,Q9Y4K3, RNF85,Homo sapiens
IUUC-Hsa-046046,ENSG00000228405.5,Q99942,RNF5,Homo sapiens
IUUC-Hsa-046046,ENSG00000228405.5,Q99942, G16,Homo sapiens
IUUC-Hsa-046046,ENSG00000228405.5,Q99942, NG2,Homo sapiens
IUUC-Hsa-046046,ENSG00000228405.5,Q99942, RMA1,Homo sapiens
IUUC-Hsa-046979,ENSG00000224168.9,Q9BZY9,TRIM31,Homo sapiens
IUUC-Hsa-046979,ENSG00000224168.9,Q9BZY9, C6orf13,Homo sapiens
IUUC-Hsa-046979,ENSG00000224168.9,Q9BZY9, RNF,Homo sapiens
IUUC-Hsa-046497,ENSG00000230230.7,Q12899,TRIM26,Homo sapiens
IUUC-Hsa-046497,ENSG00000230230.7,Q12899, RNF95,Homo sapiens
IUUC-Hsa-046497,ENSG00000230230.7,Q12899, ZNF173,Homo sapiens
IUUC-Hsa-046600,ENSG00000178809.11,Q86UV7,TRIM73,Homo sapiens
IUUC-Hsa-046600,ENSG00000178809.11,Q86UV7, TRIM50B,Homo sapiens
IUUC-Hsa-045719,ENSG00000224994.9,Q9HCM9,TRIM39,Homo sapiens
IUUC-Hsa-045719,ENSG00000224994.9,Q9HCM9, RNF23,Homo sapiens
IUUC-Hsa-045719,ENSG00000224994.9,Q9HCM9, TFP,Homo sapiens
IUUC-Hsa-046006,ENSG00000121236.20,Q9C030,TRIM6,Homo sapiens
IUUC-Hsa-046006,ENSG00000121236.20,Q9C030, RNF89,Homo sapiens
IUUC-Hsa-046573,ENSG00000132256.18,Q9C035,TRIM5,Homo sapiens
IUUC-Hsa-046573,ENSG00000132256.18,Q9C035, RNF88,Homo sapiens
IUUC-Hsa-046363,ENSG00000132274.15,Q8IYM9,TRIM22,Homo sapiens
IUUC-Hsa-046363,ENSG00000132274.15,Q8IYM9, RNF94,Homo sapiens
IUUC-Hsa-046363,ENSG00000132274.15,Q8IYM9, STAF50,Homo sapiens
IUUC-Hsa-046085,ENSG00000162931.11,Q9Y577,TRIM17,Homo sapiens
IUUC-Hsa-046085,ENSG00000162931.11,Q9Y577, RBCC,Homo sapiens
IUUC-Hsa-046085,ENSG00000162931.11,Q9Y577, RNF16,Homo sapiens
IUUC-Hsa-046085,ENSG00000162931.11,Q9Y577, TERF,Homo sapiens
IUUC-Hsa-046161,ENSG00000112343.10,O00635,TRIM38,Homo sapiens
IUUC-Hsa-046161,ENSG00000112343.10,O00635, RNF15,Homo sapiens
IUUC-Hsa-046161,ENSG00000112343.10,O00635, RORET,Homo sapiens
IUUC-Hsa-046707,ENSG00000146833.15,Q9C037,TRIM4,Homo sapiens
IUUC-Hsa-046707,ENSG00000146833.15,Q9C037, RNF87,Homo sapiens
IUUC-Hsa-046123,ENSG00000258588.3,Q9BYJ4,TRIM6-TRIM34,Homo sapiens
IUUC-Hsa-046123,ENSG00000258588.3,Q9BYJ4, TRIM34,Homo sapiens
IUUC-Hsa-046123,ENSG00000258588.3,Q9BYJ4, IFP1,Homo sapiens
IUUC-Hsa-046123,ENSG00000258588.3,Q9BYJ4, RNF21,Homo sapiens
IUUC-Hsa-046849,ENSG00000122257.18,Q7Z6E9,RBBP6,Homo sapiens
IUUC-Hsa-046849,ENSG00000122257.18,Q7Z6E9, P2PR,Homo sapiens
IUUC-Hsa-046849,ENSG00000122257.18,Q7Z6E9, PACT,Homo sapiens
IUUC-Hsa-046849,ENSG00000122257.18,Q7Z6E9, RBQ1,Homo sapiens
IUUC-Hsa-046849,ENSG00000122257.18,Q7Z6E9, My038,Homo sapiens
IUUC-Hsa-046402,ENSG00000181852.17,Q9H4P4,RNF41,Homo sapiens
IUUC-Hsa-046402,ENSG00000181852.17,Q9H4P4, FLRF,Homo sapiens
IUUC-Hsa-046402,ENSG00000181852.17,Q9H4P4, NRDP1,Homo sapiens
IUUC-Hsa-046402,ENSG00000181852.17,Q9H4P4, SBBI03,Homo sapiens
IUUC-Hsa-046880,ENSG00000130939.18,O95155,UBE4B,Homo sapiens
IUUC-Hsa-046880,ENSG00000130939.18,O95155, HDNB1,Homo sapiens
IUUC-Hsa-046880,ENSG00000130939.18,O95155, KIAA0684,Homo sapiens
IUUC-Hsa-046880,ENSG00000130939.18,O95155, UFD2,Homo sapiens
IUUC-Hsa-046939,ENSG00000056972.18,O43734,TRAF3IP2,Homo sapiens
IUUC-Hsa-046939,ENSG00000056972.18,O43734, C6orf2,Homo sapiens
IUUC-Hsa-046939,ENSG00000056972.18,O43734, C6orf4,Homo sapiens
IUUC-Hsa-046939,ENSG00000056972.18,O43734, C6orf5,Homo sapiens
IUUC-Hsa-046939,ENSG00000056972.18,O43734, C6orf6,Homo sapiens
IUUC-Hsa-045709,ENSG00000100023.18,Q13356,PPIL2,Homo sapiens
IUUC-Hsa-046039,ENSG00000146755.10,Q86XT4,TRIM50,Homo sapiens
IUUC-Hsa-046039,ENSG00000146755.10,Q86XT4, TRIM50A,Homo sapiens
IUUC-Hsa-046533,ENSG00000177238.13,Q6ZMU5,TRIM72,Homo sapiens
IUUC-Hsa-046533,ENSG00000177238.13,Q6ZMU5, MG53,Homo sapiens
IUUC-Hsa-045828,ENSG00000121060.15,Q14258,TRIM25,Homo sapiens
IUUC-Hsa-045828,ENSG00000121060.15,Q14258, EFP,Homo sapiens
IUUC-Hsa-045828,ENSG00000121060.15,Q14258, RNF147,Homo sapiens
IUUC-Hsa-045828,ENSG00000121060.15,Q14258, ZNF147,Homo sapiens
IUUC-Hsa-046649,ENSG00000158717.10,Q96A37,RNF166,Homo sapiens
IUUC-Hsa-045690,ENSG00000213186.7,Q8IWR1,TRIM59,Homo sapiens
IUUC-Hsa-045690,ENSG00000213186.7,Q8IWR1, RNF104,Homo sapiens
IUUC-Hsa-045690,ENSG00000213186.7,Q8IWR1, TRIM57,Homo sapiens
IUUC-Hsa-045690,ENSG00000213186.7,Q8IWR1, TSBF1,Homo sapiens
IUUC-Hsa-046042,ENSG00000104228.12,Q9UPQ4,TRIM35,Homo sapiens
IUUC-Hsa-046042,ENSG00000104228.12,Q9UPQ4, HLS5,Homo sapiens
IUUC-Hsa-046042,ENSG00000104228.12,Q9UPQ4, KIAA1098,Homo sapiens
IUUC-Hsa-046158,ENSG00000171206.13,Q9BZR9,TRIM8,Homo sapiens
IUUC-Hsa-046158,ENSG00000171206.13,Q9BZR9, GERP,Homo sapiens
IUUC-Hsa-046158,ENSG00000171206.13,Q9BZR9, RNF27,Homo sapiens
IUUC-Hsa-046031,ENSG00000167333.12,Q6AZZ1,TRIM68,Homo sapiens
IUUC-Hsa-046031,ENSG00000167333.12,Q6AZZ1, GC109,Homo sapiens
IUUC-Hsa-046031,ENSG00000167333.12,Q6AZZ1, RNF137,Homo sapiens
IUUC-Hsa-046031,ENSG00000167333.12,Q6AZZ1, SS56,Homo sapiens
IUUC-Hsa-047025,ENSG00000116525.13,Q9BVG3,TRIM62,Homo sapiens
IUUC-Hsa-046704,ENSG00000156831.7,Q96MF7,NSMCE2,Homo sapiens
IUUC-Hsa-046704,ENSG00000156831.7,Q96MF7, C8orf36,Homo sapiens
IUUC-Hsa-046704,ENSG00000156831.7,Q96MF7, MMS21,Homo sapiens
IUUC-Hsa-046332,ENSG00000154370.14,Q96F44,TRIM11,Homo sapiens
IUUC-Hsa-046332,ENSG00000154370.14,Q96F44, RNF92,Homo sapiens
IUUC-Hsa-046700,ENSG00000144015.4,Q96BQ3,TRIM43,Homo sapiens
IUUC-Hsa-046113,ENSG00000141569.10,Q6PJ69,TRIM65,Homo sapiens
IUUC-Hsa-046469,ENSG00000132481.6,Q96LD4,TRIM47,Homo sapiens
IUUC-Hsa-046469,ENSG00000132481.6,Q96LD4, GOA,Homo sapiens
IUUC-Hsa-046469,ENSG00000132481.6,Q96LD4, RNF100,Homo sapiens
IUUC-Hsa-046583,ENSG00000132109.9,P19474,TRIM21,Homo sapiens
IUUC-Hsa-046583,ENSG00000132109.9,P19474, RNF81,Homo sapiens
IUUC-Hsa-046583,ENSG00000132109.9,P19474, RO52,Homo sapiens
IUUC-Hsa-046583,ENSG00000132109.9,P19474, SSA1,Homo sapiens
IUUC-Hsa-046176,ENSG00000110344.9,Q14139,UBE4A,Homo sapiens
IUUC-Hsa-046176,ENSG00000110344.9,Q14139, KIAA0126,Homo sapiens
IUUC-Hsa-046280,ENSG00000124226.10,Q9Y508,RNF114,Homo sapiens
IUUC-Hsa-046280,ENSG00000124226.10,Q9Y508, ZNF228,Homo sapiens
IUUC-Hsa-046280,ENSG00000124226.10,Q9Y508, ZNF313,Homo sapiens
IUUC-Hsa-046036,ENSG00000110107.8,Q9UMS4,PRPF19,Homo sapiens
IUUC-Hsa-046036,ENSG00000110107.8,Q9UMS4, NMP200,Homo sapiens
IUUC-Hsa-046036,ENSG00000110107.8,Q9UMS4, PRP19,Homo sapiens
IUUC-Hsa-046036,ENSG00000110107.8,Q9UMS4, SNEV,Homo sapiens
IUUC-Hsa-046872,ENSG00000103266.10,Q9UNE7,STUB1,Homo sapiens
IUUC-Hsa-046872,ENSG00000103266.10,Q9UNE7, CHIP,Homo sapiens
IUUC-Hsa-046872,ENSG00000103266.10,Q9UNE7, PP1131,Homo sapiens
IUUC-Hsa-046518,ENSG00000101695.8,Q96EQ8,RNF125,Homo sapiens
IUUC-Hsa-045766,ENSG00000185019.16,O94941,UBOX5,Homo sapiens
IUUC-Hsa-045766,ENSG00000185019.16,O94941, KIAA0860,Homo sapiens
IUUC-Hsa-045766,ENSG00000185019.16,O94941, RNF37,Homo sapiens
IUUC-Hsa-045766,ENSG00000185019.16,O94941, UBCE7IP5,Homo sapiens
IUUC-Hsa-045766,ENSG00000185019.16,O94941, UIP5,Homo sapiens
IUUC-Hsa-046097,ENSG00000179580.9,Q2KHN1,RNF151,Homo sapiens
IUUC-Hsa-045770,ENSG00000226437.9,A0A140TA46,TRIM39,Homo sapiens
IUUC-Hsa-045987,ENSG00000232839.9,A0A0G2JKY0,TRIM39,Homo sapiens
IUUC-Hsa-046092,ENSG00000169744.12,G5E9Y7,LDB2,Homo sapiens
IUUC-Hsa-046092,ENSG00000169744.12,G5E9Y7, hCG_1811661,Homo sapiens
IUUC-Hsa-046727,ENSG00000226402.8,NA,NA,Homo sapiens
IUUC-Hsa-046260,ENSG00000229346.8,Q9UDY6,TRIM10,Homo sapiens
IUUC-Hsa-046260,ENSG00000229346.8,Q9UDY6, RFB30,Homo sapiens
IUUC-Hsa-046260,ENSG00000229346.8,Q9UDY6, RNF9,Homo sapiens
IUUC-Hsa-045892,ENSG00000233573.9,NA,NA,Homo sapiens
IUUC-Hsa-046328,ENSG00000165966.14,Q6ZMN7,PDZRN4,Homo sapiens
IUUC-Hsa-046328,ENSG00000165966.14,Q6ZMN7, LNX4,Homo sapiens
IUUC-Hsa-046328,ENSG00000165966.14,Q6ZMN7, SEMCAP3L,Homo sapiens
IUUC-Hsa-046592,ENSG00000154359.12,Q17RB8,LONRF1,Homo sapiens
IUUC-Hsa-046592,ENSG00000154359.12,Q17RB8, RNF191,Homo sapiens
IUUC-Hsa-046630,ENSG00000170500.12,Q1L5Z9,LONRF2,Homo sapiens
IUUC-Hsa-046630,ENSG00000170500.12,Q1L5Z9, RNF192,Homo sapiens
IUUC-Hsa-045695,ENSG00000175556.16,Q496Y0,LONRF3,Homo sapiens
IUUC-Hsa-045695,ENSG00000175556.16,Q496Y0, RNF127,Homo sapiens
IUUC-Hsa-045910,ENSG00000196151.10,Q8N9V3,WDSUB1,Homo sapiens
IUUC-Hsa-045910,ENSG00000196151.10,Q8N9V3, WDSAM1,Homo sapiens
IUUC-Hsa-046467,ENSG00000137397.18,NA,NA,Homo sapiens
IUUC-Hsa-046644,ENSG00000169126.15,Q5T2S8,ARMC4,Homo sapiens
IUUC-Hsa-046478,ENSG00000146054.17,Q9C029,TRIM7,Homo sapiens
IUUC-Hsa-046478,ENSG00000146054.17,Q9C029, GNIP,Homo sapiens
IUUC-Hsa-046478,ENSG00000146054.17,Q9C029, RNF90,Homo sapiens
IUUC-Hsa-046695,ENSG00000105325.13,Q9UM11,FZR1,Homo sapiens
IUUC-Hsa-046695,ENSG00000105325.13,Q9UM11, CDH1,Homo sapiens
IUUC-Hsa-046695,ENSG00000105325.13,Q9UM11, FYR,Homo sapiens
IUUC-Hsa-046695,ENSG00000105325.13,Q9UM11, FZR,Homo sapiens
IUUC-Hsa-046695,ENSG00000105325.13,Q9UM11, KIAA1242,Homo sapiens
IUUC-Hsa-046305,ENSG00000117399.13,Q12834,CDC20,Homo sapiens
IUUC-Hsa-046792,ENSG00000008853.16,Q9BYZ6,RHOBTB2,Homo sapiens
IUUC-Hsa-046792,ENSG00000008853.16,Q9BYZ6, DBC2,Homo sapiens
IUUC-Hsa-046792,ENSG00000008853.16,Q9BYZ6, KIAA0717,Homo sapiens
IUUC-Hsa-045944,ENSG00000168301.12,Q8NC69,KCTD6,Homo sapiens
IUUC-Hsa-046587,ENSG00000164292.12,O94955,RHOBTB3,Homo sapiens
IUUC-Hsa-046587,ENSG00000164292.12,O94955, KIAA0878,Homo sapiens
IUUC-Hsa-046837,ENSG00000179456.10,Q99592,ZBTB18,Homo sapiens
IUUC-Hsa-046837,ENSG00000179456.10,Q99592, RP58,Homo sapiens
IUUC-Hsa-046837,ENSG00000179456.10,Q99592, TAZ1,Homo sapiens
IUUC-Hsa-046837,ENSG00000179456.10,Q99592, ZNF238,Homo sapiens
IUUC-Hsa-045996,ENSG00000188997.7,Q4G0X4,KCTD21,Homo sapiens
IUUC-Hsa-046839,ENSG00000072422.16,O94844,RHOBTB1,Homo sapiens
IUUC-Hsa-046839,ENSG00000072422.16,O94844, KIAA0740,Homo sapiens
IUUC-Hsa-046116,ENSG00000213859.4,Q693B1,KCTD11,Homo sapiens
IUUC-Hsa-046116,ENSG00000213859.4,Q693B1, C17orf36,Homo sapiens
IUUC-Hsa-046116,ENSG00000213859.4,Q693B1, REN,Homo sapiens
IUUC-Hsa-045986,ENSG00000174943.9,Q8WZ19,KCTD13,Homo sapiens
IUUC-Hsa-045986,ENSG00000174943.9,Q8WZ19, BACURD1,Homo sapiens
IUUC-Hsa-045986,ENSG00000174943.9,Q8WZ19, PDIP1,Homo sapiens
IUUC-Hsa-045986,ENSG00000174943.9,Q8WZ19, POLDIP1,Homo sapiens
IUUC-Hsa-045986,ENSG00000174943.9,Q8WZ19, FKSG86,Homo sapiens
IUUC-Hsa-045986,ENSG00000174943.9,Q8WZ19, PP6832,Homo sapiens
IUUC-Hsa-045899,ENSG00000167977.8,Q9NXV2,KCTD5,Homo sapiens
IUUC-Hsa-047035,ENSG00000188827.10,Q8IY92,SLX4,Homo sapiens
IUUC-Hsa-047035,ENSG00000188827.10,Q8IY92, BTBD12,Homo sapiens
IUUC-Hsa-047035,ENSG00000188827.10,Q8IY92, KIAA1784,Homo sapiens
IUUC-Hsa-047035,ENSG00000188827.10,Q8IY92, KIAA1987,Homo sapiens
IUUC-Hsa-046420,ENSG00000161940.10,Q8N143,BCL6B,Homo sapiens
IUUC-Hsa-046420,ENSG00000161940.10,Q8N143, BAZF,Homo sapiens
IUUC-Hsa-046420,ENSG00000161940.10,Q8N143, ZNF62,Homo sapiens
IUUC-Hsa-046990,ENSG00000160877.5,Q96RE7,NACC1,Homo sapiens
IUUC-Hsa-046990,ENSG00000160877.5,Q96RE7, BTBD14B,Homo sapiens
IUUC-Hsa-046990,ENSG00000160877.5,Q96RE7, NAC1,Homo sapiens
IUUC-Hsa-045733,ENSG00000114626.17,Q969K4,ABTB1,Homo sapiens
IUUC-Hsa-045733,ENSG00000114626.17,Q969K4, BPOZ,Homo sapiens
IUUC-Hsa-045733,ENSG00000114626.17,Q969K4, PP2259,Homo sapiens
IUUC-Hsa-046091,ENSG00000109079.9,Q13829,TNFAIP1,Homo sapiens
IUUC-Hsa-046091,ENSG00000109079.9,Q13829, BACURD2,Homo sapiens
IUUC-Hsa-046091,ENSG00000109079.9,Q13829, EDP1,Homo sapiens
IUUC-Hsa-045744,ENSG00000185271.7,A0A1B0GUB7,KLHL33,Homo sapiens
IUUC-Hsa-045696,ENSG00000189195.10,A0A1B0GUL6,BTBD8,Homo sapiens
IUUC-Hsa-046756,ENSG00000283068.1,Q9P2D0,IBTK,Homo sapiens
IUUC-Hsa-046756,ENSG00000283068.1,Q9P2D0, BTKI,Homo sapiens
IUUC-Hsa-046756,ENSG00000283068.1,Q9P2D0, KIAA1417,Homo sapiens
IUUC-Hsa-046103,ENSG00000277222.4,Q9P203,BTBD7,Homo sapiens
IUUC-Hsa-046103,ENSG00000277222.4,Q9P203, KIAA1525,Homo sapiens
IUUC-Hsa-046697,ENSG00000273274.1,Q8NAP8,ZBTB8B,Homo sapiens
IUUC-Hsa-045758,ENSG00000089775.11,P24278,ZBTB25,Homo sapiens
IUUC-Hsa-045758,ENSG00000089775.11,P24278, C14orf51,Homo sapiens
IUUC-Hsa-045758,ENSG00000089775.11,P24278, KUP,Homo sapiens
IUUC-Hsa-045758,ENSG00000089775.11,P24278, ZNF46,Homo sapiens
IUUC-Hsa-046392,ENSG00000135686.12,Q8N4N3,KLHL36,Homo sapiens
IUUC-Hsa-046392,ENSG00000135686.12,Q8N4N3, C16orf44,Homo sapiens
IUUC-Hsa-046421,ENSG00000179627.9,B2RXF5,ZBTB42,Homo sapiens
IUUC-Hsa-046418,ENSG00000126804.13,Q9Y2K1,ZBTB1,Homo sapiens
IUUC-Hsa-046418,ENSG00000126804.13,Q9Y2K1, KIAA0997,Homo sapiens
IUUC-Hsa-046044,ENSG00000149243.15,Q6PF15,KLHL35,Homo sapiens
IUUC-Hsa-045829,ENSG00000184828.9,A1YPR0,ZBTB7C,Homo sapiens
IUUC-Hsa-045829,ENSG00000184828.9,A1YPR0, APM1,Homo sapiens
IUUC-Hsa-045829,ENSG00000184828.9,A1YPR0, ZBTB36,Homo sapiens
IUUC-Hsa-045829,ENSG00000184828.9,A1YPR0, ZNF857C,Homo sapiens
IUUC-Hsa-046190,ENSG00000123444.13,A0A075B6T4,KBTBD4,Homo sapiens
IUUC-Hsa-046213,ENSG00000196323.11,H0YEM9,ZBTB44,Homo sapiens
IUUC-Hsa-045856,ENSG00000182359.14,Q8NAB2,KBTBD3,Homo sapiens
IUUC-Hsa-045856,ENSG00000182359.14,Q8NAB2, BKLHD3,Homo sapiens
IUUC-Hsa-046132,ENSG00000177311.11,Q8NAP3,ZBTB38,Homo sapiens
IUUC-Hsa-046829,ENSG00000172262.11,P52739,ZNF131,Homo sapiens
IUUC-Hsa-046149,ENSG00000119771.14,Q96CT2,KLHL29,Homo sapiens
IUUC-Hsa-046149,ENSG00000119771.14,Q96CT2, KBTBD9,Homo sapiens
IUUC-Hsa-046149,ENSG00000119771.14,Q96CT2, KIAA1921,Homo sapiens
IUUC-Hsa-047018,ENSG00000254553.1,Q8NAP8-2,RP1-27O5.3,Homo sapiens
IUUC-Hsa-047018,ENSG00000254553.1,Q8NAP8-2, ZBTB8B,Homo sapiens
IUUC-Hsa-046472,ENSG00000181722.16,Q9HC78,ZBTB20,Homo sapiens
IUUC-Hsa-046472,ENSG00000181722.16,Q9HC78, DPZF,Homo sapiens
IUUC-Hsa-046472,ENSG00000181722.16,Q9HC78, ZNF288,Homo sapiens
IUUC-Hsa-045855,ENSG00000222009.8,C9JJ37,BTBD19,Homo sapiens
IUUC-Hsa-046814,ENSG00000233436.7,B2RXH4,BTBD18,Homo sapiens
IUUC-Hsa-045764,ENSG00000166016.5,Q8N961,ABTB2,Homo sapiens
IUUC-Hsa-046808,ENSG00000236104.2,O15209,ZBTB22,Homo sapiens
IUUC-Hsa-046808,ENSG00000236104.2,O15209, BING1,Homo sapiens
IUUC-Hsa-046808,ENSG00000236104.2,O15209, ZBTB22A,Homo sapiens
IUUC-Hsa-046808,ENSG00000236104.2,O15209, ZNF297,Homo sapiens
IUUC-Hsa-045789,ENSG00000136161.12,B4DWG0,RCBTB2,Homo sapiens
IUUC-Hsa-046458,ENSG00000205189.11,Q96DT7,ZBTB10,Homo sapiens
IUUC-Hsa-046458,ENSG00000205189.11,Q96DT7, RINZF,Homo sapiens
IUUC-Hsa-046458,ENSG00000205189.11,Q96DT7, RINZFC,Homo sapiens
IUUC-Hsa-046812,ENSG00000160685.13,O15156-2,ZBTB7B,Homo sapiens
IUUC-Hsa-046812,ENSG00000160685.13,O15156-2, ZBTB15,Homo sapiens
IUUC-Hsa-046812,ENSG00000160685.13,O15156-2, ZFP67,Homo sapiens
IUUC-Hsa-046812,ENSG00000160685.13,O15156-2, ZNF857B,Homo sapiens
IUUC-Hsa-045922,ENSG00000163376.11,Q8NFY9,KBTBD8,Homo sapiens
IUUC-Hsa-045922,ENSG00000163376.11,Q8NFY9, KIAA1842,Homo sapiens
IUUC-Hsa-045922,ENSG00000163376.11,Q8NFY9, TAKRP,Homo sapiens
IUUC-Hsa-045736,ENSG00000168427.8,Q0D2K2,KLHL30,Homo sapiens
IUUC-Hsa-046397,ENSG00000169635.9,Q96JB3,HIC2,Homo sapiens
IUUC-Hsa-046397,ENSG00000169635.9,Q96JB3, HRG22,Homo sapiens
IUUC-Hsa-046397,ENSG00000169635.9,Q96JB3, KIAA1020,Homo sapiens
IUUC-Hsa-046397,ENSG00000169635.9,Q96JB3, ZBTB30,Homo sapiens
IUUC-Hsa-046095,ENSG00000124743.5,Q9H511,KLHL31,Homo sapiens
IUUC-Hsa-046095,ENSG00000124743.5,Q9H511, BKLHD6,Homo sapiens
IUUC-Hsa-046095,ENSG00000124743.5,Q9H511, KBTBD1,Homo sapiens
IUUC-Hsa-046095,ENSG00000124743.5,Q9H511, KLHL,Homo sapiens
IUUC-Hsa-046648,ENSG00000113916.17,P41182,BCL6,Homo sapiens
IUUC-Hsa-046648,ENSG00000113916.17,P41182, BCL5,Homo sapiens
IUUC-Hsa-046648,ENSG00000113916.17,P41182, LAZ3,Homo sapiens
IUUC-Hsa-046648,ENSG00000113916.17,P41182, ZBTB27,Homo sapiens
IUUC-Hsa-046648,ENSG00000113916.17,P41182, ZNF51,Homo sapiens
IUUC-Hsa-045970,ENSG00000132640.14,Q9Y2F9,BTBD3,Homo sapiens
IUUC-Hsa-045970,ENSG00000132640.14,Q9Y2F9, KIAA0952,Homo sapiens
IUUC-Hsa-045929,ENSG00000187715.13,Q3ZCT8,KBTBD12,Homo sapiens
IUUC-Hsa-045929,ENSG00000187715.13,Q3ZCT8, KLHDC6,Homo sapiens
IUUC-Hsa-046274,ENSG00000100379.17,Q8N5Z5,KCTD17,Homo sapiens
IUUC-Hsa-047024,ENSG00000213588.5,Q96C00,ZBTB9,Homo sapiens
IUUC-Hsa-046448,ENSG00000185670.7,Q9H5J0,ZBTB3,Homo sapiens
IUUC-Hsa-046005,ENSG00000184887.13,Q96KE9,BTBD6,Homo sapiens
IUUC-Hsa-046005,ENSG00000184887.13,Q96KE9, BDPL,Homo sapiens
IUUC-Hsa-046542,ENSG00000206280.7,A2AB93,ZBTB22,Homo sapiens
IUUC-Hsa-045806,ENSG00000174282.11,Q9P1Z0,ZBTB4,Homo sapiens
IUUC-Hsa-045806,ENSG00000174282.11,Q9P1Z0, KIAA1538,Homo sapiens
IUUC-Hsa-045932,ENSG00000185915.5,Q8N239,KLHL34,Homo sapiens
IUUC-Hsa-046618,ENSG00000204859.12,P10074,ZBTB48,Homo sapiens
IUUC-Hsa-046618,ENSG00000204859.12,P10074, HKR3,Homo sapiens
IUUC-Hsa-046618,ENSG00000204859.12,P10074, TZAP,Homo sapiens
IUUC-Hsa-046618,ENSG00000204859.12,P10074, ZNF855,Homo sapiens
IUUC-Hsa-046073,ENSG00000116809.11,Q13105-2,ZBTB17,Homo sapiens
IUUC-Hsa-046073,ENSG00000116809.11,Q13105-2, MIZ1,Homo sapiens
IUUC-Hsa-046073,ENSG00000116809.11,Q13105-2, ZNF151,Homo sapiens
IUUC-Hsa-046073,ENSG00000116809.11,Q13105-2, ZNF60,Homo sapiens
IUUC-Hsa-046841,ENSG00000184677.16,Q9NUA8,ZBTB40,Homo sapiens
IUUC-Hsa-046841,ENSG00000184677.16,Q9NUA8, KIAA0478,Homo sapiens
IUUC-Hsa-046109,ENSG00000186130.4,Q15916,ZBTB6,Homo sapiens
IUUC-Hsa-046109,ENSG00000186130.4,Q15916, ZID,Homo sapiens
IUUC-Hsa-046109,ENSG00000186130.4,Q15916, ZNF482,Homo sapiens
IUUC-Hsa-046094,ENSG00000160062.14,Q96BR9,ZBTB8A,Homo sapiens
IUUC-Hsa-046094,ENSG00000160062.14,Q96BR9, BOZF1,Homo sapiens
IUUC-Hsa-045748,ENSG00000169155.9,O43298,ZBTB43,Homo sapiens
IUUC-Hsa-045748,ENSG00000169155.9,O43298, KIAA0414,Homo sapiens
IUUC-Hsa-045748,ENSG00000169155.9,O43298, ZBTB22B,Homo sapiens
IUUC-Hsa-045748,ENSG00000169155.9,O43298, ZNF297B,Homo sapiens
IUUC-Hsa-045955,ENSG00000148411.7,Q96BF6,NACC2,Homo sapiens
IUUC-Hsa-045955,ENSG00000148411.7,Q96BF6, BTBD14A,Homo sapiens
IUUC-Hsa-045955,ENSG00000148411.7,Q96BF6, NAC2,Homo sapiens
IUUC-Hsa-045955,ENSG00000148411.7,Q96BF6, RBB,Homo sapiens
IUUC-Hsa-045799,ENSG00000186231.16,Q96NJ5,KLHL32,Homo sapiens
IUUC-Hsa-045799,ENSG00000186231.16,Q96NJ5, BKLHD5,Homo sapiens
IUUC-Hsa-045799,ENSG00000186231.16,Q96NJ5, KIAA1900,Homo sapiens
IUUC-Hsa-046102,ENSG00000185278.15,Q5TC79,ZBTB37,Homo sapiens
IUUC-Hsa-045753,ENSG00000116679.15,Q9Y6Y0,IVNS1ABP,Homo sapiens
IUUC-Hsa-045753,ENSG00000116679.15,Q9Y6Y0, ARA3,Homo sapiens
IUUC-Hsa-045753,ENSG00000116679.15,Q9Y6Y0, FLARA3,Homo sapiens
IUUC-Hsa-045753,ENSG00000116679.15,Q9Y6Y0, KIAA0850,Homo sapiens
IUUC-Hsa-045753,ENSG00000116679.15,Q9Y6Y0, NS1,Homo sapiens
IUUC-Hsa-045753,ENSG00000116679.15,Q9Y6Y0, NS1BP,Homo sapiens
IUUC-Hsa-045753,ENSG00000116679.15,Q9Y6Y0, HSPC068,Homo sapiens
IUUC-Hsa-046070,ENSG00000177888.7,Q5SVQ8,ZBTB41,Homo sapiens
IUUC-Hsa-046070,ENSG00000177888.7,Q5SVQ8, FRBZ1,Homo sapiens
IUUC-Hsa-046282,ENSG00000197705.9,Q9P2G3,KLHL14,Homo sapiens
IUUC-Hsa-046282,ENSG00000197705.9,Q9P2G3, KIAA1384,Homo sapiens
IUUC-Hsa-046032,ENSG00000198081.10,O43829,ZBTB14,Homo sapiens
IUUC-Hsa-046032,ENSG00000198081.10,O43829, ZFP161,Homo sapiens
IUUC-Hsa-046032,ENSG00000198081.10,O43829, ZNF478,Homo sapiens
IUUC-Hsa-046645,ENSG00000119574.12,Q96K62,ZBTB45,Homo sapiens
IUUC-Hsa-046645,ENSG00000119574.12,Q96K62, ZNF499,Homo sapiens
IUUC-Hsa-045942,ENSG00000085274.15,Q9NPC7,MYNN,Homo sapiens
IUUC-Hsa-045942,ENSG00000085274.15,Q9NPC7, OSZF,Homo sapiens
IUUC-Hsa-045942,ENSG00000085274.15,Q9NPC7, ZBTB31,Homo sapiens
IUUC-Hsa-045942,ENSG00000085274.15,Q9NPC7, SBBIZ1,Homo sapiens
IUUC-Hsa-046234,ENSG00000125812.15,Q9H116,GZF1,Homo sapiens
IUUC-Hsa-046234,ENSG00000125812.15,Q9H116, ZBTB23,Homo sapiens
IUUC-Hsa-046234,ENSG00000125812.15,Q9H116, ZNF336,Homo sapiens
IUUC-Hsa-045928,ENSG00000168826.15,Q6ZSB9,ZBTB49,Homo sapiens
IUUC-Hsa-045928,ENSG00000168826.15,Q6ZSB9, ZNF509,Homo sapiens
IUUC-Hsa-046824,ENSG00000109906.13,Q05516,ZBTB16,Homo sapiens
IUUC-Hsa-046824,ENSG00000109906.13,Q05516, PLZF,Homo sapiens
IUUC-Hsa-046824,ENSG00000109906.13,Q05516, ZNF145,Homo sapiens
IUUC-Hsa-046433,ENSG00000185972.5,Q13939,CCIN,Homo sapiens
IUUC-Hsa-045874,ENSG00000174010.9,Q96M94,KLHL15,Homo sapiens
IUUC-Hsa-045874,ENSG00000174010.9,Q96M94, KIAA1677,Homo sapiens
IUUC-Hsa-045883,ENSG00000177485.6,Q86T24,ZBTB33,Homo sapiens
IUUC-Hsa-045883,ENSG00000177485.6,Q86T24, KAISO,Homo sapiens
IUUC-Hsa-045883,ENSG00000177485.6,Q86T24, ZNF348,Homo sapiens
IUUC-Hsa-046517,ENSG00000181472.4,Q8N680,ZBTB2,Homo sapiens
IUUC-Hsa-046517,ENSG00000181472.4,Q8N680, KIAA1483,Homo sapiens
IUUC-Hsa-046517,ENSG00000181472.4,Q8N680, ZNF437,Homo sapiens
IUUC-Hsa-046769,ENSG00000177374.12,Q14526,HIC1,Homo sapiens
IUUC-Hsa-046769,ENSG00000177374.12,Q14526, ZBTB29,Homo sapiens
IUUC-Hsa-047004,ENSG00000180901.10,Q14681,KCTD2,Homo sapiens
IUUC-Hsa-047004,ENSG00000180901.10,Q14681, KIAA0176,Homo sapiens
IUUC-Hsa-046303,ENSG00000178951.8,O95365,ZBTB7A,Homo sapiens
IUUC-Hsa-046303,ENSG00000178951.8,O95365, FBI1,Homo sapiens
IUUC-Hsa-046303,ENSG00000178951.8,O95365, LRF,Homo sapiens
IUUC-Hsa-046303,ENSG00000178951.8,O95365, ZBTB7,Homo sapiens
IUUC-Hsa-046303,ENSG00000178951.8,O95365, ZNF857A,Homo sapiens
IUUC-Hsa-046663,ENSG00000177125.5,A0A0C4DFQ2,ZBTB34,Homo sapiens
IUUC-Hsa-046480,ENSG00000066422.4,O95625,ZBTB11,Homo sapiens
IUUC-Hsa-046569,ENSG00000173276.13,Q9ULJ3,ZBTB21,Homo sapiens
IUUC-Hsa-046569,ENSG00000173276.13,Q9ULJ3, KIAA1227,Homo sapiens
IUUC-Hsa-046569,ENSG00000173276.13,Q9ULJ3, ZNF295,Homo sapiens
IUUC-Hsa-046027,ENSG00000168795.4,O15062,ZBTB5,Homo sapiens
IUUC-Hsa-046027,ENSG00000168795.4,O15062, KIAA0354,Homo sapiens
IUUC-Hsa-045859,ENSG00000167487.11,Q53HC5,KLHL26,Homo sapiens
IUUC-Hsa-045691,ENSG00000166860.2,O15060,ZBTB39,Homo sapiens
IUUC-Hsa-045691,ENSG00000166860.2,O15060, KIAA0352,Homo sapiens
IUUC-Hsa-045915,ENSG00000160410.14,Q8TBC3,SHKBP1,Homo sapiens
IUUC-Hsa-045915,ENSG00000160410.14,Q8TBC3, SB1,Homo sapiens
IUUC-Hsa-045915,ENSG00000160410.14,Q8TBC3, PP203,Homo sapiens
IUUC-Hsa-046202,ENSG00000156273.15,O14867,BACH1,Homo sapiens
IUUC-Hsa-046584,ENSG00000151136.14,A6QL63,BTBD11,Homo sapiens
IUUC-Hsa-045831,ENSG00000100105.17,Q9HBE1,PATZ1,Homo sapiens
IUUC-Hsa-045831,ENSG00000100105.17,Q9HBE1, PATZ,Homo sapiens
IUUC-Hsa-045831,ENSG00000100105.17,Q9HBE1, RIAZ,Homo sapiens
IUUC-Hsa-045831,ENSG00000100105.17,Q9HBE1, ZBTB19,Homo sapiens
IUUC-Hsa-045831,ENSG00000100105.17,Q9HBE1, ZNF278,Homo sapiens
IUUC-Hsa-045831,ENSG00000100105.17,Q9HBE1, ZSG,Homo sapiens
IUUC-Hsa-046417,ENSG00000064726.9,Q9H0C5,BTBD1,Homo sapiens
IUUC-Hsa-046417,ENSG00000064726.9,Q9H0C5, C15orf1,Homo sapiens
IUUC-Hsa-046417,ENSG00000064726.9,Q9H0C5, NS5ATP8,Homo sapiens
IUUC-Hsa-046075,ENSG00000136636.12,Q9Y597,KCTD3,Homo sapiens
IUUC-Hsa-045852,ENSG00000112182.14,Q9BYV9,BACH2,Homo sapiens
IUUC-Hsa-046206,ENSG00000133243.8,Q9BX70,BTBD2,Homo sapiens
IUUC-Hsa-046360,ENSG00000130584.10,Q86UZ6,ZBTB46,Homo sapiens
IUUC-Hsa-046360,ENSG00000130584.10,Q86UZ6, BTBD4,Homo sapiens
IUUC-Hsa-046360,ENSG00000130584.10,Q86UZ6, ZNF340,Homo sapiens
IUUC-Hsa-045935,ENSG00000114853.13,Q9UFB7,ZBTB47,Homo sapiens
IUUC-Hsa-045935,ENSG00000114853.13,Q9UFB7, KIAA1190,Homo sapiens
IUUC-Hsa-045935,ENSG00000114853.13,Q9UFB7, ZNF651,Homo sapiens
IUUC-Hsa-045793,ENSG00000112365.4,O43167,ZBTB24,Homo sapiens
IUUC-Hsa-045793,ENSG00000112365.4,O43167, KIAA0441,Homo sapiens
IUUC-Hsa-045793,ENSG00000112365.4,O43167, ZNF450,Homo sapiens
IUUC-Hsa-046604,ENSG00000110906.12,Q9H3F6,KCTD10,Homo sapiens
IUUC-Hsa-046604,ENSG00000110906.12,Q9H3F6, ULR061,Homo sapiens
IUUC-Hsa-046604,ENSG00000110906.12,Q9H3F6, MSTP028,Homo sapiens
IUUC-Hsa-046973,ENSG00000104756.15,Q7L273,KCTD9,Homo sapiens
IUUC-Hsa-045985,ENSG00000099949.18,Q8N653,LZTR1,Homo sapiens
IUUC-Hsa-045985,ENSG00000099949.18,Q8N653, TCFL2,Homo sapiens
IUUC-Hsa-046709,ENSG00000167986.13,Q16531,DDB1,Homo sapiens
IUUC-Hsa-046709,ENSG00000167986.13,Q16531, XAP1,Homo sapiens
IUUC-Hsa-046045,ENSG00000154582.16,Q15369,TCEB1,Homo sapiens
IUUC-Hsa-046045,ENSG00000154582.16,Q15369, ELOC,Homo sapiens
IUUC-Hsa-046790,ENSG00000103363.14,Q15370,TCEB2,Homo sapiens
IUUC-Hsa-046790,ENSG00000103363.14,Q15370, ELOB,Homo sapiens
IUUC-Hsa-046954,ENSG00000163257.10,Q9NXF7,DCAF16,Homo sapiens
IUUC-Hsa-046954,ENSG00000163257.10,Q9NXF7, C4orf30,Homo sapiens
IUUC-Hsa-046962,ENSG00000115827.13,Q5H9S7,DCAF17,Homo sapiens
IUUC-Hsa-046962,ENSG00000115827.13,Q5H9S7, C2orf37,Homo sapiens
IUUC-Hsa-046946,ENSG00000143437.20,P27540,ARNT,Homo sapiens
IUUC-Hsa-046946,ENSG00000143437.20,P27540, BHLHE2,Homo sapiens
IUUC-Hsa-046897,ENSG00000164327.12,Q6R327,RICTOR,Homo sapiens
IUUC-Hsa-046897,ENSG00000164327.12,Q6R327, KIAA1999,Homo sapiens
IUUC-Hsa-046919,ENSG00000182742.5,P17483,HOXB4,Homo sapiens
IUUC-Hsa-046919,ENSG00000182742.5,P17483, HOX2F,Homo sapiens
IUUC-Hsa-046892,ENSG00000132017.10,Q66K64,DCAF15,Homo sapiens
IUUC-Hsa-046892,ENSG00000132017.10,Q66K64, C19orf72,Homo sapiens
IUUC-Hsa-046967,ENSG00000100991.11,Q8TEL6,TRPC4AP,Homo sapiens
IUUC-Hsa-046967,ENSG00000100991.11,Q8TEL6, C20orf188,Homo sapiens
IUUC-Hsa-046967,ENSG00000100991.11,Q8TEL6, TRRP4AP,Homo sapiens
IUUC-Hsa-046960,ENSG00000106546.12,P35869,AHR,Homo sapiens
IUUC-Hsa-046960,ENSG00000106546.12,P35869, BHLHE76,Homo sapiens
IUUC-Hsa-046744,ENSG00000057663.13,Q9H1Y0,ATG5,Homo sapiens
IUUC-Hsa-046744,ENSG00000057663.13,Q9H1Y0, APG5L,Homo sapiens
IUUC-Hsa-046744,ENSG00000057663.13,Q9H1Y0, ASP,Homo sapiens
IUUC-Hsa-046796,ENSG00000145780.7,Q96JP0,FEM1C,Homo sapiens
IUUC-Hsa-046796,ENSG00000145780.7,Q96JP0, KIAA1785,Homo sapiens
IUUC-Hsa-046875,ENSG00000113558.18,P63208,SKP1,Homo sapiens
IUUC-Hsa-046875,ENSG00000113558.18,P63208, EMC19,Homo sapiens
IUUC-Hsa-046875,ENSG00000113558.18,P63208, OCP2,Homo sapiens
IUUC-Hsa-046875,ENSG00000113558.18,P63208, SKP1A,Homo sapiens
IUUC-Hsa-046875,ENSG00000113558.18,P63208, TCEB1L,Homo sapiens
