Protein FDR Confidence,Uniprot_ID,Gene_name,Description,Coverage (%),Peptides,Unique Peptides,PSMs,AAs,MW (kDa),calc. pI,Abundance
High,P35579,MYH9,Myosin-9,70,202,171,1168,1960,226.4,5.6,40333342703.0742
High,P35580,MYH10,Myosin-10,54,125,98,344,1976,228.9,5.54,1776285958.375
High,Q15149,PLEC,Plectin,44,184,183,349,4684,531.5,5.96,1169781798.875
High,P04264,KRT1,"Keratin, type II cytoskeletal 1",67,60,54,280,644,66.0,8.12,12629195179.6563
High,P35527,KRT9,"Keratin, type I cytoskeletal 9",84,50,49,166,623,62.0,5.24,3414823113.49219
High,Q9UDY2,TJP2,Tight junction protein ZO-2,58,72,70,218,1190,133.9,7.4,4355867504.48438
High,Q07157,TJP1,Tight junction protein ZO-1,62,79,77,153,1748,195.3,6.7,1557567812.71875
High,Q14152,EIF3A,Eukaryotic translation initiation factor 3 subunit A,57,87,87,283,1382,166.5,6.79,6610715600.61719
High,P21333,FLNA,Filamin-A,42,76,69,146,2647,280.6,6.06,493823189.375
High,P35908,KRT2,"Keratin, type II cytoskeletal 2 epidermal",83,55,45,183,639,65.4,8.0,3936990095.25
High,Q9Y520,PRRC2C,Protein PRRC2C,30,66,64,134,2896,316.7,9.13,714785665.375
High,Q9UPN3,MACF1,"Microtubule-actin cross-linking factor 1, isoforms 1/2/3/4/5",17,102,97,163,7388,837.8,5.39,176525095.375
High,P55884,EIF3B,Eukaryotic translation initiation factor 3 subunit B,56,53,53,159,814,92.4,5.0,3821417732.9375
High,P13645,KRT10,"Keratin, type I cytoskeletal 10",58,47,39,191,584,58.8,5.21,10313048682.1406
High,P08670,VIM,Vimentin,80,45,44,153,466,53.6,5.12,3475790880.03125
High,P46821,MAP1B,Microtubule-associated protein 1B,33,56,54,105,2468,270.5,4.81,384424481
High,Q16666,IFI16,Gamma-interferon-inducible protein 16,57,42,42,120,785,88.2,9.28,722440248.875
High,O75533,SF3B1,Splicing factor 3B subunit 1,47,53,53,114,1304,145.7,7.09,430751516.5625
High,P48634,PRRC2A,Protein PRRC2A,40,54,52,116,2157,228.7,9.45,460732380.625
High,O75369,FLNB,Filamin-B,32,65,58,109,2602,278.0,5.73,223404367.875
High,Q86UP2,KTN1,Kinectin,48,57,57,106,1357,156.2,5.64,339736758.5
High,Q92900,UPF1,Regulator of nonsense transcripts 1,47,45,45,102,1129,124.3,6.61,1003962474.375
High,Q9P2E9,RRBP1,Ribosome-binding protein 1,37,43,43,97,1410,152.4,8.6,618183718.125
High,P04275,VWF,von Willebrand factor,17,43,43,111,2813,309.1,5.48,1250121732.5
High,Q04637,EIF4G1,Eukaryotic translation initiation factor 4 gamma 1,38,50,45,118,1599,175.4,5.33,1129359484.03906
High,Q92499,DDX1,ATP-dependent RNA helicase DDX1,50,39,39,125,740,82.4,7.23,1715990030.75
High,Q13813,SPTAN1,"Spectrin alpha chain, non-erythrocytic 1",34,63,63,109,2472,284.4,5.35,173474253.875
High,Q99613,EIF3C,Eukaryotic translation initiation factor 3 subunit C,39,36,36,112,913,105.3,5.68,2470185603.39063
High,P52272,HNRNPM,Heterogeneous nuclear ribonucleoprotein M,62,36,36,126,730,77.5,8.7,1152920410.44531
High,P11940,PABPC1,Polyadenylate-binding protein 1,65,40,27,148,636,70.6,9.5,3884719432.0625
High,Q12906,ILF3,Interleukin enhancer-binding factor 3,49,34,34,89,894,95.3,8.76,648599934.875
High,P51114,FXR1,RNA-binding protein FXR1,59,35,31,100,621,69.7,6.15,1456736468.375
High,Q8WWM7,ATXN2L,Ataxin-2-like protein,36,37,37,93,1075,113.3,8.59,1333854875.8125
High,P98175,RBM10,RNA-binding protein 10,47,39,37,83,930,103.5,5.97,579900466.375
High,Q01082,SPTBN1,"Spectrin beta chain, non-erythrocytic 1",32,56,56,90,2364,274.4,5.57,148305044.125
High,O00571,DDX3X,ATP-dependent RNA helicase DDX3X,49,41,40,217,662,73.2,7.18,5721162047.0625
High,P49750,YLPM1,YLP motif-containing protein 1,30,45,45,83,2146,241.5,6.55,362139217.875
High,Q14247,CTTN,Src substrate cortactin,49,35,35,76,550,61.5,5.4,1598846509.25
High,Q14764,MVP,Major vault protein,52,39,39,88,893,99.3,5.48,1108811154.25
High,Q92620,DHX38,Pre-mRNA-splicing factor ATP-dependent RNA helicase PRP16,35,39,39,88,1227,140.4,6.54,531056704.5625
High,P02533,KRT14,"Keratin, type I cytoskeletal 14",58,35,14,115,472,51.5,5.16,654128920.375
High,P23246,SFPQ,"Splicing factor, proline- and glutamine-rich",48,32,31,116,707,76.1,9.44,2702039548.9375
High,Q08211,DHX9,ATP-dependent RNA helicase A,36,39,39,97,1270,140.9,6.84,1438534264.0625
High,P60709,ACTB,"Actin, cytoplasmic 1",61,25,8,209,375,41.7,5.48,8884597035.625
High,P46940,IQGAP1,Ras GTPase-activating-like protein IQGAP1,39,55,54,94,1657,189.1,6.48,284184072.3125
High,Q9HCE1,MOV10,Helicase MOV-10,46,43,43,91,1003,113.6,8.82,748156734.375
High,Q6P2Q9,PRPF8,Pre-mRNA-processing-splicing factor 8,34,65,65,107,2335,273.4,8.84,262910787.125
High,P53621,COPA,Coatomer subunit alpha,39,47,47,90,1224,138.3,7.66,557102607.8125
High,Q13310,PABPC4,Polyadenylate-binding protein 4,48,37,23,106,644,70.7,9.26,947969770.125
High,O43707,ACTN4,Alpha-actinin-4,48,36,26,70,911,104.8,5.44,335621774.625
High,Q15393,SF3B3,Splicing factor 3B subunit 3,36,39,39,84,1217,135.5,5.26,413639858.6875
High,Q9UN86,G3BP2,Ras GTPase-activating protein-binding protein 2,55,25,24,99,482,54.1,5.55,1650992239.75
High,Q13283,G3BP1,Ras GTPase-activating protein-binding protein 1,62,23,22,107,466,52.1,5.52,1779659220.75
High,O75643,SNRNP200,U5 small nuclear ribonucleoprotein 200 kDa helicase,29,54,54,93,2136,244.4,6.06,204791852.625
High,Q5H9U9,DDX60L,Probable ATP-dependent RNA helicase DDX60-like,33,50,44,95,1706,197.5,8.29,244243377.625
High,Q9Y3I0,RTCB,RNA-splicing ligase RtcB homolog,54,26,26,76,505,55.2,7.23,1284052053.375
High,O43143,DHX15,ATP-dependent RNA helicase DHX15,44,36,35,85,795,90.9,7.46,727533103.625
High,Q9Y262,EIF3L,Eukaryotic translation initiation factor 3 subunit L,54,31,31,94,564,66.7,6.34,2497173748.625
High,Q13435,SF3B2,Splicing factor 3B subunit 2,41,33,33,64,895,100.2,5.67,330847424
High,Q15233,NONO,Non-POU domain-containing octamer-binding protein,53,28,27,125,471,54.2,8.95,1357259715.15625
High,Q14315,FLNC,Filamin-C,21,45,37,76,2725,290.8,5.97,105469696.125
High,Q92841,DDX17,Probable ATP-dependent RNA helicase DDX17,44,35,29,130,729,80.2,8.27,1284022851.5625
High,P60228,EIF3E,Eukaryotic translation initiation factor 3 subunit E,58,29,29,108,445,52.2,6.04,2515202113.4375
High,P14866,HNRNPL,Heterogeneous nuclear ribonucleoprotein L,36,19,19,46,589,64.1,8.22,514472791
High,Q9C0J8,WDR33,pre-mRNA 3' end processing protein WDR33,37,36,36,74,1336,145.8,9.17,184107981.875
High,P08779,KRT16,"Keratin, type I cytoskeletal 16",56,32,16,98,473,51.2,5.05,133028287.25
High,O15372,EIF3H,Eukaryotic translation initiation factor 3 subunit H,64,23,23,80,352,39.9,6.54,1362251010.75
High,P02538,KRT6A,"Keratin, type II cytoskeletal 6A",49,33,6,85,564,60.0,8.0,185273262.875
High,O15371,EIF3D,Eukaryotic translation initiation factor 3 subunit D,49,31,31,91,548,63.9,6.05,1655046007.1875
High,Q6P2E9,EDC4,Enhancer of mRNA-decapping protein 4,33,35,35,66,1401,151.6,5.86,234445802.625
High,Q6PKG0,LARP1,La-related protein 1,36,33,29,74,1096,123.4,8.82,432065511.375
High,Q8N3C0,ASCC3,Activating signal cointegrator 1 complex subunit 3,24,45,45,81,2202,251.3,7.09,135162932.875
High,P78347,GTF2I,General transcription factor II-I,43,38,38,67,998,112.3,6.39,203006010.8125
High,Q07065,CKAP4,Cytoskeleton-associated protein 4,51,30,30,68,602,66.0,5.92,346438949.5
High,A5YKK6,CNOT1,CCR4-NOT transcription complex subunit 1,25,50,50,88,2376,266.8,7.11,188978818.5
High,P13647,KRT5,"Keratin, type II cytoskeletal 5",46,35,21,92,590,62.3,7.74,633377299.5625
High,Q14444,CAPRIN1,Caprin-1,34,20,20,69,709,78.3,5.25,1779562841.0625
High,Q13045,FLII,Protein flightless-1 homolog,29,35,35,66,1269,144.7,6.05,247991112.125
High,Q7L2E3,DHX30,ATP-dependent RNA helicase DHX30,41,42,42,77,1194,133.9,8.78,410576484.6875
High,Q00839,HNRNPU,Heterogeneous nuclear ribonucleoprotein U,32,27,27,67,825,90.5,6.0,1284085214.125
High,P11021,HSPA5,Endoplasmic reticulum chaperone BiP,50,32,30,67,654,72.3,5.16,299172081.9375
High,P04259,KRT6B,"Keratin, type II cytoskeletal 6B",48,31,4,82,564,60.0,8.0,23240741.25
High,P27816,MAP4,Microtubule-associated protein 4,38,32,32,60,1152,120.9,5.43,358651665
High,Q9H2U1,DHX36,ATP-dependent DNA/RNA helicase DHX36,36,30,29,57,1008,114.7,7.68,228364628.375
High,Q9Y490,TLN1,Talin-1,21,39,35,64,2541,269.6,6.07,101521051.625
High,P09874,PARP1,Poly [ADP-ribose] polymerase 1,41,36,36,67,1014,113.0,8.88,202357235.6875
High,Q10570,CPSF1,Cleavage and polyadenylation specificity factor subunit 1,30,38,38,67,1443,160.8,6.4,396227962.375
High,Q00341,HDLBP,Vigilin,33,30,30,55,1268,141.4,6.87,152515848.75
High,P16989,YBX3,Y-box-binding protein 3,66,19,12,40,372,40.1,9.77,124956869.875
High,P26599,PTBP1,Polypyrimidine tract-binding protein 1,55,21,19,42,557,59.6,9.16,765618857.375
High,Q9UPQ9,TNRC6B,Trinucleotide repeat-containing gene 6B protein,24,24,24,47,1833,193.9,6.76,79045249.125
High,Q09666,AHNAK,Neuroblast differentiation-associated protein AHNAK,22,45,45,70,5890,628.7,6.15,75129965.5625
High,P19338,NCL,Nucleolin,35,30,30,70,710,76.6,4.7,1075086364.1875
High,P68133,ACTA1,"Actin, alpha skeletal muscle",41,19,1,186,377,42.0,5.39,1002102250.5
High,P78527,PRKDC,DNA-dependent protein kinase catalytic subunit,14,56,56,90,4128,468.8,7.12,115095522.4375
High,P35637,FUS,RNA-binding protein FUS,25,15,12,86,526,53.4,9.36,1967952468.96875
High,Q7L2H7,EIF3M,Eukaryotic translation initiation factor 3 subunit M,39,13,13,63,374,42.5,5.63,1095530174.1875
High,P14618,PKM,Pyruvate kinase PKM,48,22,22,48,531,57.9,7.84,302732887.5625
High,O94832,MYO1D,Unconventional myosin-Id,46,42,41,77,1006,116.1,9.39,329721727.1875
High,Q7KZF4,SND1,Staphylococcal nuclease domain-containing protein 1,43,35,35,62,910,101.9,7.17,221786318.625
High,P09651,HNRNPA1,Heterogeneous nuclear ribonucleoprotein A1,62,28,24,74,372,38.7,9.13,1456875063.4375
High,Q5JSZ5,PRRC2B,Protein PRRC2B,22,33,31,65,2229,242.8,8.34,126095188.75
High,O60506,SYNCRIP,Heterogeneous nuclear ribonucleoprotein Q,44,29,24,67,623,69.6,8.59,588965460.125
High,P51991,HNRNPA3,Heterogeneous nuclear ribonucleoprotein A3,41,25,22,72,378,39.6,9.01,576616556.25
High,Q9BYK8,HELZ2,Helicase with zinc finger domain 2,21,44,44,75,2649,294.5,7.49,129169221.875
High,Q7Z417,NUFIP2,FMR1-interacting protein NUFIP2,43,25,25,56,695,76.1,8.7,677878861.53125
High,Q99459,CDC5L,Cell division cycle 5-like protein,50,29,29,47,802,92.2,8.18,132499551.625
High,P35749,MYH11,Myosin-11,13,30,3,106,1972,227.2,5.5,64787188.25
High,Q86UE4,MTDH,Protein LYRIC,42,21,21,43,582,63.8,9.32,145436004.625
High,P36578,RPL4,60S ribosomal protein L4,44,25,25,58,427,47.7,11.06,1706075995.0625
High,Q9BXP5,SRRT,Serrate RNA effector molecule homolog,31,30,30,59,876,100.6,5.96,503744975.375
High,P11142,HSPA8,Heat shock cognate 71 kDa protein,37,24,21,53,646,70.9,5.52,413270009.625
High,Q9NZB2,FAM120A,Constitutive coactivator of PPAR-gamma-like protein 1,29,24,24,46,1118,121.8,8.88,342315107.125
High,O14647,CHD2,Chromodomain-helicase-DNA-binding protein 2,23,42,32,79,1828,211.2,8.1,203912268
High,P31942,HNRNPH3,Heterogeneous nuclear ribonucleoprotein H3,56,17,17,55,346,36.9,6.87,876563194.875
High,P12814,ACTN1,Alpha-actinin-1,34,26,16,49,892,103.0,5.41,67749358.625
High,Q7Z2W4,ZC3HAV1,Zinc finger CCCH-type antiviral protein 1,37,28,27,56,902,101.4,8.4,291502520.375
High,P22626,HNRNPA2B1,Heterogeneous nuclear ribonucleoproteins A2/B1,62,22,21,57,353,37.4,8.95,1147772321.875
High,Q01804,OTUD4,OTU domain-containing protein 4,28,27,27,45,1114,124.0,6.71,110125705.875
High,O95793,STAU1,Double-stranded RNA-binding protein Staufen homolog 1,51,29,28,55,577,63.1,9.44,287881926.25
High,Q13347,EIF3I,Eukaryotic translation initiation factor 3 subunit I,56,16,16,71,325,36.5,5.64,1457247737.0625
High,P14317,HCLS1,Hematopoietic lineage cell-specific protein,39,19,19,47,486,54.0,4.81,241912243
High,P17844,DDX5,Probable ATP-dependent RNA helicase DDX5,45,29,23,114,614,69.1,8.92,668091884.25
High,P63010,AP2B1,AP-2 complex subunit beta,40,32,32,64,937,104.5,5.38,299565004.25
High,P39023,RPL3,60S ribosomal protein L3,43,22,22,52,403,46.1,10.18,914400072.859375
High,Q86XP3,DDX42,ATP-dependent RNA helicase DDX42,43,30,30,54,938,102.9,7.02,140842382.625
High,P67809,YBX1,Y-box-binding protein 1,73,20,13,48,324,35.9,9.88,749727547.625
High,O43432,EIF4G3,Eukaryotic translation initiation factor 4 gamma 3,24,38,33,72,1585,176.5,5.38,254181534.25
High,Q14694,USP10,Ubiquitin carboxyl-terminal hydrolase 10,34,23,23,57,798,87.1,5.31,731109091.5
High,Q69YQ0,SPECC1L,Cytospin-A,34,29,29,54,1117,124.5,5.76,110681888.25
High,P61978,HNRNPK,Heterogeneous nuclear ribonucleoprotein K,51,23,23,69,463,50.9,5.54,1433209920.875
High,P07355,ANXA2,Annexin A2,57,25,25,53,339,38.6,7.75,665595021.75
High,Q15459,SF3A1,Splicing factor 3A subunit 1,39,26,26,48,793,88.8,5.22,139995175.875
High,P78332,RBM6,RNA-binding protein 6,33,29,29,50,1123,128.6,6.32,141690456.75
High,P60842,EIF4A1,Eukaryotic initiation factor 4A-I,51,23,10,53,406,46.1,5.48,474905381.875
High,P07437,TUBB,Tubulin beta chain,50,19,5,48,444,49.6,4.89,517083013.75
High,Q9BY44,EIF2A,Eukaryotic translation initiation factor 2A,55,24,24,56,585,64.9,8.87,308280998.75
High,P62736,ACTA2,"Actin, aortic smooth muscle",41,18,1,167,377,42.0,5.39,1877648.125
High,Q9Y5B9,SUPT16H,FACT complex subunit SPT16,28,28,28,53,1047,119.8,5.66,181054082.75
High,O00267,SUPT5H,Transcription elongation factor SPT5,31,27,27,51,1087,120.9,5.06,94862332.375
High,P67936,TPM4,Tropomyosin alpha-4 chain,58,24,13,50,248,28.5,4.69,479162864.1875
High,P12956,XRCC6,X-ray repair cross-complementing protein 6,49,26,26,48,609,69.8,6.64,192572959.25
High,P43243,MATR3,Matrin-3,37,27,27,54,847,94.6,6.25,356790721.625
High,Q9Y6M1,IGF2BP2,Insulin-like growth factor 2 mRNA-binding protein 2,45,26,23,54,599,66.1,8.46,642272931.375
High,P51116,FXR2,RNA-binding protein FXR2,43,25,20,50,673,74.2,6.23,242416179.75
High,P31943,HNRNPH1,Heterogeneous nuclear ribonucleoprotein H,35,12,6,43,449,49.2,6.3,636596585.875
High,Q07666,KHDRBS1,"KH domain-containing, RNA-binding, signal transduction-associated protein 1",45,25,21,95,443,48.2,8.66,3268145286.6875
High,P62701,RPS4X,"40S ribosomal protein S4, X isoform",55,19,19,48,263,29.6,10.15,1748189322.6875
High,P23396,RPS3,40S ribosomal protein S3,72,24,24,70,243,26.7,9.66,1117088158.25
High,O14646,CHD1,Chromodomain-helicase-DNA-binding protein 1,21,34,24,59,1710,196.6,7.14,92229246.0625
High,Q14157,UBAP2L,Ubiquitin-associated protein 2-like,32,19,19,31,1087,114.5,7.11,145648230.75
High,Q53EP0,FNDC3B,Fibronectin type III domain-containing protein 3B,18,18,18,40,1204,132.8,5.95,171703959
High,P62753,RPS6,40S ribosomal protein S6,32,13,13,37,249,28.7,10.84,505889947.40625
High,O60841,EIF5B,Eukaryotic translation initiation factor 5B,25,22,22,36,1220,138.7,5.49,135552828.9375
High,P02545,LMNA,Prelamin-A/C,41,23,23,50,664,74.1,7.02,196142091.625
High,Q9NZI8,IGF2BP1,Insulin-like growth factor 2 mRNA-binding protein 1,37,22,19,55,577,63.4,9.2,556949030.5
High,Q9UPT8,ZC3H4,Zinc finger CCCH domain-containing protein 4,22,16,16,28,1303,140.2,6.27,134532814
High,Q96I24,FUBP3,Far upstream element-binding protein 3,56,21,21,48,572,61.6,8.38,166829414.875
High,O43852,CALU,Calumenin,60,17,17,38,315,37.1,4.64,333927746.125
High,P13010,XRCC5,X-ray repair cross-complementing protein 5,40,24,24,45,732,82.7,5.81,164460885.5
High,P52732,KIF11,Kinesin-like protein KIF11,28,27,27,47,1056,119.1,5.64,172093854
High,P68371,TUBB4B,Tubulin beta-4B chain,47,18,4,45,445,49.8,4.89,49250497
High,P08729,KRT7,"Keratin, type II cytoskeletal 7",55,27,19,64,469,51.4,5.48,440412171.5
High,Q8NC51,SERBP1,Plasminogen activator inhibitor 1 RNA-binding protein,44,21,21,53,408,44.9,8.65,523103247.875
High,O00425,IGF2BP3,Insulin-like growth factor 2 mRNA-binding protein 3,34,18,14,49,579,63.7,8.87,667951493.375
High,P26038,MSN,Moesin,41,27,18,52,577,67.8,6.4,248691941.5
High,O75821,EIF3G,Eukaryotic translation initiation factor 3 subunit G,54,16,16,33,320,35.6,6.13,862074157.75
High,O14950,MYL12B,Myosin regulatory light chain 12B,55,13,4,80,172,19.8,4.84,2188860103.26563
High,Q16643,DBN1,Drebrin,37,17,17,38,649,71.4,4.45,229995860.5
High,P13639,EEF2,Elongation factor 2,27,22,21,51,858,95.3,6.83,196658203.625
High,Q99700,ATXN2,Ataxin-2,21,21,21,47,1313,140.2,9.57,257594121.78125
High,Q14671,PUM1,Pumilio homolog 1,21,21,19,42,1186,126.4,6.84,167348560.375
High,Q02878,RPL6,60S ribosomal protein L6,55,22,22,56,288,32.7,10.58,1201164886.375
High,P55265,ADAR,Double-stranded RNA-specific adenosine deaminase,26,28,28,49,1226,136.0,8.65,119689944.9375
High,P07814,EPRS1,Bifunctional glutamate/proline--tRNA ligase,24,28,28,50,1512,170.5,7.33,74954123.375
High,P19474,TRIM21,E3 ubiquitin-protein ligase TRIM21,36,20,20,45,475,54.1,6.38,463284655.132813
High,O75822,EIF3J,Eukaryotic translation initiation factor 3 subunit J,37,13,13,31,258,29.0,4.83,233790600
High,O43390,HNRNPR,Heterogeneous nuclear ribonucleoprotein R,34,24,19,50,633,70.9,8.13,203660878.125
High,P02751,FN1,Fibronectin,14,23,23,41,2477,272.2,5.5,77319801.875
High,Q13201,MMRN1,Multimerin-1,26,22,22,39,1228,138.0,7.93,104899286
High,O95782,AP2A1,AP-2 complex subunit alpha-1,32,25,19,46,977,107.5,7.03,211866718.625
High,Q9BUJ2,HNRNPUL1,Heterogeneous nuclear ribonucleoprotein U-like protein 1,21,18,18,40,856,95.7,6.92,244307915.625
High,Q7Z478,DHX29,ATP-dependent RNA helicase DHX29,25,26,26,44,1369,155.1,8.09,87693900.25
High,O00303,EIF3F,Eukaryotic translation initiation factor 3 subunit F,43,14,14,79,357,37.5,5.45,1790438438.4375
High,Q9UKV8,AGO2,Protein argonaute-2,30,22,18,44,859,97.1,9.19,224385063
High,Q01844,EWSR1,RNA-binding protein EWS,14,12,12,57,656,68.4,9.33,825201541.5625
High,Q6Y7W6,GIGYF2,GRB10-interacting GYF protein 2,16,17,17,33,1299,150.0,5.54,108897261.25
High,Q5T6F2,UBAP2,Ubiquitin-associated protein 2,27,14,14,26,1119,117.0,7.34,76390697
High,Q86V48,LUZP1,Leucine zipper protein 1,30,25,25,43,1076,120.2,8.5,58597842.5625
High,O15042,U2SURP,U2 snRNP-associated SURP motif-containing protein,29,24,24,43,1029,118.2,8.47,168335507.75
High,P61247,RPS3A,40S ribosomal protein S3a,61,23,23,68,264,29.9,9.73,2798339554.9375
High,P09493,TPM1,Tropomyosin alpha-1 chain,43,21,8,41,284,32.7,4.74,121803626.875
High,Q06787,FMR1,Fragile X messenger ribonucleoprotein 1,37,21,18,43,632,71.1,7.42,215362946.125
High,Q8NCA5,FAM98A,Protein FAM98A,35,12,8,32,518,55.2,8.95,356713923.3125
High,Q5U651,RASIP1,Ras-interacting protein 1,33,19,19,35,963,103.4,7.96,124572946.375
High,P16403,H1-2,Histone H1.2,44,16,4,43,213,21.4,10.93,774403946.9375
High,O00159,MYO1C,Unconventional myosin-Ic,30,30,30,50,1063,121.6,9.41,143401369.1875
High,Q96QC0,PPP1R10,Serine/threonine-protein phosphatase 1 regulatory subunit 10,26,22,22,38,940,99.0,9.17,152286847.9375
High,O95714,HERC2,E3 ubiquitin-protein ligase HERC2,8,28,28,43,4834,526.9,6.28,45867716.3125
High,Q9Y613,FHOD1,FH1/FH2 domain-containing protein 1,27,25,25,44,1164,126.5,6.39,69677622
High,Q15029,EFTUD2,116 kDa U5 small nuclear ribonucleoprotein component,29,26,25,44,972,109.4,5.0,141797934.375
High,P06748,NPM1,Nucleophosmin,33,8,8,21,294,32.6,4.78,528201325.75
High,P05388,RPLP0,60S acidic ribosomal protein P0,46,16,16,38,317,34.3,5.97,880507630.8125
High,Q14240,EIF4A2,Eukaryotic initiation factor 4A-II,45,20,7,44,407,46.4,5.48,48544355.875
High,Q15717,ELAVL1,ELAV-like protein 1,43,13,13,36,326,36.1,9.17,310233367.25
High,Q9Y2W1,THRAP3,Thyroid hormone receptor-associated protein 3,22,18,17,44,955,108.6,10.15,261969755.1875
High,P25205,MCM3,DNA replication licensing factor MCM3,33,22,22,37,808,90.9,5.77,104576803.625
High,O43776,NARS1,"Asparagine--tRNA ligase, cytoplasmic",30,19,19,38,548,62.9,6.25,162284174.625
High,O43809,NUDT21,Cleavage and polyadenylation specificity factor subunit 5,57,17,17,42,227,26.2,8.82,893609323.125
High,P15924,DSP,Desmoplakin,11,30,30,48,2871,331.6,6.81,94977429.75
High,P38919,EIF4A3,Eukaryotic initiation factor 4A-III,50,22,19,45,411,46.8,6.73,260648930.25
High,P07951,TPM2,Tropomyosin beta chain,43,19,5,37,284,32.8,4.7,14468917
High,P15880,RPS2,40S ribosomal protein S2,50,14,14,39,293,31.3,10.24,1183548251
High,P05783,KRT18,"Keratin, type I cytoskeletal 18",59,22,19,47,430,48.0,5.45,138819178.75
High,P46063,RECQL,ATP-dependent DNA helicase Q1,30,16,16,34,649,73.4,7.88,95263231.75
High,P10412,H1-4,Histone H1.4,38,15,2,37,219,21.9,11.03,24740831
High,P62906,RPL10A,60S ribosomal protein L10a,45,14,14,39,217,24.8,9.94,1249648946.48828
High,P07996,THBS1,Thrombospondin-1,24,22,22,35,1170,129.3,4.94,235054632.125
High,Q9C0C2,TNKS1BP1,182 kDa tankyrase-1-binding protein,17,19,19,34,1729,181.7,4.86,28470109.5625
High,P23588,EIF4B,Eukaryotic translation initiation factor 4B,29,16,16,39,611,69.1,5.73,845385266.75
High,O94973,AP2A2,AP-2 complex subunit alpha-2,26,19,13,38,939,103.9,6.96,52086300
High,P68400,CSNK2A1,Casein kinase II subunit alpha,47,14,14,26,391,45.1,7.74,77426035.3125
High,P20042,EIF2S2,Eukaryotic translation initiation factor 2 subunit 2,40,16,16,32,333,38.4,5.8,144012663.625
High,P19525,EIF2AK2,"Interferon-induced, double-stranded RNA-activated protein kinase",36,19,19,38,551,62.1,8.4,301775657.25
High,P24844,MYL9,Myosin regulatory light polypeptide 9,55,12,3,56,172,19.8,4.92,16487166.125
High,Q9BUF5,TUBB6,Tubulin beta-6 chain,36,15,9,37,446,49.8,4.88,65563177.875
High,P06753,TPM3,Tropomyosin alpha-3 chain,44,17,7,36,285,32.9,4.72,103870707.25
High,Q15293,RCN1,Reticulocalbin-1,46,13,13,29,331,38.9,5.0,165455729.5
High,Q8IY21,DDX60,Probable ATP-dependent RNA helicase DDX60,19,28,22,48,1712,197.7,7.59,64627274.6875
High,P26368,U2AF2,Splicing factor U2AF 65 kDa subunit,39,12,12,28,475,53.5,9.09,121164230.875
High,O43290,SART1,U4/U6.U5 tri-snRNP-associated protein 1,32,21,21,36,800,90.2,6.13,154809146.5
High,P62263,RPS14,40S ribosomal protein S14,42,10,10,24,151,16.3,10.05,702819075.8125
High,P11387,TOP1,DNA topoisomerase 1,29,21,21,44,765,90.7,9.31,182647169.75
High,Q9NUL3,STAU2,Double-stranded RNA-binding protein Staufen homolog 2,45,20,19,37,570,62.6,9.61,105023305.5
High,P62750,RPL23A,60S ribosomal protein L23a,56,16,16,54,156,17.7,10.45,842954977.046875
High,P0DMV9,HSPA1B,Heat shock 70 kDa protein 1B,34,19,17,33,641,70.0,5.66,80973568.625
High,Q92945,KHSRP,Far upstream element-binding protein 2,32,17,17,32,711,73.1,7.3,84853186
High,Q96SB4,SRPK1,SRSF protein kinase 1,28,16,14,29,655,74.3,6.16,85434483.375
High,P52597,HNRNPF,Heterogeneous nuclear ribonucleoprotein F,47,13,11,29,415,45.6,5.58,463003450.875
High,Q9NR30,DDX21,Nucleolar RNA helicase 2,27,20,18,38,783,87.3,9.28,129107608.875
High,Q8NE71,ABCF1,ATP-binding cassette sub-family F member 1,26,19,19,36,845,95.9,6.8,77025554.75
High,P08238,HSP90AB1,Heat shock protein HSP 90-beta,29,20,12,40,724,83.2,5.03,81317222.125
High,O76094,SRP72,Signal recognition particle subunit SRP72,32,17,17,28,671,74.6,9.26,64405476
High,Q71U36,TUBA1A,Tubulin alpha-1A chain,42,13,13,40,451,50.1,5.06,367634677
High,Q9UM54,MYO6,Unconventional myosin-VI,19,22,22,39,1294,149.6,8.53,56612067.375
High,Q9H6S0,YTHDC2,3'-5' RNA helicase YTHDC2,17,21,21,35,1430,160.1,8.4,69798679.375
High,P05387,RPLP2,60S acidic ribosomal protein P2,76,9,9,24,115,11.7,4.54,329040209
High,Q00610,CLTC,Clathrin heavy chain 1,16,23,23,42,1675,191.5,5.69,176330484.5625
High,Q9NYF8,BCLAF1,Bcl-2-associated transcription factor 1,17,16,15,32,920,106.1,9.98,165618784.625
High,P18124,RPL7,60S ribosomal protein L7,51,19,19,41,248,29.2,10.65,1286666327.75
High,Q5K651,SAMD9,Sterile alpha motif domain-containing protein 9,16,23,21,42,1589,184.2,7.83,48193238.75
High,P32969,RPL9P9,60S ribosomal protein L9,59,13,13,30,192,21.9,9.95,519234708.5
High,Q9Y5X1,SNX9,Sorting nexin-9,33,16,16,28,595,66.6,5.58,96022353.125
High,P16402,H1-3,Histone H1.3,38,15,2,36,221,22.3,11.02,7119357.5
High,O94906,PRPF6,Pre-mRNA-processing factor 6,26,22,22,39,941,106.9,8.25,67307338
High,Q9Y224,RTRAF,"RNA transcription, translation and transport factor protein",59,13,13,31,244,28.1,6.65,736663783.25
High,P35251,RFC1,Replication factor C subunit 1,23,22,22,41,1148,128.2,9.36,73315737.5
High,Q07955,SRSF1,Serine/arginine-rich splicing factor 1,49,16,15,55,248,27.7,10.36,803958481.75
High,Q03001,DST,Dystonin,5,32,28,46,7570,860.1,5.25,28312393.1875
High,P26196,DDX6,Probable ATP-dependent RNA helicase DDX6,38,12,12,25,483,54.4,8.66,75897525.4375
High,Q92974,ARHGEF2,Rho guanine nucleotide exchange factor 2,23,19,19,30,986,111.5,7.27,87099865.125
High,Q9P2J5,LARS1,"Leucine--tRNA ligase, cytoplasmic",23,23,23,35,1176,134.4,7.3,63227541.25
High,Q5T9A4,ATAD3B,ATPase family AAA domain-containing protein 3B,31,19,6,40,648,72.5,9.2,30022251.375
High,Q04695,KRT17,"Keratin, type I cytoskeletal 17",45,22,9,57,432,48.1,5.02,43871942.125
High,Q6UN15,FIP1L1,Pre-mRNA 3'-end-processing factor FIP1,37,13,13,26,594,66.5,5.59,233498494.75
High,P33176,KIF5B,Kinesin-1 heavy chain,24,20,20,41,963,109.6,6.51,60870109.375
High,Q92626,PXDN,Peroxidasin homolog,18,21,21,37,1479,165.2,7.17,80787699.1875
High,Q9P2I0,CPSF2,Cleavage and polyadenylation specificity factor subunit 2,28,17,17,29,782,88.4,5.11,138633766.625
High,Q12905,ILF2,Interleukin enhancer-binding factor 2,39,15,15,36,390,43.0,5.26,353199350.4375
High,Q86XZ4,SPATS2,Spermatogenesis-associated serine-rich protein 2,29,11,11,19,545,59.5,8.9,63578678.625
High,Q96PK6,RBM14,RNA-binding protein 14,31,16,16,34,669,69.4,9.67,183840441.5
High,Q13263,TRIM28,Transcription intermediary factor 1-beta,30,17,17,30,835,88.5,5.77,55710933.5625
High,P18621,RPL17,60S ribosomal protein L17,45,11,11,34,184,21.4,10.17,780902385.625
High,Q8IWZ3,ANKHD1,Ankyrin repeat and KH domain-containing protein 1,9,19,12,30,2542,269.3,5.73,34788009.8125
High,O95425,SVIL,Supervillin,13,20,20,31,2214,247.6,6.98,30498638.375
High,Q12797,ASPH,Aspartyl/asparaginyl beta-hydroxylase,32,20,20,38,758,85.8,5.01,95126415.75
High,P62424,RPL7A,60S ribosomal protein L7a,42,17,17,46,266,30.0,10.61,1087805823.625
High,Q02413,DSG1,Desmoglein-1,18,13,13,24,1049,113.7,5.03,55764466.125
High,Q14151,SAFB2,Scaffold attachment factor B2,22,15,10,25,953,107.4,6.16,45979608.5625
High,Q96KR1,ZFR,Zinc finger RNA-binding protein,20,14,14,23,1074,116.9,9.04,44791100.25
High,Q13724,MOGS,Mannosyl-oligosaccharide glucosidase,30,20,20,37,837,91.9,8.9,95198629.5
High,Q96I25,RBM17,Splicing factor 45,41,15,15,28,401,44.9,5.97,65630470.25
High,O15027,SEC16A,Protein transport protein Sec16A,13,18,18,28,2357,251.7,5.8,39198553.9375
High,P41091,EIF2S3,Eukaryotic translation initiation factor 2 subunit 3,30,13,13,25,472,51.1,8.4,264800494.75
High,P19784,CSNK2A2,Casein kinase II subunit alpha',48,14,14,27,350,41.2,8.56,64606889.75
High,Q92804,TAF15,TATA-binding protein-associated factor 2N,20,11,8,36,592,61.8,8.02,433208786.25
High,Q9NVI7,ATAD3A,ATPase family AAA domain-containing protein 3A,34,22,9,43,634,71.3,8.98,158975839.1875
High,P38646,HSPA9,"Stress-70 protein, mitochondrial",31,16,16,32,679,73.6,6.16,54358124.125
High,O95819,MAP4K4,Mitogen-activated protein kinase kinase kinase kinase 4,25,22,22,34,1239,142.0,7.46,61887313.6875
High,P60660,MYL6,Myosin light polypeptide 6,60,11,8,68,151,16.9,4.65,2794171658.9375
High,Q69YN4,VIRMA,Protein virilizer homolog,13,22,22,35,1812,201.9,5.01,56322092
High,Q9UKF6,CPSF3,Cleavage and polyadenylation specificity factor subunit 3,31,16,16,29,684,77.4,5.6,55118493.9375
High,Q08J23,NSUN2,RNA cytosine C(5)-methyltransferase NSUN2,30,20,20,36,767,86.4,6.77,69080549.5
High,P62829,RPL23,60S ribosomal protein L23,26,8,8,30,140,14.9,10.51,309589965.875
High,Q9UHB6,LIMA1,LIM domain and actin-binding protein 1,26,14,14,26,759,85.2,6.84,58156664.5625
High,Q9H9G7,AGO3,Protein argonaute-3,23,17,11,29,860,97.3,9.11,47407649.5
High,Q8WUA2,PPIL4,Peptidyl-prolyl cis-trans isomerase-like 4,31,14,14,24,492,57.2,5.92,95600858.375
High,O14617,AP3D1,AP-3 complex subunit delta-1,21,19,19,31,1153,130.1,8.48,34677540.5
High,P55081,MFAP1,Microfibrillar-associated protein 1,26,11,11,28,439,51.9,4.98,94747050.75
High,Q15424,SAFB,Scaffold attachment factor B1,18,13,8,21,915,102.6,5.47,44877925.75
High,Q9Y6K5,OAS3,2'-5'-oligoadenylate synthase 3,26,26,26,45,1087,121.1,8.4,97305047.625
High,Q9P0K7,RAI14,Ankycorbin,24,21,21,35,980,110.0,6.21,52606963.625
High,P35241,RDX,Radixin,24,15,6,30,583,68.5,6.37,9989352.5
High,Q99996,AKAP9,A-kinase anchor protein 9,8,24,24,35,3907,452.7,4.98,21494838.4375
High,Q96CW1,AP2M1,AP-2 complex subunit mu,35,16,16,31,435,49.6,9.54,152340915.375
High,P52907,CAPZA1,F-actin-capping protein subunit alpha-1,62,12,9,27,286,32.9,5.69,121144001.375
High,Q5SSJ5,HP1BP3,Heterochromatin protein 1-binding protein 3,28,16,16,31,553,61.2,9.67,139117608.375
High,P27635,RPL10,60S ribosomal protein L10,32,13,13,60,214,24.6,10.08,884793847.8125
High,Q9BTC0,DIDO1,Death-inducer obliterator 1,14,21,21,36,2240,243.7,7.88,36469779.875
High,Q99873,PRMT1,Protein arginine N-methyltransferase 1,37,12,12,30,371,42.4,5.35,206125295.1875
High,P04843,RPN1,Dolichyl-diphosphooligosaccharide--protein glycosyltransferase subunit 1,34,16,16,32,607,68.5,6.38,84048881.75
High,Q13573,SNW1,SNW domain-containing protein 1,38,17,17,33,536,61.5,9.52,65502911
High,Q15417,CNN3,Calponin-3,43,10,9,25,329,36.4,6.05,54391385.25
High,Q6P158,DHX57,Putative ATP-dependent RNA helicase DHX57,15,18,17,32,1386,155.5,7.71,50795991.25
High,P42166,TMPO,"Lamina-associated polypeptide 2, isoform alpha",28,14,14,24,694,75.4,7.66,44278012.625
High,Q9Y608,LRRFIP2,Leucine-rich repeat flightless-interacting protein 2,18,13,12,26,721,82.1,6.95,75997263.5
High,P68104,EEF1A1,Elongation factor 1-alpha 1,34,11,11,35,462,50.1,9.01,867927601.708984
High,P78344,EIF4G2,Eukaryotic translation initiation factor 4 gamma 2,25,20,20,36,907,102.3,7.14,62680454.375
High,Q14258,TRIM25,E3 ubiquitin/ISG15 ligase TRIM25,29,18,18,35,630,70.9,8.09,125334529.625
High,Q9NUQ6,SPATS2L,SPATS2-like protein,26,11,11,20,558,61.7,9.64,90533784.375
High,Q8IWX8,CHERP,Calcium homeostasis endoplasmic reticulum protein,19,13,13,27,916,103.6,9.04,68705262.75
High,P46777,RPL5,60S ribosomal protein L5,28,11,11,26,297,34.3,9.72,113429342.0625
High,Q562R1,ACTBL2,Beta-actin-like protein 2,30,11,3,79,376,42.0,5.59,28690693.5
High,Q01813,PFKP,"ATP-dependent 6-phosphofructokinase, platelet type",22,16,14,29,784,85.5,7.55,47792607.9375
High,Q6S8J3,POTEE,POTE ankyrin domain family member E,7,7,1,48,1075,121.3,6.2,9551945.5
High,P42285,MTREX,Exosome RNA helicase MTR4,26,22,22,36,1042,117.7,6.52,53258930.875
High,P47756,CAPZB,F-actin-capping protein subunit beta,38,12,12,25,272,30.6,6.0,86132162.375
High,O14974,PPP1R12A,Protein phosphatase 1 regulatory subunit 12A,17,15,15,26,1030,115.2,5.4,56978438.125
High,Q8IXT5,RBM12B,RNA-binding protein 12B,26,19,19,35,1001,118.0,6.81,73282820.0625
High,P09012,SNRPA,U1 small nuclear ribonucleoprotein A,36,9,6,20,282,31.3,9.83,92473808.25
High,O75179,ANKRD17,Ankyrin repeat domain-containing protein 17,7,15,8,24,2603,274.1,6.52,11752045.4375
High,P50454,SERPINH1,Serpin H1,39,14,14,24,418,46.4,8.69,106125560.25
High,P62277,RPS13,40S ribosomal protein S13,56,15,15,42,151,17.2,10.54,1170960705.875
High,P49411,TUFM,"Elongation factor Tu, mitochondrial",36,15,15,27,455,49.8,7.61,84073106.5625
High,Q9UL18,AGO1,Protein argonaute-1,25,16,11,26,857,97.2,9.16,41338994.625
High,Q2TAY7,SMU1,WD40 repeat-containing protein SMU1,33,12,12,24,513,57.5,7.18,43832467.875
High,Q9UMS4,PRPF19,Pre-mRNA-processing factor 19,47,14,14,25,504,55.1,6.61,196909931.75
High,Q71RC2,LARP4,La-related protein 4,28,15,15,26,724,80.5,6.61,91614304.5
High,Q9NUD5,ZCCHC3,Zinc finger CCHC domain-containing protein 3,43,12,12,20,403,43.5,8.53,82074810.75
High,P08708,RPS17,40S ribosomal protein S17,50,6,6,16,135,15.5,9.85,372659241.34375
High,P62244,RPS15A,40S ribosomal protein S15a,62,10,10,42,130,14.8,10.13,836517263.0625
High,Q8IZH2,XRN1,5'-3' exoribonuclease 1,12,17,17,32,1706,194.0,7.21,48809788.5
High,Q9BYJ9,YTHDF1,YTH domain-containing family protein 1,25,10,7,19,559,60.8,8.79,50208054.75
High,Q08945,SSRP1,FACT complex subunit SSRP1,23,17,17,33,709,81.0,6.87,56729885.75
High,Q9NYL9,TMOD3,Tropomodulin-3,41,12,12,24,352,39.6,5.19,131448160.25
High,Q8N684,CPSF7,Cleavage and polyadenylation specificity factor subunit 7,26,11,11,27,471,52.0,8.0,328607967.75
High,P10809,HSPD1,"60 kDa heat shock protein, mitochondrial",25,13,13,25,573,61.0,5.87,58454076
High,Q52LJ0,FAM98B,Protein FAM98B,20,8,4,21,433,45.5,8.69,53875402
High,P26373,RPL13,60S ribosomal protein L13,46,12,12,37,211,24.2,11.65,1265704373.6875
High,P29692,EEF1D,Elongation factor 1-delta,41,10,10,29,281,31.1,5.01,364877151.75
High,Q9H0D6,XRN2,5'-3' exoribonuclease 2,22,17,17,34,950,108.5,7.47,61484113.5
High,Q96HS1,PGAM5,"Serine/threonine-protein phosphatase PGAM5, mitochondrial",51,12,12,28,289,32.0,8.68,117708457.75
High,P05121,SERPINE1,Plasminogen activator inhibitor 1,47,15,15,28,402,45.0,7.2,192047949.25
High,O14639,ABLIM1,Actin-binding LIM protein 1,22,14,14,25,778,87.6,8.59,35584940.4375
High,Q9Y285,FARSA,Phenylalanine--tRNA ligase alpha subunit,40,14,14,23,508,57.5,7.8,61976645.375
High,P07910,HNRNPC,Heterogeneous nuclear ribonucleoproteins C1/C2,33,14,14,29,306,33.7,5.08,382763519
High,O43896,KIF1C,Kinesin-like protein KIF1C,19,19,14,27,1103,122.9,6.9,62337386.625
High,P15311,EZR,Ezrin,21,14,5,29,586,69.4,6.27,16424622.25
High,P41252,IARS1,"Isoleucine--tRNA ligase, cytoplasmic",18,20,20,31,1262,144.4,6.15,57643948.75
High,P42694,HELZ,Probable helicase with zinc finger domain,13,18,18,28,1942,218.8,7.42,30002839.5
High,P62269,RPS18,40S ribosomal protein S18,69,17,17,47,152,17.7,10.99,1541361515.3125
High,Q92797,SYMPK,Symplekin,20,19,19,30,1274,141.1,6.13,34732607.40625
High,Q9UHB9,SRP68,Signal recognition particle subunit SRP68,31,19,19,26,627,70.7,8.56,48871427.25
High,P56192,MARS1,"Methionine--tRNA ligase, cytoplasmic",20,13,13,25,900,101.1,6.16,35294237.8125
High,Q15020,SART3,Squamous cell carcinoma antigen recognized by T-cells 3,18,13,13,23,963,109.9,5.57,23301338.125
High,Q15366,PCBP2,Poly(rC)-binding protein 2,45,8,6,15,365,38.6,6.79,74549461.125
High,Q14103,HNRNPD,Heterogeneous nuclear ribonucleoprotein D0,23,11,9,22,355,38.4,7.81,278226435.875
High,Q05682,CALD1,Caldesmon,19,10,10,18,793,93.2,5.66,34946772.875
High,P33992,MCM5,DNA replication licensing factor MCM5,26,17,17,27,734,82.2,8.37,76368022.875
High,P46087,NOP2,Probable 28S rRNA (cytosine(4447)-C(5))-methyltransferase,24,14,14,24,812,89.2,9.23,54685661.25
High,Q13242,SRSF9,Serine/arginine-rich splicing factor 9,56,15,14,45,221,25.5,8.65,269759414.875
High,Q04837,SSBP1,"Single-stranded DNA-binding protein, mitochondrial",53,9,9,23,148,17.2,9.6,194564348.5
High,O60231,DHX16,Pre-mRNA-splicing factor ATP-dependent RNA helicase DHX16,19,16,15,26,1041,119.2,6.8,30949218.9375
High,P98179,RBM3,RNA-binding protein 3,52,6,6,15,157,17.2,8.91,239192245.6875
High,Q12874,SF3A3,Splicing factor 3A subunit 3,25,12,12,20,501,58.8,5.38,59421726.5
High,Q49A26,GLYR1,Cytokine-like nuclear factor N-PAC,26,13,13,22,553,60.5,9.17,49463536.5
High,Q8WUM4,PDCD6IP,Programmed cell death 6-interacting protein,22,15,15,28,868,96.0,6.52,34951874
High,Q9UKK3,PARP4,Protein mono-ADP-ribosyltransferase PARP4,10,17,17,33,1724,192.5,5.66,52053746.125
High,P21127,CDK11B,Cyclin-dependent kinase 11B,25,20,20,35,795,92.6,5.54,118439432
High,P38159,RBMX,"RNA-binding motif protein, X chromosome",29,13,13,29,391,42.3,10.05,283348423.0625
High,P46781,RPS9,40S ribosomal protein S9,56,19,19,48,194,22.6,10.65,1742704454.0625
High,O43660,PLRG1,Pleiotropic regulator 1,35,11,11,18,514,57.2,9.17,37119231.875
High,P55072,VCP,Transitional endoplasmic reticulum ATPase,24,14,14,22,806,89.3,5.26,33467707.125
High,Q9BUQ8,DDX23,Probable ATP-dependent RNA helicase DDX23,22,18,18,31,820,95.5,9.55,57477845.25
High,P62910,RPL32,60S ribosomal protein L32,44,8,8,21,135,15.9,11.33,154655341.125
High,P14923,JUP,Junction plakoglobin,26,17,15,35,745,81.7,6.14,76822343.625
High,O76021,RSL1D1,Ribosomal L1 domain-containing protein 1,33,15,15,28,490,54.9,10.13,120755946.5
High,P06733,ENO1,Alpha-enolase,31,11,11,20,434,47.1,7.39,66570395.25
High,O15123,ANGPT2,Angiopoietin-2,32,15,15,27,496,56.9,5.58,81248243.875
High,P39019,RPS19,40S ribosomal protein S19,60,12,12,37,145,16.1,10.32,929542225.875
High,P52756,RBM5,RNA-binding protein 5,18,15,13,26,815,92.1,6.28,44146455.125
High,P14868,DARS1,"Aspartate--tRNA ligase, cytoplasmic",37,15,15,26,501,57.1,6.55,32355301.75
High,P62081,RPS7,40S ribosomal protein S7,58,13,13,22,194,22.1,10.1,509917934.515625
High,Q9UBB9,TFIP11,Tuftelin-interacting protein 11,22,14,14,26,837,96.8,5.67,32505394.625
High,Q9GZR7,DDX24,ATP-dependent RNA helicase DDX24,22,16,16,28,859,96.3,9.06,30196823.5
High,P62847,RPS24,40S ribosomal protein S24,36,7,7,26,133,15.4,10.78,370328401.375
High,O00178,GTPBP1,GTP-binding protein 1,30,12,12,20,669,72.4,8.34,62822745.5
High,Q96PU8,QKI,KH domain-containing RNA-binding protein QKI,36,11,11,23,341,37.6,8.56,34725277.25
High,O95985,TOP3B,DNA topoisomerase 3-beta-1,20,14,13,26,862,96.6,8.12,47449319.25
High,P15170,GSPT1,Eukaryotic peptide chain release factor GTP-binding subunit ERF3A,35,14,14,26,499,55.7,5.62,77317110.125
High,P47897,QARS1,Glutamine--tRNA ligase,27,19,19,29,775,87.7,7.15,34911414.4375
High,Q01085,TIAL1,Nucleolysin TIAR,39,11,7,18,375,41.6,7.74,95619387.875
High,Q92614,MYO18A,Unconventional myosin-XVIIIa,9,16,16,28,2054,233.0,6.3,29360801.875
High,P17987,TCP1,T-complex protein 1 subunit alpha,32,14,14,28,556,60.3,6.11,52846986.4375
High,Q9BRZ2,TRIM56,E3 ubiquitin-protein ligase TRIM56,17,10,10,16,755,81.4,7.74,27904140.625
High,P55795,HNRNPH2,Heterogeneous nuclear ribonucleoprotein H2,29,10,5,25,449,49.2,6.3,55647059.625
High,Q6UXN9,WDR82,WD repeat-containing protein 82,36,14,14,29,313,35.1,7.69,123772401.25
High,P17480,UBTF,Nucleolar transcription factor 1,21,15,15,25,764,89.4,5.81,31636324.5
High,Q06830,PRDX1,Peroxiredoxin-1,43,13,11,29,199,22.1,8.13,127159262
High,P62979,RPS27A,Ubiquitin-40S ribosomal protein S27a,65,10,10,29,156,18.0,9.64,497580515.40625
High,Q9UK61,TASOR,Protein TASOR,12,18,18,32,1670,188.9,5.8,37684196.875
High,Q09161,NCBP1,Nuclear cap-binding protein subunit 1,19,12,12,19,790,91.8,6.43,72673610.375
High,O14744,PRMT5,Protein arginine N-methyltransferase 5,22,15,15,29,637,72.6,6.29,73193217.125
High,Q96AG4,LRRC59,Leucine-rich repeat-containing protein 59,31,9,9,21,307,34.9,9.57,193662439
High,O14579,COPE,Coatomer subunit epsilon,41,10,10,18,308,34.5,5.12,49587007.5
High,Q6WCQ1,MPRIP,Myosin phosphatase Rho-interacting protein,20,14,14,22,1025,116.5,6.21,13702884.375
High,Q9H223,EHD4,EH domain-containing protein 4,28,15,10,25,541,61.1,6.76,32623461.3125
High,Q7Z406,MYH14,Myosin-14,6,14,1,48,1995,227.7,5.6,
High,Q16630,CPSF6,Cleavage and polyadenylation specificity factor subunit 6,17,9,9,21,551,59.2,7.15,285952557.5
High,Q5PRF9,SAMD4B,Protein Smaug homolog 2,24,10,10,16,694,75.4,6.83,20966763.5
High,P05141,SLC25A5,ADP/ATP translocase 2,42,17,3,28,298,32.8,9.69,370947878.75
High,Q9UPU9,SAMD4A,Protein Smaug homolog 1,19,9,9,15,718,79.4,8.32,15934596.75
High,P07900,HSP90AA1,Heat shock protein HSP 90-alpha,19,12,7,24,732,84.6,5.02,18834523
High,P21980,TGM2,Protein-glutamine gamma-glutamyltransferase 2,25,13,13,20,687,77.3,5.22,48915295.25
High,Q86V81,ALYREF,THO complex subunit 4,39,7,7,20,257,26.9,11.15,154236652.5
High,Q9UBQ5,EIF3K,Eukaryotic translation initiation factor 3 subunit K,38,8,8,32,218,25.0,4.93,466415394
High,P40429,RPL13A,60S ribosomal protein L13a,52,18,18,43,203,23.6,10.93,721630449.453125
High,Q8N1N4,KRT78,"Keratin, type II cytoskeletal 78",23,12,11,21,520,56.8,6.02,34354798
High,P03956,MMP1,Interstitial collagenase,30,13,13,23,469,54.0,6.96,51895753.125
High,Q96T37,RBM15,RNA-binding protein 15,19,17,15,26,977,107.1,10.08,47717630.3125
High,P62241,RPS8,40S ribosomal protein S8,39,10,10,30,208,24.2,10.32,1010430903.6875
High,P62826,RAN,GTP-binding nuclear protein Ran,32,7,7,13,216,24.4,7.49,57959360
High,P16401,H1-5,Histone H1.5,35,12,9,23,226,22.6,10.92,344264946
High,Q8NDV7,TNRC6A,Trinucleotide repeat-containing gene 6A protein,8,10,9,16,1962,210.2,7.01,24471164.125
High,P08727,KRT19,"Keratin, type I cytoskeletal 19",26,12,2,37,400,44.1,5.14,
High,P22087,FBL,rRNA 2'-O-methyltransferase fibrillarin,46,13,12,22,321,33.8,10.18,51492354
High,Q01780,EXOSC10,Exosome component 10,20,14,14,19,885,100.8,8.46,30439180.125
High,P61254,RPL26,60S ribosomal protein L26,48,11,11,32,145,17.2,10.55,502454943
High,Q8NFW8,CMAS,N-acylneuraminate cytidylyltransferase,25,11,11,22,434,48.3,7.93,60390944.5
High,P12236,SLC25A6,ADP/ATP translocase 3,42,16,3,25,298,32.8,9.74,47467177
High,O14979,HNRNPDL,Heterogeneous nuclear ribonucleoprotein D-like,19,9,7,19,420,46.4,9.57,143109676.625
High,Q92600,CNOT9,CCR4-NOT transcription complex subunit 9,31,8,8,17,299,33.6,8.03,23110726.75
High,O75534,CSDE1,Cold shock domain-containing protein E1,22,19,19,33,798,88.8,6.25,55216587.25
High,P14649,MYL6B,Myosin light chain 6B,57,12,9,27,208,22.8,5.73,1018119800.75
High,Q8IWR0,ZC3H7A,Zinc finger CCCH domain-containing protein 7A,16,10,10,15,971,110.5,7.3,55517671.75
High,Q13151,HNRNPA0,Heterogeneous nuclear ribonucleoprotein A0,29,10,10,15,305,30.8,9.29,154092565.9375
High,Q9H0A0,NAT10,RNA cytidine acetyltransferase,16,15,15,21,1025,115.7,8.27,36241403.25
High,Q14008,CKAP5,Cytoskeleton-associated protein 5,10,17,17,24,2032,225.4,7.8,19226570.625
High,P48047,ATP5PO,"ATP synthase subunit O, mitochondrial",48,8,8,16,213,23.3,9.96,98236248
High,P61353,RPL27,60S ribosomal protein L27,58,11,11,30,136,15.8,10.56,822659795.625
High,P61204,ARF3,ADP-ribosylation factor 3,47,8,5,15,181,20.6,7.43,26044298.75
High,Q8WVV9,HNRNPLL,Heterogeneous nuclear ribonucleoprotein L-like,18,7,7,13,542,60.0,7.72,24344653.25
High,P46783,RPS10,40S ribosomal protein S10,50,10,10,21,165,18.9,10.15,641558418.75
High,P02768,ALB,Albumin,19,12,12,42,609,69.3,6.28,2439162323.375
High,Q86UX7,FERMT3,Fermitin family homolog 3,22,11,11,21,667,75.9,6.98,28068590.125
High,O15231,ZNF185,Zinc finger protein 185,27,13,13,23,689,73.5,7.01,40346137.125
High,P62249,RPS16,40S ribosomal protein S16,65,16,16,36,146,16.4,10.21,1479378834.875
High,P62917,RPL8,60S ribosomal protein L8,47,13,13,29,257,28.0,11.03,844215385.6875
High,Q15007,WTAP,Pre-mRNA-splicing regulator WTAP,26,11,11,19,396,44.2,5.19,33483586.125
High,Q15365,PCBP1,Poly(rC)-binding protein 1,32,6,4,14,356,37.5,7.09,45468345
High,O75165,DNAJC13,DnaJ homolog subfamily C member 13,8,13,13,20,2243,254.3,6.74,11637708.375
High,Q9NX58,LYAR,Cell growth-regulating nucleolar protein,31,10,10,18,379,43.6,9.57,48455592.25
High,Q12965,MYO1E,Unconventional myosin-Ie,16,14,14,21,1108,127.0,8.92,22111379.875
High,Q16531,DDB1,DNA damage-binding protein 1,12,13,13,20,1140,126.9,5.26,15595783
High,Q99729,HNRNPAB,Heterogeneous nuclear ribonucleoprotein A/B,24,10,10,19,332,36.2,8.21,108985723.75
High,P25705,ATP5F1A,"ATP synthase subunit alpha, mitochondrial",27,12,12,21,553,59.7,9.13,44857904.75
High,Q9Y295,DRG1,Developmentally-regulated GTP-binding protein 1,32,10,10,18,367,40.5,8.9,41752983.0625
High,P62140,PPP1CB,Serine/threonine-protein phosphatase PP1-beta catalytic subunit,24,8,4,20,327,37.2,6.19,47205075.375
High,Q9BWF3,RBM4,RNA-binding protein 4,33,11,2,21,364,40.3,7.08,37916295.625
High,Q9UG63,ABCF2,ATP-binding cassette sub-family F member 2,20,12,12,24,623,71.2,7.37,55899382.625
High,P84098,RPL19,60S ribosomal protein L19,28,8,8,28,196,23.5,11.47,292869158.25
High,Q15046,KARS1,Lysine--tRNA ligase,25,12,12,19,597,68.0,6.35,27182888
High,Q9BY77,POLDIP3,Polymerase delta-interacting protein 3,41,12,12,18,421,46.1,9.99,33696078.25
High,Q9UJV9,DDX41,Probable ATP-dependent RNA helicase DDX41,22,10,10,17,622,69.8,6.84,14738573.4375
High,Q9UKV3,ACIN1,Apoptotic chromatin condensation inducer in the nucleus,11,11,11,15,1341,151.8,6.43,43960425
High,Q14257,RCN2,Reticulocalbin-2,36,9,9,15,317,36.9,4.4,53049495.625
High,P13797,PLS3,Plastin-3,26,13,13,18,630,70.8,5.6,26166404.75
High,Q9NZN4,EHD2,EH domain-containing protein 2,28,13,9,20,543,61.1,6.46,25894052.25
High,Q14669,TRIP12,E3 ubiquitin-protein ligase TRIP12,9,14,14,19,1992,220.3,8.48,22133842.4375
High,Q8TDB6,DTX3L,E3 ubiquitin-protein ligase DTX3L,21,10,10,17,740,83.5,8.06,19608069
High,O15234,CASC3,Protein CASC3,14,8,8,14,703,76.2,6.48,31165589.25
High,Q00577,PURA,Transcriptional activator protein Pur-alpha,48,10,7,18,322,34.9,6.44,128546442.25
High,P22695,UQCRC2,"Cytochrome b-c1 complex subunit 2, mitochondrial",32,10,10,16,453,48.4,8.63,32752830.375
High,P26640,VARS1,Valine--tRNA ligase,13,11,11,20,1264,140.4,7.59,23404769.75
High,P05198,EIF2S1,Eukaryotic translation initiation factor 2 subunit 1,40,13,13,22,315,36.1,5.08,72752461.75
High,P61313,RPL15,60S ribosomal protein L15,46,11,11,20,204,24.1,11.62,311750056
High,P23381,WARS1,"Tryptophan--tRNA ligase, cytoplasmic",32,10,10,16,471,53.1,6.23,21082533.125
High,P82650,MRPS22,"28S ribosomal protein S22, mitochondrial",38,11,11,19,360,41.3,7.9,22574013.5
High,P62805,H4C16,Histone H4,44,8,8,18,103,11.4,11.36,214975402
High,Q3KQU3,MAP7D1,MAP7 domain-containing protein 1,17,13,13,17,841,92.8,10.11,22557891.25
High,Q8WXF1,PSPC1,Paraspeckle component 1,34,12,12,23,523,58.7,6.67,107134800
High,P47755,CAPZA2,F-actin-capping protein subunit alpha-2,43,8,5,16,286,32.9,5.85,16473389
High,Q07020,RPL18,60S ribosomal protein L18,33,9,9,23,188,21.6,11.72,551263345.125
High,Q13190,STX5,Syntaxin-5,26,6,6,11,355,39.6,9.16,18866450.9375
High,Q15637,SF1,Splicing factor 1,19,8,8,14,639,68.3,8.98,40746078.75
High,Q8NI27,THOC2,THO complex subunit 2,10,15,15,23,1593,182.7,8.44,43853221.875
High,P28482,MAPK1,Mitogen-activated protein kinase 1,26,10,8,20,360,41.4,6.98,44150715.25
High,Q14847,LASP1,LIM and SH3 domain protein 1,50,8,8,14,261,29.7,7.05,107788667
High,P42704,LRPPRC,"Leucine-rich PPR motif-containing protein, mitochondrial",11,13,13,22,1394,157.8,6.13,93427411.875
High,P54136,RARS1,"Arginine--tRNA ligase, cytoplasmic",20,11,11,21,660,75.3,6.68,23908858
High,Q9NR12,PDLIM7,PDZ and LIM domain protein 7,28,8,8,15,457,49.8,8.41,38954715.875
High,P09661,SNRPA1,U2 small nuclear ribonucleoprotein A',36,10,10,21,255,28.4,8.62,57797139.5
High,Q96QV1,HHIP,Hedgehog-interacting protein,11,7,7,16,700,78.8,7.9,26512663.375
High,P62258,YWHAE,14-3-3 protein epsilon,39,9,7,23,255,29.2,4.74,79202459
High,Q02539,H1-1,Histone H1.1,27,7,1,13,215,21.8,10.99,3024282.25
High,Q8N163,CCAR2,Cell cycle and apoptosis regulator protein 2,18,14,14,25,923,102.8,5.22,41332026.6875
High,O60333,KIF1B,Kinesin-like protein KIF1B,7,12,8,17,1816,204.3,5.6,11448986.5625
High,P04406,GAPDH,Glyceraldehyde-3-phosphate dehydrogenase,34,8,7,15,335,36.0,8.46,43154829.25
High,Q9P258,RCC2,Protein RCC2,25,12,12,18,522,56.0,8.78,30959148.25
High,Q9Y3F4,STRAP,Serine-threonine kinase receptor-associated protein,32,8,8,17,350,38.4,5.12,27971973.375
High,Q9Y4I1,MYO5A,Unconventional myosin-Va,10,16,16,21,1855,215.3,8.48,17133087.6875
High,P35611,ADD1,Alpha-adducin,21,10,10,13,737,80.9,5.83,18553453.625
High,O94842,TOX4,TOX high mobility group box family member 4,18,9,9,15,621,66.2,5.06,63105365.125
High,Q7L0Y3,TRMT10C,tRNA methyltransferase 10 homolog C,31,12,12,21,403,47.3,9.36,52667482.75
High,P62316,SNRPD2,Small nuclear ribonucleoprotein Sm D2,54,8,8,20,118,13.5,9.91,115612361.625
High,O00567,NOP56,Nucleolar protein 56,20,12,12,21,594,66.0,9.19,32621567.375
High,P62136,PPP1CA,Serine/threonine-protein phosphatase PP1-alpha catalytic subunit,12,6,2,14,330,37.5,6.33,5983272.625
High,O75569,PRKRA,Interferon-inducible double-stranded RNA-dependent protein kinase activator A,28,8,8,16,313,34.4,8.41,51838458.75
High,Q8N1G4,LRRC47,Leucine-rich repeat-containing protein 47,27,12,12,18,583,63.4,8.28,33052326.375
High,Q7Z739,YTHDF3,YTH domain-containing family protein 3,15,8,4,15,585,63.8,9.04,14145044.875
High,P08621,SNRNP70,U1 small nuclear ribonucleoprotein 70 kDa,22,10,10,17,437,51.5,9.94,71185956.75
High,Q9HAU5,UPF2,Regulator of nonsense transcripts 2,13,16,16,21,1272,147.7,5.69,39562428.375
High,Q5T200,ZC3H13,Zinc finger CCCH domain-containing protein 13,8,11,11,20,1668,196.5,9.42,29750985.5
High,O75934,BCAS2,Pre-mRNA-splicing factor SPF27,34,8,8,17,225,26.1,5.66,35963309.625
High,Q14562,DHX8,ATP-dependent RNA helicase DHX8,10,9,8,18,1220,139.2,8.32,14669472.25
High,Q2NL82,TSR1,Pre-rRNA-processing protein TSR1 homolog,17,11,11,22,804,91.8,7.42,28438351
High,Q9H0G5,NSRP1,Nuclear speckle splicing regulatory protein 1,13,8,8,15,558,66.4,8.84,40560177.625
High,P26641,EEF1G,Elongation factor 1-gamma,25,11,11,22,437,50.1,6.67,62831775.625
High,Q9BQG0,MYBBP1A,Myb-binding protein 1A,10,13,13,21,1328,148.8,9.28,22423022.875
High,O95573,ACSL3,Fatty acid CoA ligase Acsl3,20,9,7,13,720,80.4,8.38,28288108.875
High,Q9Y3U8,RPL36,60S ribosomal protein L36,30,6,6,25,105,12.2,11.59,217424044.1875
High,P23458,JAK1,Tyrosine-protein kinase JAK1,16,16,16,22,1154,133.2,7.55,41293879.8125
High,Q7Z794,KRT77,"Keratin, type II cytoskeletal 1b",16,10,7,47,578,61.9,5.99,11187557.5
High,Q8WVC0,LEO1,RNA polymerase-associated protein LEO1,14,7,7,10,666,75.4,4.51,27456159.6875
High,Q9Y2X3,NOP58,Nucleolar protein 58,18,7,7,13,529,59.5,8.92,18011797.125
High,P46778,RPL21,60S ribosomal protein L21,39,9,9,23,160,18.6,10.49,384151746
High,Q70UQ0,IKBIP,Inhibitor of nuclear factor kappa-B kinase-interacting protein,31,13,13,21,350,39.3,9.17,95192375.75
High,O43172,PRPF4,U4/U6 small nuclear ribonucleoprotein Prp4,20,9,9,15,522,58.4,7.42,14996580
High,A2NJV5,IGKV2-29,Immunoglobulin kappa variable 2-29,19,4,3,111,120,13.1,7.28,5714453102.0625
High,Q96LD4,TRIM47,E3 ubiquitin-protein ligase TRIM47,16,9,9,16,638,69.5,6.44,28889585.375
High,Q9Y2D5,AKAP2,A-kinase anchor protein 2,12,6,6,11,859,94.6,5.11,8353234.25
High,P39060,COL18A1,Collagen alpha-1(XVIII) chain,8,8,8,14,1754,178.1,6.01,25547323.5
High,Q9NYV4,CDK12,Cyclin-dependent kinase 12,10,8,8,13,1490,164.1,9.44,15268918.9375
High,O60524,NEMF,Ribosome quality control complex subunit NEMF,12,12,12,20,1076,122.9,6.35,35934821.5
High,P63104,YWHAZ,14-3-3 protein zeta/delta,34,8,6,16,245,27.7,4.79,31425090
High,O75475,PSIP1,PC4 and SFRS1-interacting protein,22,12,12,21,530,60.1,9.13,37907470.125
High,Q1KMD3,HNRNPUL2,Heterogeneous nuclear ribonucleoprotein U-like protein 2,19,13,13,21,747,85.1,4.91,42421164.0625
High,Q8WWP7,GIMAP1,GTPase IMAP family member 1,30,7,7,14,306,34.3,8.87,20294795.75
High,Q02978,SLC25A11,Mitochondrial 2-oxoglutarate/malate carrier protein,25,6,6,11,314,34.0,9.91,33060241.125
High,Q7Z6E9,RBBP6,E3 ubiquitin-protein ligase RBBP6,5,8,8,16,1792,201.4,9.64,18439136.125
High,Q5TC82,RC3H1,Roquin-1,15,11,7,17,1133,125.7,7.27,13178390
High,Q5SW79,CEP170,Centrosomal protein of 170 kDa,8,11,11,17,1584,175.2,7.11,25101524.25
High,Q9NNW5,WDR6,WD repeat-containing protein 6,12,8,8,13,1121,121.6,6.87,16611603.625
High,P12235,SLC25A4,ADP/ATP translocase 1,34,13,1,19,298,33.0,9.76,1505265.125
High,P61221,ABCE1,ATP-binding cassette sub-family E member 1,21,11,11,18,599,67.3,8.34,34696169.75
High,Q96EV2,RBM33,RNA-binding protein 33,9,6,6,12,1170,129.9,6.93,12301403.25
High,P31323,PRKAR2B,cAMP-dependent protein kinase type II-beta regulatory subunit,24,7,4,9,418,46.3,4.92,8053067.375
High,Q6NZI2,CAVIN1,Caveolae-associated protein 1,20,6,6,13,390,43.5,5.6,34701824.75
High,P08579,SNRPB2,U2 small nuclear ribonucleoprotein B'',36,8,5,15,225,25.5,9.72,19478994.5
High,Q15650,TRIP4,Activating signal cointegrator 1,19,10,10,18,581,66.1,7.85,20977244
High,Q14204,DYNC1H1,Cytoplasmic dynein 1 heavy chain 1,4,17,17,22,4646,532.1,6.4,10926518.6875
High,P05787,KRT8,"Keratin, type II cytoskeletal 8",13,9,1,31,483,53.7,5.59,2752874
High,Q14CN4,KRT72,"Keratin, type II cytoskeletal 72",9,5,1,28,511,55.8,6.89,19967248
High,Q7L014,DDX46,Probable ATP-dependent RNA helicase DDX46,11,11,11,16,1031,117.3,9.29,717520742.875
High,P37108,SRP14,Signal recognition particle 14 kDa protein,61,8,8,20,136,14.6,10.04,177657244.4375
High,P49368,CCT3,T-complex protein 1 subunit gamma,23,9,9,16,545,60.5,6.49,24260443
High,P62841,RPS15,40S ribosomal protein S15,37,4,4,16,145,17.0,10.39,241338104.125
High,Q9Y5A9,YTHDF2,YTH domain-containing family protein 2,17,6,4,12,579,62.3,8.79,22581646.5
High,Q86US8,SMG6,Telomerase-binding protein EST1A,8,9,9,12,1419,160.4,7.05,10446867.75
High,Q9H7E2,TDRD3,Tudor domain-containing protein 3,22,11,11,16,651,73.1,9.23,29479010.75
High,P46779,RPL28,60S ribosomal protein L28,30,7,7,24,137,15.7,12.02,351479193
High,Q13459,MYO9B,Unconventional myosin-IXb,6,11,11,18,2157,243.2,8.75,19017449
High,O00139,KIF2A,Kinesin-like protein KIF2A,14,8,8,16,706,79.9,6.68,21436329.25
High,P53814,SMTN,Smoothelin,12,7,7,11,917,99.0,9.07,11672843
High,O60264,SMARCA5,SWI/SNF-related matrix-associated actin-dependent regulator of chromatin subfamily A member 5,14,16,9,28,1052,121.8,8.09,42749926.75
High,Q86UK7,ZNF598,E3 ubiquitin-protein ligase ZNF598,15,10,10,15,904,98.6,8.4,26945340
High,Q86TB9,PATL1,Protein PAT1 homolog 1,16,8,8,14,770,86.8,6.67,28812310.375
High,Q9H2D6,TRIOBP,TRIO and F-actin-binding protein,5,9,9,16,2365,261.2,8.48,14222339.5625
High,Q8WWY3,PRPF31,U4/U6 small nuclear ribonucleoprotein Prp31,25,9,9,16,499,55.4,5.78,25873388.5
High,P63244,RACK1,Receptor of activated protein C kinase 1,30,12,12,18,317,35.1,7.69,61183220.0625
High,Q9H0J9,PARP12,Protein mono-ADP-ribosyltransferase PARP12,18,13,12,21,701,79.0,8.51,34561352.125
High,Q14498,RBM39,RNA-binding protein 39,22,9,9,14,530,59.3,10.1,39825580.875
High,P15144,ANPEP,Aminopeptidase N,14,12,12,19,967,109.5,5.48,509844628
High,P36873,PPP1CC,Serine/threonine-protein phosphatase PP1-gamma catalytic subunit,15,6,2,12,323,37.0,6.54,12743122.5
High,P17931,LGALS3,Galectin-3,26,5,5,12,250,26.1,8.56,57579264.75
High,P31483,TIA1,Cytotoxic granule associated RNA binding protein TIA1,22,8,4,14,386,42.9,7.74,9067683.125
High,O43684,BUB3,Mitotic checkpoint protein BUB3,27,9,9,15,328,37.1,6.84,21891030.25
High,O75152,ZC3H11A,Zinc finger CCCH domain-containing protein 11A,12,7,7,13,810,89.1,8.37,13471826
High,Q86YZ3,HRNR,Hornerin,8,3,3,5,2850,282.2,10.04,9800420
High,Q14241,ELOA,Elongin-A,11,7,7,10,798,89.9,9.57,14280060.125
High,Q9P2K5,MYEF2,Myelin expression factor 2,16,8,8,12,600,64.1,8.75,22078298.5
High,Q9BQ39,DDX50,ATP-dependent RNA helicase DDX50,16,9,7,15,737,82.5,9.17,22729690.5625
High,O75909,CCNK,Cyclin-K,18,7,7,11,580,64.2,8.41,34891059.625
High,P51398,DAP3,"28S ribosomal protein S29, mitochondrial",23,10,10,19,398,45.5,8.88,16181036.875
High,Q08AF3,SLFN5,Schlafen family member 5,11,9,8,16,891,101.0,8.22,19580470.875
High,P27694,RPA1,Replication protein A 70 kDa DNA-binding subunit,20,9,8,15,616,68.1,7.21,29645829.5
High,Q8IXQ6,PARP9,Protein mono-ADP-ribosyltransferase PARP9,13,8,8,13,854,96.3,7.91,13831314.75
High,P06396,GSN,Gelsolin,13,6,6,12,782,85.6,6.28,12181892.375
High,P42766,RPL35,60S ribosomal protein L35,31,7,7,20,123,14.5,11.05,672728773.5625
High,P06702,S100A9,Protein S100-A9,32,6,6,10,114,13.2,6.13,56152790.625
High,P09543,CNP,"2',3'-cyclic-nucleotide 3'-phosphodiesterase",22,9,9,19,421,47.5,9.07,26159482.375
High,Q9Y3Z3,SAMHD1,Deoxynucleoside triphosphate triphosphohydrolase SAMHD1,17,9,9,14,626,72.2,7.14,23177893.5
High,O75175,CNOT3,CCR4-NOT transcription complex subunit 3,13,8,8,14,753,81.8,6.2,18033005.25
High,Q9P2N5,RBM27,RNA-binding protein 27,10,11,9,18,1060,118.6,9.19,28548348.9375
High,P18085,ARF4,ADP-ribosylation factor 4,39,7,4,12,180,20.5,7.14,13839511.5
High,Q63HN8,RNF213,E3 ubiquitin-protein ligase RNF213,3,11,11,18,5207,591.0,6.48,8506383.4375
High,P48729,CSNK1A1,Casein kinase I isoform alpha,24,7,7,15,337,38.9,9.57,26615400.875
High,Q8TEQ6,GEMIN5,Gem-associated protein 5,7,9,9,13,1508,168.5,6.62,12075327.0625
High,P50579,METAP2,Methionine aminopeptidase 2,16,7,7,15,478,52.9,5.82,23075764.5
High,Q9BQ04,RBM4B,RNA-binding protein 4B,26,10,1,19,359,40.1,6.74,1240378.875
High,Q658Y4,FAM91A1,Protein FAM91A1,15,9,9,14,838,93.9,6.39,12032650
High,Q14697,GANAB,Neutral alpha-glucosidase AB,16,12,12,19,944,106.8,6.14,19347988.59375
High,P27658,COL8A1,Collagen alpha-1(VIII) chain,9,6,6,13,744,73.3,9.61,50235738.6875
High,Q9UHR5,SAP30BP,SAP30-binding protein,23,8,8,13,308,33.9,4.84,30109957.625
High,O00560,SDCBP,Syntenin-1,39,8,8,11,298,32.4,7.53,21538763.625
High,Q9UDY4,DNAJB4,DnaJ homolog subfamily B member 4,23,6,6,11,337,37.8,8.5,41678860
High,Q9Y3B7,MRPL11,"39S ribosomal protein L11, mitochondrial",51,8,8,17,192,20.7,9.91,55646105
High,P62913,RPL11,60S ribosomal protein L11,35,6,6,24,178,20.2,9.6,574628373.40625
High,Q9Y450,HBS1L,HBS1-like protein,14,7,7,11,684,75.4,6.61,13217268.25
High,P61326,MAGOH,Protein mago nashi homolog,46,7,1,14,146,17.2,6.11,38916292
High,P35268,RPL22,60S ribosomal protein L22,38,8,6,14,128,14.8,9.19,252334023.75
High,O60716,CTNND1,Catenin delta-1,10,10,10,16,968,108.1,6.23,24911066.375
High,Q6P1J9,CDC73,Parafibromin,21,11,11,19,531,60.5,9.61,38987858.25
High,Q14839,CHD4,Chromodomain-helicase-DNA-binding protein 4,6,11,5,19,1912,217.9,5.86,15080273.25
High,P62314,SNRPD1,Small nuclear ribonucleoprotein Sm D1,38,4,4,9,119,13.3,11.56,75526231
High,Q99575,POP1,Ribonucleases P/MRP protein subunit POP1,11,8,8,12,1024,114.6,9.22,13542336.03125
High,P04844,RPN2,Dolichyl-diphosphooligosaccharide--protein glycosyltransferase subunit 2,15,6,6,10,631,69.2,5.69,13003086.375
High,Q15428,SF3A2,Splicing factor 3A subunit 2,15,6,6,13,464,49.2,9.64,33307496.375
High,Q96DI7,SNRNP40,U5 small nuclear ribonucleoprotein 40 kDa protein,31,7,7,14,357,39.3,8.1,19913969.625
High,Q96D15,RCN3,Reticulocalbin-3,23,5,5,8,328,37.5,4.89,7395218.75
High,O95758,PTBP3,Polypyrimidine tract-binding protein 3,20,7,5,12,552,59.7,9.04,20698202.75
High,Q13162,PRDX4,Peroxiredoxin-4,26,7,5,16,271,30.5,6.29,10073329.75
High,Q6PD62,CTR9,RNA polymerase-associated protein CTR9 homolog,10,9,9,14,1173,133.4,6.77,24434000.625
High,Q6NZY4,ZCCHC8,Zinc finger CCHC domain-containing protein 8,20,10,10,15,707,78.5,4.87,24064435.3125
High,Q9BRJ6,C7orf50,Uncharacterized protein C7orf50,37,6,6,11,194,22.1,9.64,16179106.875
High,P13861,PRKAR2A,cAMP-dependent protein kinase type II-alpha regulatory subunit,28,9,6,16,404,45.5,5.07,26215945.125
High,O60573,EIF4E2,Eukaryotic translation initiation factor 4E type 2,36,6,6,9,245,28.3,8.88,20390127.25
High,Q15646,OASL,2'-5'-oligoadenylate synthase-like protein,21,8,8,13,514,59.2,7.87,27253810.875
High,P08865,RPSA,40S ribosomal protein SA,27,7,7,13,295,32.8,4.87,35456050.875
High,Q9Y2R9,MRPS7,"28S ribosomal protein S7, mitochondrial",34,7,7,12,242,28.1,9.99,9471419.625
High,Q659C4,LARP1B,La-related protein 1B,7,6,2,12,914,105.3,7.61,5589366.125
High,Q92522,H1-10,Histone H1.10,32,7,7,13,213,22.5,10.76,80727028
High,Q96A72,MAGOHB,Protein mago nashi homolog 2,46,7,1,13,148,17.3,6.39,5957790.5
High,P60866,RPS20,40S ribosomal protein S20,37,6,6,17,119,13.4,9.94,705206462.3125
High,P35609,ACTN2,Alpha-actinin-2,7,6,1,11,894,103.8,5.45,5684535.5
High,P01040,CSTA,Cystatin-A,76,6,6,10,98,11.0,5.5,22829618.375
High,Q92615,LARP4B,La-related protein 4B,11,7,7,13,738,80.5,6.92,18738879.125
High,P84090,ERH,Enhancer of rudimentary homolog,53,11,11,29,104,12.3,5.92,1170593603.5
High,P62851,RPS25,40S ribosomal protein S25,30,6,6,17,125,13.7,10.11,719297900.25
High,P13646,KRT13,"Keratin, type I cytoskeletal 13",13,8,2,21,458,49.6,4.96,5159004.5
High,Q9Y3Y2,CHTOP,Chromatin target of PRMT1 protein,23,5,5,14,248,26.4,12.23,35675248.9375
High,Q16513,PKN2,Serine/threonine-protein kinase N2,14,11,11,14,984,112.0,6.3,13096101.125
High,Q9Y383,LUC7L2,Putative RNA-binding protein Luc7-like 2,15,5,4,10,392,46.5,10.01,19732478.3125
High,P46782,RPS5,40S ribosomal protein S5,28,6,6,17,204,22.9,9.72,182861298.6875
High,Q02543,RPL18A,60S ribosomal protein L18a,35,11,11,25,176,20.7,10.71,608178857.875
High,Q8WUQ7,CACTIN,Splicing factor Cactin,12,6,6,10,758,88.6,9.14,14734546
High,P50914,RPL14,60S ribosomal protein L14,20,4,4,17,215,23.4,10.93,642687661.875
High,Q53F19,NCBP3,Nuclear cap-binding protein subunit 3,15,8,8,13,620,70.5,5.73,29946326.25
High,Q9BZH6,WDR11,WD repeat-containing protein 11,8,8,8,12,1224,136.6,6.92,8593902.625
High,O60832,DKC1,H/ACA ribonucleoprotein complex subunit DKC1,15,6,6,12,514,57.6,9.42,23078875.625
High,P36542,ATP5F1C,"ATP synthase subunit gamma, mitochondrial",20,7,7,14,298,33.0,9.22,26261832
High,Q00325,SLC25A3,"Phosphate carrier protein, mitochondrial",25,10,10,20,362,40.1,9.38,80547947.75
High,O00299,CLIC1,Chloride intracellular channel protein 1,40,7,6,13,241,26.9,5.17,15404461
High,P31946,YWHAB,14-3-3 protein beta/alpha,27,6,2,11,246,28.1,4.83,2968098.5
High,O60488,ACSL4,Long-chain-fatty-acid--CoA ligase 4,13,8,6,15,711,79.1,8.38,10001655
High,Q9UQ80,PA2G4,Proliferation-associated protein 2G4,22,8,8,15,394,43.8,6.55,17849416.375
High,Q99832,CCT7,T-complex protein 1 subunit eta,19,9,9,16,543,59.3,7.65,19736911.875
High,P14678,SNRPB,Small nuclear ribonucleoprotein-associated proteins B and B',35,7,7,17,240,24.6,11.19,116070303.5
High,P05089,ARG1,Arginase-1,23,6,6,11,322,34.7,7.21,19230647.875
High,P50990,CCT8,T-complex protein 1 subunit theta,16,8,8,13,548,59.6,5.6,16689185.75
High,Q96PU4,UHRF2,E3 ubiquitin-protein ligase UHRF2,9,5,5,10,802,89.9,8.21,11690907.625
High,Q86XN8,MEX3D,RNA-binding protein MEX3D,15,7,6,13,651,64.8,5.35,15828394.875
High,P61160,ACTR2,Actin-related protein 2,17,5,5,10,394,44.7,6.74,12080461.75
High,P50991,CCT4,T-complex protein 1 subunit delta,19,7,7,13,539,57.9,7.83,16744871.3125
High,Q96MU7,YTHDC1,YTH domain-containing protein 1,13,11,11,22,727,84.6,6.23,51187173
High,P78362,SRPK2,SRSF protein kinase 2,13,7,5,11,688,77.5,4.97,19655023.25
High,Q9NTI5,PDS5B,Sister chromatid cohesion protein PDS5 homolog B,10,11,10,16,1447,164.6,8.47,59284297.625
High,Q17RY0,CPEB4,Cytoplasmic polyadenylation element-binding protein 4,9,5,5,9,729,80.1,7.18,8745061.875
High,P35221,CTNNA1,Catenin alpha-1,11,8,7,13,906,100.0,6.29,4574925.375
High,Q9BVP2,GNL3,Guanine nucleotide-binding protein-like 3,14,7,7,12,549,62.0,9.16,22454921
High,Q16576,RBBP7,Histone-binding protein RBBP7,20,6,2,9,425,47.8,5.05,15630712
High,P25398,RPS12,40S ribosomal protein S12,34,4,4,11,132,14.5,7.21,103984497
High,P40939,HADHA,"Trifunctional enzyme subunit alpha, mitochondrial",11,8,8,15,763,82.9,9.04,15476110.75
High,Q5QNW6,H2BC18,Histone H2B type 2-F,38,5,2,13,126,13.9,10.32,435896035.9375
High,Q86U42,PABPN1,Polyadenylate-binding protein 2,31,5,5,7,306,32.7,5.06,27985236.75
High,Q96FV9,THOC1,THO complex subunit 1,14,8,8,13,657,75.6,4.98,17016467.25
High,P11308,ERG,Transcriptional regulator ERG,18,5,5,7,479,53.8,7.65,9507673.1875
High,Q9NZM5,NOP53,Ribosome biogenesis protein NOP53,20,5,5,8,478,54.4,10.32,8668099.875
High,Q14011,CIRBP,Cold-inducible RNA-binding protein,34,5,5,10,172,18.6,9.51,62048422.25
High,Q9Y4P3,TBL2,Transducin beta-like protein 2,18,6,6,9,447,49.8,9.44,16736157.625
High,Q16778,H2BC21,Histone H2B type 2-E,38,4,1,12,126,13.9,10.32,15200120.5
High,Q8NDT2,RBM15B,Putative RNA-binding protein 15B,12,9,7,12,890,97.1,9.85,14190284.125
High,P0DP24,CALM2,Calmodulin-2,31,3,3,5,149,16.8,4.22,18364086.875
High,Q9NPI6,DCP1A,mRNA-decapping enzyme 1A,17,7,7,12,582,63.2,6.25,8677306.875
High,P04080,CSTB,Cystatin-B,46,3,3,6,98,11.1,7.56,24173089
High,Q13838,DDX39B,Spliceosome RNA helicase DDX39B,21,8,8,16,428,49.0,5.67,17774606.125
High,Q96KG9,SCYL1,N-terminal kinase-like protein,11,7,7,12,808,89.6,6.3,19190617.9375
High,Q13123,IK,Protein Red,19,9,9,17,557,65.6,6.64,48393198.375
High,Q8WXX5,DNAJC9,DnaJ homolog subfamily C member 9,33,7,7,10,260,29.9,5.73,14045856.75
High,Q9UKM9,RALY,RNA-binding protein Raly,22,7,7,13,306,32.4,9.17,39462259
High,Q96HP0,DOCK6,Dedicator of cytokinesis protein 6,5,7,6,11,2047,229.4,6.74,10293779.5625
High,P51659,HSD17B4,Peroxisomal multifunctional enzyme type 2,13,7,7,11,736,79.6,8.84,12776856.5
High,Q9UBU9,NXF1,Nuclear RNA export factor 1,15,9,9,12,619,70.1,8.51,36501204.75
High,Q01130,SRSF2,Serine/arginine-rich splicing factor 2,21,4,4,9,221,25.5,11.85,69124556.75
High,Q13769,THOC5,THO complex subunit 5 homolog,14,7,7,10,683,78.5,6.87,15733141.5
High,Q12849,GRSF1,G-rich sequence factor 1,24,6,6,8,480,53.1,6.19,7614301.75
High,P19013,KRT4,"Keratin, type II cytoskeletal 4",11,8,2,21,520,56.1,6.61,1789905
High,O43395,PRPF3,U4/U6 small nuclear ribonucleoprotein Prp3,13,7,7,13,683,77.5,9.5,11935619.9375
High,P83111,LACTB,"Serine beta-lactamase-like protein LACTB, mitochondrial",15,7,7,11,547,60.7,8.53,26923227.75
High,O75494,SRSF10,Serine/arginine-rich splicing factor 10,23,6,6,9,262,31.3,11.27,50306701.5
High,P62280,RPS11,40S ribosomal protein S11,42,10,10,26,158,18.4,10.3,724972288.1875
High,P78371,CCT2,T-complex protein 1 subunit beta,24,8,8,11,535,57.5,6.46,35542038.9375
High,P42677,RPS27,40S ribosomal protein S27,31,4,3,12,84,9.5,9.45,73730441
High,Q7L576,CYFIP1,Cytoplasmic FMR1-interacting protein 1,7,8,8,14,1253,145.1,6.9,11927529.5
High,P48681,NES,Nestin,6,8,8,13,1621,177.3,4.36,3530563.5
High,Q9P270,SLAIN2,SLAIN motif-containing protein 2,14,6,6,12,581,62.5,9.45,15423198.25
High,P78316,NOP14,Nucleolar protein 14,9,7,7,11,857,97.6,7.58,9623553
High,P62995,TRA2B,Transformer-2 protein homolog beta,27,7,7,9,288,33.6,11.25,55180666.125
High,Q5VT25,CDC42BPA,Serine/threonine-protein kinase MRCK alpha,7,10,7,12,1732,197.2,6.58,12663370.125
High,P61981,YWHAG,14-3-3 protein gamma,27,7,3,13,247,28.3,4.89,15021915.5
High,Q99755,PIP5K1A,Phosphatidylinositol 4-phosphate 5-kinase type-1 alpha,14,5,5,7,562,62.6,8.21,3590475
High,P27348,YWHAQ,14-3-3 protein theta,15,4,2,8,245,27.7,4.78,3995822.375
High,Q7L7L0,H2AC25,Histone H2A type 3,28,5,2,10,130,14.1,11.05,366576312.25
High,Q08554,DSC1,Desmocollin-1,6,4,4,8,894,99.9,5.43,16814443
High,Q96GA3,LTV1,Protein LTV1 homolog,20,8,8,10,475,54.8,4.91,17576543.375
High,P33993,MCM7,DNA replication licensing factor MCM7,18,10,10,14,719,81.3,6.46,12444139.25
High,P46776,RPL27A,60S ribosomal protein L27a,36,6,6,13,148,16.6,11.0,336092487.9375
High,P30876,POLR2B,DNA-directed RNA polymerase II subunit RPB2,9,9,9,12,1174,133.8,6.87,10907251.25
High,P62888,RPL30,60S ribosomal protein L30,18,4,4,11,115,12.8,9.63,139256448.625
High,Q96IZ0,PAWR,PRKC apoptosis WT1 regulator protein,20,5,5,10,340,36.5,5.41,25778967.5
High,P63151,PPP2R2A,Serine/threonine-protein phosphatase 2A 55 kDa regulatory subunit B alpha isoform,20,7,5,10,447,51.7,6.2,20850974.75
High,P23528,CFL1,Cofilin-1,39,4,3,9,166,18.5,8.09,88478309
High,Q9Y5S9,RBM8A,RNA-binding protein 8A,42,6,6,12,174,19.9,5.72,33687205.25
High,P21291,CSRP1,Cysteine and glycine-rich protein 1,31,5,5,8,193,20.6,8.57,41583023.875
High,Q93073,SECISBP2L,Selenocysteine insertion sequence-binding protein 2-like,8,7,7,11,1101,121.7,6.04,10843554.125
High,Q8IVF7,FMNL3,Formin-like protein 3,9,9,9,13,1028,117.1,6.65,17478509.5
High,P50453,SERPINB9,Serpin B9,20,5,5,9,376,42.4,5.86,10451672.375
High,P30050,RPL12,60S ribosomal protein L12,30,4,4,9,165,17.8,9.42,405028892.296875
High,O75083,WDR1,WD repeat-containing protein 1,11,5,5,9,606,66.2,6.65,20318474.75
High,O95639,CPSF4,Cleavage and polyadenylation specificity factor subunit 4,25,4,4,9,269,30.2,8.31,25260472.625
High,O95429,BAG4,BAG family molecular chaperone regulator 4,18,5,5,10,457,49.6,5.12,13602414.5
High,Q00059,TFAM,"Transcription factor A, mitochondrial",28,8,8,15,246,29.1,9.72,37535084
High,Q16629,SRSF7,Serine/arginine-rich splicing factor 7,27,6,5,12,238,27.4,11.82,61256150.875
High,P84103,SRSF3,Serine/arginine-rich splicing factor 3,29,5,4,12,164,19.3,11.65,170028461.125
High,Q96ST2,IWS1,Protein IWS1 homolog,11,8,8,13,819,91.9,4.69,24389917.03125
High,Q8TB72,PUM2,Pumilio homolog 2,5,4,2,7,1066,114.1,7.08,3764755.75
High,Q13895,BYSL,Bystin,18,7,7,11,437,49.6,8.12,13036209.25
High,Q9P2E3,ZNFX1,NFX1-type zinc finger-containing protein 1,6,10,10,15,1918,220.1,7.3,8611155.25
High,Q9Y5B6,PAXBP1,PAX3- and PAX7-binding protein 1,12,9,9,16,917,104.7,5.68,14593963.125
High,Q15084,PDIA6,Protein disulfide-isomerase A6,19,6,6,10,440,48.1,5.08,13806913
High,Q53GQ0,HSD17B12,Very-long-chain 3-oxoacyl-CoA reductase,14,4,4,8,312,34.3,9.32,7169369.75
High,P49756,RBM25,RNA-binding protein 25,10,7,7,11,843,100.1,6.32,160094293
High,Q9UGR2,ZC3H7B,Zinc finger CCCH domain-containing protein 7B,10,8,8,13,977,109.8,7.25,18907726.875
High,P11182,DBT,"Lipoamide acyltransferase component of branched-chain alpha-keto acid dehydrogenase complex, mitochondrial",16,6,6,11,482,53.5,8.51,13337057.875
High,Q9Y580,RBM7,RNA-binding protein 7,32,6,6,7,266,30.5,9.57,10941791.375
High,Q9Y230,RUVBL2,RuvB-like 2,16,7,7,11,463,51.1,5.64,9445644.875
High,Q92688,ANP32B,Acidic leucine-rich nuclear phosphoprotein 32 family member B,16,5,5,10,251,28.8,4.06,27189526.75
High,Q9Y5S2,CDC42BPB,Serine/threonine-protein kinase MRCK beta,7,9,6,11,1711,194.2,6.37,4161603.25
High,Q9UEY8,ADD3,Gamma-adducin,13,7,7,11,706,79.1,6.32,13676896.375
High,Q9NWH9,SLTM,SAFB-like transcription modulator,4,4,4,6,1034,117.1,7.87,8475916.25
High,O75330,HMMR,Hyaluronan mediated motility receptor,8,4,4,7,724,84.0,5.83,5875563.125
High,P31689,DNAJA1,DnaJ homolog subfamily A member 1,14,4,4,8,397,44.8,7.08,26129667
High,Q13148,TARDBP,TAR DNA-binding protein 43,20,6,6,11,414,44.7,6.19,27583687.5
High,Q9H089,LSG1,Large subunit GTPase 1 homolog,14,9,9,14,658,75.2,6.38,45133127
High,P63173,RPL38,60S ribosomal protein L38,53,6,6,13,70,8.2,10.1,48930297.5
High,Q32MZ4,LRRFIP1,Leucine-rich repeat flightless-interacting protein 1,9,6,5,8,808,89.2,4.65,8196693.875
High,O75396,SEC22B,Vesicle-trafficking protein SEC22b,30,5,5,8,215,24.7,8.51,6953360.875
High,O95340,PAPSS2,Bifunctional 3'-phosphoadenosine 5'-phosphosulfate synthase 2,10,5,5,9,614,69.5,8.03,8188297.9375
High,Q9H1I8,ASCC2,Activating signal cointegrator 1 complex subunit 2,13,8,8,12,757,86.3,5.16,30720000.5625
High,P50402,EMD,Emerin,24,6,6,9,254,29.0,5.5,14364477.1875
High,Q9ULX3,NOB1,RNA-binding protein NOB1,22,6,6,9,412,46.6,7.18,22160284.375
High,P20591,MX1,Interferon-induced GTP-binding protein Mx1,12,7,7,12,662,75.5,5.83,14899840.375
High,Q96A33,CCDC47,PAT complex subunit CCDC47,13,4,4,6,483,55.8,4.87,7902519
High,Q15427,SF3B4,Splicing factor 3B subunit 4,15,5,5,9,424,44.4,8.56,52467121.5
High,P49591,SARS1,"Serine--tRNA ligase, cytoplasmic",15,6,6,10,514,58.7,6.43,10951566.375
High,P39748,FEN1,Flap endonuclease 1,21,6,6,9,380,42.6,8.62,20607548.25
High,Q9BXJ9,NAA15,"N-alpha-acetyltransferase 15, NatA auxiliary subunit",9,7,7,11,866,101.2,7.42,10245935.25
High,Q9Y6A4,CFAP20,Cilia- and flagella-associated protein 20,24,5,5,9,193,22.8,9.76,73252604
High,Q14684,RRP1B,Ribosomal RNA processing protein 1 homolog B,15,7,7,11,758,84.4,9.76,9524659
High,P62899,RPL31,60S ribosomal protein L31,48,8,8,16,125,14.5,10.54,618187323.5
High,Q08379,GOLGA2,Golgin subfamily A member 2,9,5,5,8,1002,113.0,5.02,5204233.9375
High,Q8WWI1,LMO7,LIM domain only protein 7,5,5,5,7,1683,192.6,8.09,5851332
High,P83731,RPL24,60S ribosomal protein L24,22,4,4,20,157,17.8,11.25,634105991.875
High,Q8WU90,ZC3H15,Zinc finger CCCH domain-containing protein 15,13,6,6,8,426,48.6,5.31,27166926.5625
High,Q9H4M9,EHD1,EH domain-containing protein 1,13,7,4,12,534,60.6,6.83,7083619.125
High,Q96P63,SERPINB12,Serpin B12,12,4,4,5,405,46.2,5.53,12465377.625
High,P06576,ATP5F1B,"ATP synthase subunit beta, mitochondrial",13,5,5,9,529,56.5,5.4,6920874.625
High,P35659,DEK,Protein DEK,15,5,5,8,375,42.6,8.56,12056348.25
High,Q5D862,FLG2,Filaggrin-2,3,3,3,6,2391,247.9,8.31,15464493.625
High,P52943,CRIP2,Cysteine-rich protein 2,25,2,2,4,208,22.5,8.72,39541646
High,Q9BWM7,SFXN3,Sideroflexin-3,26,6,6,10,321,35.5,9.1,3717949.125
High,Q9Y676,MRPS18B,"28S ribosomal protein S18b, mitochondrial",21,5,5,10,258,29.4,9.38,10865840.5
High,Q9BZE4,GTPBP4,GTP-binding protein 4,11,6,6,8,634,73.9,9.5,11946068.125
High,P40227,CCT6A,T-complex protein 1 subunit zeta,15,7,7,10,531,58.0,6.68,10186378.625
High,Q9BZK7,TBL1XR1,F-box-like/WD repeat-containing protein TBL1XR1,10,4,4,7,514,55.6,5.55,1260860.625
High,P27105,STOM,Stomatin,19,4,4,8,288,31.7,7.88,10097963.375
High,O75525,KHDRBS3,"KH domain-containing, RNA-binding, signal transduction-associated protein 3",14,6,2,23,346,38.8,7.61,12394350.75
High,P20908,COL5A1,Collagen alpha-1(V) chain,5,5,5,7,1838,183.4,5.06,7942380.9375
High,Q02809,PLOD1,"Procollagen-lysine,2-oxoglutarate 5-dioxygenase 1",12,6,6,8,727,83.5,6.95,6107315.75
High,P06730,EIF4E,Eukaryotic translation initiation factor 4E,34,6,6,12,217,25.1,6.15,115934992.5
High,Q9HC36,MRM3,"rRNA methyltransferase 3, mitochondrial",19,7,7,13,420,47.0,8.73,34196918.25
High,Q04917,YWHAH,14-3-3 protein eta,21,6,4,10,246,28.2,4.84,12183165.25
High,Q8ND56,LSM14A,Protein LSM14 homolog A,12,5,5,9,463,50.5,9.52,15300958.75
High,Q6PJT7,ZC3H14,Zinc finger CCCH domain-containing protein 14,14,8,8,12,736,82.8,7.31,23395269
High,Q9HCD5,NCOA5,Nuclear receptor coactivator 5,9,4,4,7,579,65.5,9.6,7131060.125
High,P49916,LIG3,DNA ligase 3,9,9,9,13,1009,112.8,9.01,8666392.25
High,P17612,PRKACA,cAMP-dependent protein kinase catalytic subunit alpha,17,6,6,11,351,40.6,8.79,18062047.3125
High,P40937,RFC5,Replication factor C subunit 5,19,4,4,7,340,38.5,7.2,9315454.9375
High,P04637,TP53,Cellular tumor antigen p53,19,6,6,11,393,43.6,6.79,14404858.75
High,P48735,IDH2,"Isocitrate dehydrogenase [NADP], mitochondrial",14,6,5,11,452,50.9,8.69,10315801
High,O15143,ARPC1B,Actin-related protein 2/3 complex subunit 1B,15,5,5,9,372,40.9,8.35,15968118.75
High,Q9H0S4,DDX47,Probable ATP-dependent RNA helicase DDX47,17,6,6,9,455,50.6,9.1,9641129.25
High,Q8IV48,ERI1,3'-5' exoribonuclease 1,18,5,5,9,349,40.0,6.7,10157372.9375
High,Q96QR8,PURB,Transcriptional activator protein Pur-beta,23,9,6,16,312,33.2,5.43,30441667.5
High,Q99439,CNN2,Calponin-2,20,5,4,8,309,33.7,7.33,6249067.125
High,P62854,RPS26,40S ribosomal protein S26,40,4,4,8,115,13.0,11.0,356182073.65625
High,P17858,PFKL,"ATP-dependent 6-phosphofructokinase, liver type",7,4,1,8,780,85.0,7.5,1722930.625
High,O00422,SAP18,Histone deacetylase complex subunit SAP18,42,4,4,7,153,17.6,9.35,18768648.375
High,O60884,DNAJA2,DnaJ homolog subfamily A member 2,21,7,7,13,412,45.7,6.48,11745941.5625
High,Q7Z7L1,SLFN11,Schlafen family member 11,6,6,5,10,901,102.8,7.77,11377097.25
High,Q8IVM0,CCDC50,Coiled-coil domain-containing protein 50,30,6,6,10,306,35.8,6.65,21540564.375
High,Q66K74,MAP1S,Microtubule-associated protein 1S,8,7,7,11,1059,112.1,7.3,11879700.625
High,P49757,NUMB,Protein numb homolog,12,7,6,10,651,70.8,8.51,14106559.375
High,Q16777,H2AC20,Histone H2A type 2-C,29,4,1,9,129,14.0,10.9,13793633
High,Q9NPD3,EXOSC4,Exosome complex component RRP41,15,3,3,6,245,26.4,6.52,13196807.375
High,Q96QV6,H2AC1,Histone H2A type 1-A,28,4,2,7,131,14.2,10.86,
High,P50416,CPT1A,"Carnitine O-palmitoyltransferase 1, liver isoform",10,6,6,9,773,88.3,8.65,10076588.3125
High,Q92552,MRPS27,"28S ribosomal protein S27, mitochondrial",18,6,6,8,414,47.6,6.18,15204958.5
High,P49585,PCYT1A,Choline-phosphate cytidylyltransferase A,17,4,4,7,367,41.7,7.25,2762298.375
High,Q5T8P6,RBM26,RNA-binding protein 26,7,7,5,11,1007,113.5,9.16,5696529.5
High,Q9H9A5,CNOT10,CCR4-NOT transcription complex subunit 10,11,7,7,12,744,82.3,7.78,5223700.25
High,O43251,RBFOX2,RNA binding protein fox-1 homolog 2,15,4,4,8,390,41.3,7.27,11460045.625
High,Q9UQE7,SMC3,Structural maintenance of chromosomes protein 3,6,5,5,9,1217,141.5,7.18,4662005.25
High,Q13595,TRA2A,Transformer-2 protein homolog alpha,28,7,7,12,282,32.7,11.27,44740949.25
High,O15226,NKRF,NF-kappa-B-repressing factor,10,6,6,10,690,77.6,8.79,9920591.125
High,Q92896,GLG1,Golgi apparatus protein 1,3,4,4,5,1179,134.5,6.9,11882793.4375
High,Q15785,TOMM34,Mitochondrial import receptor subunit TOM34,19,4,4,6,309,34.5,8.98,6903189.875
High,P28370,SMARCA1,Probable global transcription activator SNF2L1,8,9,2,16,1054,122.5,8.09,2430371.5
High,Q16891,IMMT,MICOS complex subunit MIC60,11,6,6,9,758,83.6,6.48,4218909.5625
High,Q8TCJ2,STT3B,Dolichyl-diphosphooligosaccharide--protein glycosyltransferase subunit STT3B,11,8,8,13,826,93.6,8.91,28611791.875
High,Q9BW19,KIFC1,Kinesin-like protein KIFC1,12,6,6,11,673,73.7,8.98,8282943.125
High,Q8IXB1,DNAJC10,DnaJ homolog subfamily C member 10,8,6,6,9,793,91.0,7.18,7812825.125
High,Q96EP5,DAZAP1,DAZ-associated protein 1,13,4,4,6,407,43.4,8.56,14160445
High,Q9H6R4,NOL6,Nucleolar protein 6,5,5,5,6,1146,127.5,7.64,3947399.375
High,Q93062,RBPMS,RNA-binding protein with multiple splicing,35,5,4,9,196,21.8,8.07,16831642
High,Q9H3U1,UNC45A,Protein unc-45 homolog A,7,5,5,6,944,103.0,6.07,5112153
High,Q8TDI0,CHD5,Chromodomain-helicase-DNA-binding protein 5,4,7,1,13,1954,222.9,6.15,1600024.75
High,Q9H0U3,MAGT1,Magnesium transporter protein 1,18,6,6,11,335,38.0,9.63,21640535
High,P18615,NELFE,Negative elongation factor E,17,4,4,6,380,43.2,9.33,3755002
High,P18077,RPL35A,60S ribosomal protein L35a,30,7,7,23,110,12.5,11.06,413664311.625
High,Q71UM5,RPS27L,40S ribosomal protein S27-like,31,3,2,9,84,9.5,9.45,9902967.75
High,P29084,GTF2E2,Transcription initiation factor IIE subunit beta,21,5,5,7,291,33.0,9.66,3796142.1875
High,Q13610,PWP1,Periodic tryptophan protein 1 homolog,16,5,5,6,501,55.8,4.77,7848562.125
High,Q96QD9,FYTTD1,UAP56-interacting factor,26,7,7,9,318,35.8,11.78,10082337
High,Q15208,STK38,Serine/threonine-protein kinase 38,11,4,4,7,465,54.2,7.15,6077613.5
High,Q9Y3A5,SBDS,Ribosome maturation protein SBDS,18,6,6,12,250,28.7,8.75,18852877.5
High,Q14692,BMS1,Ribosome biogenesis protein BMS1 homolog,4,4,4,7,1282,145.7,6.44,5837548.0625
High,P01876,IGHA1,Immunoglobulin heavy constant alpha 1,13,4,4,7,398,42.8,5.64,7765939.5
High,Q9NVP1,DDX18,ATP-dependent RNA helicase DDX18,9,5,5,9,670,75.4,9.5,13676225.75
High,Q8IVG5,SAMD9L,Sterile alpha motif domain-containing protein 9-like,5,7,5,11,1584,184.4,8.02,1944971.625
High,P29279,CCN2,CCN family member 2,12,4,4,9,349,38.1,8.0,17133256.5
High,O15258,RER1,Protein RER1,24,4,4,6,196,22.9,9.54,6243521.25
High,Q8NHQ9,DDX55,ATP-dependent RNA helicase DDX55,7,5,5,7,600,68.5,9.25,4764988.1875
High,Q13243,SRSF5,Serine/arginine-rich splicing factor 5,22,5,4,7,272,31.2,11.59,44767161.25
High,Q9BQ67,GRWD1,Glutamate-rich WD repeat-containing protein 1,17,5,5,8,446,49.4,4.92,12728860.75
High,P62266,RPS23,40S ribosomal protein S23,30,6,6,14,143,15.8,10.49,317749241.1875
High,Q9NR56,MBNL1,Muscleblind-like protein 1,12,4,4,8,388,41.8,8.9,43986603.5
High,P41250,GARS1,Glycine--tRNA ligase,9,6,6,9,739,83.1,7.03,9900587.625
High,P82979,SARNP,SAP domain-containing ribonucleoprotein,27,5,5,9,210,23.7,6.42,11811356.4375
High,Q09028,RBBP4,Histone-binding protein RBBP4,15,5,1,7,425,47.6,4.89,966554.9375
High,Q86SQ0,PHLDB2,Pleckstrin homology-like domain family B member 2,5,5,5,9,1253,142.1,7.43,9193624.25
High,Q9BZI7,UPF3B,Regulator of nonsense transcripts 3B,15,6,6,8,483,57.7,9.48,10390674.625
High,Q9Y5M8,SRPRB,Signal recognition particle receptor subunit beta,20,4,4,6,271,29.7,9.04,6533400.8125
High,Q8WWK9,CKAP2,Cytoskeleton-associated protein 2,7,4,4,8,683,76.9,9.41,8883152.625
High,Q13547,HDAC1,Histone deacetylase 1,12,5,1,9,482,55.1,5.48,
High,P52292,KPNA2,Importin subunit alpha-1,10,4,4,5,529,57.8,5.4,2042968.125
High,P24928,POLR2A,DNA-directed RNA polymerase II subunit RPB1,5,6,6,8,1970,217.0,7.37,6734479.25
High,P30041,PRDX6,Peroxiredoxin-6,29,6,6,8,224,25.0,6.38,11430732.5625
High,Q99848,EBNA1BP2,Probable rRNA-processing protein EBP2,22,4,4,9,306,34.8,10.1,7797862.25
High,P30153,PPP2R1A,Serine/threonine-protein phosphatase 2A 65 kDa regulatory subunit A alpha isoform,11,5,5,7,589,65.3,5.11,6829819.9375
High,P39656,DDOST,Dolichyl-diphosphooligosaccharide--protein glycosyltransferase 48 kDa subunit,17,8,8,16,456,50.8,6.55,18112043.75
High,Q9ULX6,AKAP8L,A-kinase anchor protein 8-like,8,4,4,8,646,71.6,5.05,6269387
High,O14880,MGST3,Microsomal glutathione S-transferase 3,18,3,3,6,152,16.5,9.38,10194155.125
High,Q6ZUT6,CCDC9B,Coiled-coil domain-containing protein 9B,10,4,4,7,534,57.3,9.13,11206086.25
High,P09382,LGALS1,Galectin-1,24,3,3,8,135,14.7,5.5,15882844.5
High,P26358,DNMT1,DNA (cytosine-5)-methyltransferase 1,6,9,9,10,1616,183.1,7.75,42586762.9375
High,P01008,SERPINC1,Antithrombin-III,7,4,4,10,464,52.6,6.71,83129833.5
High,Q8N1G2,CMTR1,Cap-specific mRNA (nucleoside-2'-O-)-methyltransferase 1,8,7,7,11,835,95.3,7.05,13705022.375
High,Q9ULV4,CORO1C,Coronin-1C,10,5,5,8,474,53.2,7.08,27956081.75
High,P27361,MAPK3,Mitogen-activated protein kinase 3,9,3,1,6,379,43.1,6.74,1736860.125
High,Q99714,HSD17B10,3-hydroxyacyl-CoA dehydrogenase type-2,16,3,3,5,261,26.9,7.78,4969902.5
High,Q9UNQ2,DIMT1,Probable dimethyladenosine transferase,17,4,4,5,313,35.2,9.99,12549735
High,Q9NW13,RBM28,RNA-binding protein 28,6,3,3,5,759,85.7,9.22,4354303.625
High,P31151,S100A7,Protein S100-A7,24,4,4,8,101,11.5,6.77,8486242
High,Q9NZN8,CNOT2,CCR4-NOT transcription complex subunit 2,14,5,5,7,540,59.7,7.66,12282627
High,Q5F1R6,DNAJC21,DnaJ homolog subfamily C member 21,11,4,4,7,531,62.0,5.47,5059528.5
High,Q9H8L6,MMRN2,Multimerin-2,7,5,5,5,949,104.3,5.86,5895263.375
High,Q15434,RBMS2,"RNA-binding motif, single-stranded-interacting protein 2",10,3,2,6,407,43.9,9.07,8666353.5
High,P04792,HSPB1,Heat shock protein beta-1,21,3,3,6,205,22.8,6.4,9958459.75
High,Q8N7H5,PAF1,RNA polymerase II-associated factor 1 homolog,11,5,5,8,531,59.9,4.63,20294491.125
High,Q9P2E5,CHPF2,Chondroitin sulfate glucuronyltransferase,9,7,7,10,772,85.9,7.83,9620196.875
High,P63241,EIF5A,Eukaryotic translation initiation factor 5A-1,36,5,5,11,154,16.8,5.24,28884295
High,Q14573,ITPR3,"Inositol 1,4,5-trisphosphate receptor type 3",3,7,7,9,2671,303.9,6.48,5922819.0625
High,Q9P035,HACD3,Very-long-chain (3R)-3-hydroxyacyl-CoA dehydratase 3,10,4,4,7,362,43.1,8.94,8321986.5
High,Q13601,KRR1,KRR1 small subunit processome component homolog,14,6,6,12,381,43.6,9.77,14897493.625
High,Q14690,PDCD11,Protein RRP5 homolog,4,7,7,8,1871,208.6,8.87,9612924.4375
High,Q9Y2W2,WBP11,WW domain-binding protein 11,5,2,2,3,641,70.0,8.38,3844997.25
High,Q9GZS3,SKIC8,SKI8 subunit of superkiller complex protein,12,3,3,5,305,33.6,5.47,7381421.25
High,P29508,SERPINB3,Serpin B3,15,5,5,7,390,44.5,6.81,6888613.375
High,Q16875,PFKFB3,"6-phosphofructo-2-kinase/fructose-2,6-bisphosphatase 3",10,4,4,6,520,59.6,8.21,4561537.5
High,Q92759,GTF2H4,General transcription factor IIH subunit 4,11,5,5,9,462,52.2,9.04,7314775.125
High,P29372,MPG,DNA-3-methyladenine glycosylase,21,5,5,8,298,32.8,9.57,12945707
High,P17096,HMGA1,High mobility group protein HMG-I/HMG-Y,23,3,3,5,107,11.7,10.32,18099690
High,Q8NAV1,PRPF38A,Pre-mRNA-splicing factor 38A,12,3,3,6,312,37.5,9.96,7584751
High,P52294,KPNA1,Importin subunit alpha-5,11,5,2,6,538,60.2,5.01,9120651.75
High,Q9Y3B4,SF3B6,Splicing factor 3B subunit 6,30,3,3,6,125,14.6,9.38,30392184
High,Q6KB66,KRT80,"Keratin, type II cytoskeletal 80",6,3,1,6,452,50.5,5.67,782737.375
High,P14625,HSP90B1,Endoplasmin,4,4,2,7,803,92.4,4.84,2675539.875
High,Q9Y3X0,CCDC9,Coiled-coil domain-containing protein 9,11,5,5,7,531,59.7,5.4,15522244.625
High,P04899,GNAI2,Guanine nucleotide-binding protein G(i) subunit alpha-2,12,4,4,6,355,40.4,5.54,6637245.5
High,Q86U38,NOP9,Nucleolar protein 9,11,3,3,3,636,69.4,7.28,
High,Q92598,HSPH1,Heat shock protein 105 kDa,8,5,5,8,858,96.8,5.39,8609741.0625
High,Q8WUP2,FBLIM1,Filamin-binding LIM protein 1,11,4,4,7,373,40.6,6.02,9801923.75
High,Q15436,SEC23A,Protein transport protein Sec23A,8,5,5,7,765,86.1,7.08,9775884.125
High,O43293,DAPK3,Death-associated protein kinase 3,11,3,3,6,454,52.5,6.89,5625179.25
High,P23284,PPIB,Peptidyl-prolyl cis-trans isomerase B,25,5,5,9,216,23.7,9.41,12365045.25
High,A6NHR9,SMCHD1,Structural maintenance of chromosomes flexible hinge domain-containing protein 1,4,7,7,8,2005,226.2,7.3,10669319.25
High,Q9Y265,RUVBL1,RuvB-like 1,14,4,4,6,456,50.2,6.42,3093613.5
High,P24534,EEF1B2,Elongation factor 1-beta,16,3,3,6,225,24.7,4.67,15617645
High,Q9UJS0,SLC25A13,"Electrogenic aspartate/glutamate antiporter SLC25A13, mitochondrial",7,4,1,6,675,74.1,8.62,1989517
High,Q07866,KLC1,Kinesin light chain 1,15,5,5,6,573,65.3,6.2,2768273.8125
High,Q14739,LBR,Delta(14)-sterol reductase LBR,7,4,4,7,615,70.7,9.36,15673814
High,P67870,CSNK2B,Casein kinase II subunit beta,22,4,4,8,215,24.9,5.55,23917997.625
High,Q9H307,PNN,Pinin,13,8,8,11,717,81.6,7.14,36459283.625
High,Q5JQF8,PABPC1L2B,Polyadenylate-binding protein 1-like 2,25,8,2,15,200,22.8,9.1,3800938
High,O60687,SRPX2,Sushi repeat-containing protein SRPX2,10,5,5,8,465,52.9,7.25,14639452.875
High,Q8N9N2,ASCC1,Activating signal cointegrator 1 complex subunit 1,17,6,6,8,400,45.5,5.54,11973263.5
High,P59998,ARPC4,Actin-related protein 2/3 complex subunit 4,30,4,4,7,168,19.7,8.43,13487486.25
High,P01857,IGHG1,Immunoglobulin heavy constant gamma 1,23,5,5,7,399,43.9,6.96,17154622.75
High,Q9NX20,MRPL16,"39S ribosomal protein L16, mitochondrial",12,4,4,6,251,28.4,10.13,14041162.875
High,Q96EY1,DNAJA3,"DnaJ homolog subfamily A member 3, mitochondrial",10,4,4,8,480,52.5,9.26,16064202.25
High,P09211,GSTP1,Glutathione S-transferase P,22,3,3,6,210,23.3,5.64,3418635.6875
High,O95373,IPO7,Importin-7,4,3,3,4,1038,119.4,4.82,3095060.25
High,P60891,PRPS1,Ribose-phosphate pyrophosphokinase 1,11,3,3,4,318,34.8,6.98,3620205.3125
High,Q8TDN6,BRIX1,Ribosome biogenesis protein BRX1 homolog,16,4,4,6,353,41.4,9.92,10328627.625
High,P60953,CDC42,Cell division control protein 42 homolog,9,1,1,2,191,21.2,6.55,6474504.25
High,Q96HC4,PDLIM5,PDZ and LIM domain protein 5,13,6,6,11,596,63.9,8.21,9332011.125
High,P22061,PCMT1,Protein-L-isoaspartate(D-aspartate) O-methyltransferase,18,4,4,7,227,24.6,7.21,11892483.875
High,P09234,SNRPC,U1 small nuclear ribonucleoprotein C,26,3,3,5,159,17.4,9.67,7473242.5
High,Q13823,GNL2,Nucleolar GTP-binding protein 2,9,5,5,8,731,83.6,9.25,7998029.375
High,Q15369,ELOC,Elongin-C,29,3,3,4,112,12.5,4.78,4976820.375
High,Q7KZI7,MARK2,Serine/threonine-protein kinase MARK2,6,5,3,5,788,87.9,9.72,7286443.125
High,Q16698,DECR1,"2,4-dienoyl-CoA reductase [(3E)-enoyl-CoA-producing], mitochondrial",13,3,3,4,335,36.0,9.28,1460827.875
High,Q9HCM4,EPB41L5,Band 4.1-like protein 5,7,3,3,5,733,81.8,6.58,3303182.5
High,Q9NX05,FAM120C,Constitutive coactivator of PPAR-gamma-like protein 2,7,6,6,9,1096,120.5,9.03,8139881.75
High,Q96EY4,TMA16,Translation machinery-associated protein 16,18,3,3,5,203,23.8,9.26,7579799.9375
High,P08237,PFKM,"ATP-dependent 6-phosphofructokinase, muscle type",9,6,4,9,780,85.1,7.99,4586025.6875
High,O14776,TCERG1,Transcription elongation regulator 1,7,6,6,9,1098,123.8,8.65,6472203.5
High,Q53H12,AGK,"Acylglycerol kinase, mitochondrial",17,6,6,8,422,47.1,8.09,7226125.25
High,Q96EY7,PTCD3,"Pentatricopeptide repeat domain-containing protein 3, mitochondrial",7,5,5,7,689,78.5,6.42,9666325.75
High,P53007,SLC25A1,"Tricarboxylate transport protein, mitochondrial",13,4,4,7,311,34.0,9.89,12578071.125
High,P61513,RPL37A,60S ribosomal protein L37a,37,3,3,7,92,10.3,10.43,42597660.25
High,Q9Y2R4,DDX52,Probable ATP-dependent RNA helicase DDX52,10,4,4,5,599,67.4,9.67,3353318.375
High,Q9HBD1,RC3H2,Roquin-2,5,6,2,10,1191,131.6,6.89,1474261
High,O00622,CCN1,CCN family member 1,9,4,4,8,381,42.0,8.21,15892191
High,Q99549,MPHOSPH8,M-phase phosphoprotein 8,7,6,6,9,860,97.1,6.06,12132199.75
High,P11233,RALA,Ras-related protein Ral-A,25,5,5,9,206,23.6,7.11,7786739.75
High,O95391,SLU7,Pre-mRNA-splicing factor SLU7,9,3,3,5,586,68.3,7.14,5920059.75
High,Q9Y4G6,TLN2,Talin-2,3,6,2,9,2542,271.4,5.57,3387233.75
High,Q14683,SMC1A,Structural maintenance of chromosomes protein 1A,5,6,6,9,1233,143.1,7.64,8695106.5
High,Q9H4G4,GLIPR2,Golgi-associated plant pathogenesis-related protein 1,37,3,3,4,154,17.2,9.41,6148456.75
High,Q9NRX1,PNO1,RNA-binding protein PNO1,14,3,3,5,252,27.9,9.73,7866967.5
High,O14949,UQCRQ,Cytochrome b-c1 complex subunit 8,43,4,4,9,82,9.9,10.08,12189237.5
High,Q6P5R6,RPL22L1,60S ribosomal protein L22-like 1,27,4,2,6,122,14.6,9.38,6776771
High,Q96GQ7,DDX27,Probable ATP-dependent RNA helicase DDX27,8,6,6,11,796,89.8,9.28,8722676.375
High,Q92738,USP6NL,USP6 N-terminal-like protein,7,3,3,3,828,94.0,9.07,3331221.75
High,Q8NI36,WDR36,WD repeat-containing protein 36,6,6,6,7,951,105.3,7.53,8074514.375
High,Q01081,U2AF1,Splicing factor U2AF 35 kDa subunit,13,2,2,6,240,27.9,8.81,17867368.875
High,O43175,PHGDH,D-3-phosphoglycerate dehydrogenase,11,5,5,5,533,56.6,6.71,1679793.375
High,Q99417,MYCBP,c-Myc-binding protein,43,4,4,7,103,12.0,5.91,9910232
High,Q9UBQ0,VPS29,Vacuolar protein sorting-associated protein 29,17,3,3,5,182,20.5,6.79,6330576.75
High,Q6UWP8,SBSN,Suprabasin,6,1,1,2,590,60.5,7.01,2210469.75
High,O14874,BCKDK,"[3-methyl-2-oxobutanoate dehydrogenase [lipoamide]] kinase, mitochondrial",10,3,3,7,412,46.3,8.82,16179441.5
High,Q13796,SHROOM2,Protein Shroom2,3,2,2,3,1616,176.3,7.09,1267877.5
High,P55084,HADHB,"Trifunctional enzyme subunit beta, mitochondrial",11,5,5,8,474,51.3,9.41,10284770.875
High,Q9NRA8,EIF4ENIF1,Eukaryotic translation initiation factor 4E transporter,7,4,4,6,985,108.1,8.32,3419621.4375
High,Q96T60,PNKP,Bifunctional polynucleotide phosphatase/kinase,9,4,4,7,521,57.0,8.46,4737976.6875
High,P62304,SNRPE,Small nuclear ribonucleoprotein E,38,3,3,6,92,10.8,9.44,67795001.25
High,O94929,ABLIM3,Actin-binding LIM protein 3,8,5,5,8,683,77.8,8.54,9063854.625
High,Q9BQ75,CMSS1,Protein CMSS1,15,5,5,10,279,31.9,9.19,33634441
High,E9PAV3,NACA,"Nascent polypeptide-associated complex subunit alpha, muscle-specific form",2,3,3,4,2078,205.3,9.58,3392799.375
High,P49327,FASN,Fatty acid synthase,3,7,7,9,2511,273.3,6.44,6740975.0625
High,Q92769,HDAC2,Histone deacetylase 2,12,5,1,8,488,55.3,5.91,13881619
High,Q86Y07,VRK2,Serine/threonine-protein kinase VRK2,9,4,4,5,508,58.1,8.84,3348462
High,O95400,CD2BP2,CD2 antigen cytoplasmic tail-binding protein 2,10,3,3,4,341,37.6,4.61,9168556.5
High,P62873,GNB1,Guanine nucleotide-binding protein G(I)/G(S)/G(T) subunit beta-1,11,3,1,5,340,37.4,6.0,8357377.5
High,Q99816,TSG101,Tumor susceptibility gene 101 protein,13,4,4,6,390,43.9,6.46,5816693.5
High,Q8TCB0,IFI44,Interferon-induced protein 44,11,6,6,9,444,50.5,6.89,14128869.625
High,Q6NYC8,PPP1R18,Phostensin,10,4,4,7,613,67.9,5.4,4505363.75
High,Q9BZJ0,CRNKL1,Crooked neck-like protein 1,5,4,4,5,848,100.4,8.0,4286638.875
High,P60468,SEC61B,Protein transport protein Sec61 subunit beta,38,3,3,6,96,10.0,11.56,7607869.5
High,Q9BYG3,NIFK,MKI67 FHA domain-interacting nucleolar phosphoprotein,10,2,2,2,293,34.2,9.88,1552650.875
High,O75940,SMNDC1,Survival of motor neuron-related-splicing factor 30,18,3,3,5,238,26.7,7.24,7535602
High,Q66LE6,PPP2R2D,Serine/threonine-protein phosphatase 2A 55 kDa regulatory subunit B delta isoform,11,3,1,5,453,52.0,6.39,1268427.75
High,Q15517,CDSN,Corneodesmosin,8,2,2,4,529,51.5,8.35,3350150.25
High,P36915,GNL1,Guanine nucleotide-binding protein-like 1,9,5,5,7,607,68.6,5.8,7564780.625
High,Q9GZT3,SLIRP,"SRA stem-loop-interacting RNA-binding protein, mitochondrial",31,3,3,6,109,12.3,10.24,7906687.75
High,O95299,NDUFA10,"NADH dehydrogenase [ubiquinone] 1 alpha subcomplex subunit 10, mitochondrial",10,3,3,4,355,40.7,8.48,3251293.625
High,P35237,SERPINB6,Serpin B6,16,5,4,8,376,42.6,5.27,4802173.875
High,Q9Y333,LSM2,U6 snRNA-associated Sm-like protein LSm2,40,2,2,4,95,10.8,6.52,1309430
High,Q9Y678,COPG1,Coatomer subunit gamma-1,7,4,4,5,874,97.7,5.47,2378537.125
High,P40938,RFC3,Replication factor C subunit 3,14,4,4,6,356,40.5,8.34,2770621.125
High,P61158,ACTR3,Actin-related protein 3,14,5,5,9,418,47.3,5.88,11866652.875
High,Q9NZ01,TECR,Very-long-chain enoyl-CoA reductase,10,3,3,4,308,36.0,9.45,6940412.75
High,P45880,VDAC2,Voltage-dependent anion-selective channel protein 2,17,4,4,9,294,31.5,7.56,30289295
High,Q969S3,ZNF622,Cytoplasmic 60S subunit biogenesis factor ZNF622,14,4,4,5,477,54.2,6.15,1613044.5
High,Q8ND24,RNF214,RING finger protein 214,6,4,4,6,703,77.6,6.95,1268248.375
High,Q92572,AP3S1,AP-3 complex subunit sigma-1,18,3,3,6,193,21.7,5.39,8266812.75
High,P19447,ERCC3,General transcription and DNA repair factor IIH helicase subunit XPB,8,5,5,9,782,89.2,7.23,6512036
High,Q86W42,THOC6,THO complex subunit 6 homolog,15,4,4,5,341,37.5,7.43,7343824.5625
High,Q9H2P0,ADNP,Activity-dependent neuroprotector homeobox protein,6,4,4,6,1102,123.5,7.34,3122363.3125
High,O95810,CAVIN2,Caveolae-associated protein 2,10,4,4,8,425,47.1,5.21,17035560.5
High,P82930,MRPS34,"28S ribosomal protein S34, mitochondrial",22,5,5,9,218,25.6,9.98,16513794.125
High,O00629,KPNA4,Importin subunit alpha-3,6,3,3,4,521,57.9,4.96,5103576.75
High,Q58FF8,HSP90AB2P,Putative heat shock protein HSP 90-beta 2,12,4,1,9,381,44.3,4.84,
High,P48730,CSNK1D,Casein kinase I isoform delta,10,3,3,5,415,47.3,9.74,7036110.5
High,Q92540,SMG7,Nonsense-mediated mRNA decay factor SMG7,4,5,5,10,1137,127.2,8.72,4881005.125
High,Q15024,EXOSC7,Exosome complex component RRP42,13,3,3,6,291,31.8,5.19,6089685.125
High,P08240,SRPRA,Signal recognition particle receptor subunit alpha,7,4,4,6,638,69.8,8.95,35108380.75
High,Q9H074,PAIP1,Polyadenylate-binding protein-interacting protein 1,9,5,5,6,479,53.5,4.81,6209023.3125
High,P62861,FAU,FAU ubiquitin-like and ribosomal protein S30,9,3,3,5,133,14.4,10.17,132367660
High,Q53GS9,USP39,U4/U6.U5 tri-snRNP-associated protein 2,7,3,3,6,565,65.3,8.91,7660747
High,Q07021,C1QBP,"Complement component 1 Q subcomponent-binding protein, mitochondrial",10,2,2,4,282,31.3,4.84,2676920
High,Q13200,PSMD2,26S proteasome non-ATPase regulatory subunit 2,6,3,3,3,908,100.1,5.2,3701191.3125
High,Q9NXS2,QPCTL,Glutaminyl-peptide cyclotransferase-like protein,7,3,3,6,382,42.9,9.82,21766954
High,P53396,ACLY,ATP-citrate synthase,6,7,7,8,1101,120.8,7.33,4978491
High,O60551,NMT2,Glycylpeptide N-tetradecanoyltransferase 2,10,4,4,5,498,56.9,7.58,1691713.875
High,P56537,EIF6,Eukaryotic translation initiation factor 6,13,2,2,3,245,26.6,4.68,7132447.25
High,P62879,GNB2,Guanine nucleotide-binding protein G(I)/G(S)/G(T) subunit beta-2,11,3,1,5,340,37.3,6.0,2892951
High,P35232,PHB1,Prohibitin 1,16,4,4,7,272,29.8,5.76,7410628.625
High,P10599,TXN,Thioredoxin,32,3,3,6,105,11.7,4.92,11677900.875
High,O75400,PRPF40A,Pre-mRNA-processing factor 40 homolog A,5,5,5,9,957,108.7,7.56,12948261
High,O15144,ARPC2,Actin-related protein 2/3 complex subunit 2,11,3,3,4,300,34.3,7.36,6325106.75
High,P05109,S100A8,Protein S100-A8,39,5,5,8,93,10.8,7.03,21555677.1875
High,Q9BWJ5,SF3B5,Splicing factor 3B subunit 5,36,3,3,5,86,10.1,6.35,9781215.875
High,Q7LGA3,HS2ST1,Heparan sulfate 2-O-sulfotransferase 1,13,4,4,7,356,41.9,8.69,8449772.125
High,Q13868,EXOSC2,Exosome complex component RRP4,13,3,3,5,293,32.8,7.5,5050712
High,O75116,ROCK2,Rho-associated protein kinase 2,5,5,3,7,1388,160.8,6.02,5302704.75
High,Q9C0D5,TANC1,Protein TANC1,3,4,4,7,1861,202.1,8.32,3078870.5
High,Q9UHI6,DDX20,Probable ATP-dependent RNA helicase DDX20,8,3,3,4,824,92.2,6.95,3093877.5625
High,P84095,RHOG,Rho-related GTP-binding protein RhoG,24,3,3,3,191,21.3,8.12,1332860.75
High,Q9BU76,MMTAG2,Multiple myeloma tumor-associated protein 2,13,3,3,5,263,29.4,10.02,7331447.0625
High,O75746,SLC25A12,"Electrogenic aspartate/glutamate antiporter SLC25A12, mitochondrial",8,5,2,6,678,74.7,8.38,9117420.5625
High,O00541,PES1,Pescadillo homolog,8,5,5,7,588,68.0,7.33,7982580.1875
High,Q06210,GFPT1,Glutamine--fructose-6-phosphate aminotransferase [isomerizing] 1,10,6,6,6,699,78.8,7.11,1984430.875
High,Q6XE24,RBMS3,"RNA-binding motif, single-stranded-interacting protein 3",13,3,1,6,437,47.8,8.03,
High,Q12788,TBL3,Transducin beta-like protein 3,7,4,4,6,808,89.0,6.9,1594797.375
High,P51610,HCFC1,Host cell factor 1,3,6,6,8,2035,208.6,7.46,6718965
High,Q8NEY8,PPHLN1,Periphilin-1,13,6,6,10,458,52.7,9.11,30442097.4375
High,P62318,SNRPD3,Small nuclear ribonucleoprotein Sm D3,15,2,2,7,126,13.9,10.32,105433643.5
High,Q86W92,PPFIBP1,Liprin-beta-1,7,6,6,11,1011,114.0,5.55,6997570.0625
High,P12268,IMPDH2,Inosine-5'-monophosphate dehydrogenase 2,11,4,4,7,514,55.8,6.9,6412497.625
High,Q16555,DPYSL2,Dihydropyrimidinase-related protein 2,8,4,4,7,572,62.3,6.38,6611222.5
High,Q5VZF2,MBNL2,Muscleblind-like protein 2,12,3,3,5,373,40.5,8.38,2040598.625
High,P69905,HBA2,Hemoglobin subunit alpha,28,3,3,5,142,15.2,8.68,7361841.25
High,Q96J02,ITCH,E3 ubiquitin-protein ligase Itchy homolog,4,3,3,5,903,102.7,6.3,1518208.25
High,Q9BRS2,RIOK1,Serine/threonine-protein kinase RIO1,7,3,3,3,568,65.5,6.19,972363
High,Q5JTH9,RRP12,RRP12-like protein,2,3,3,4,1297,143.6,8.75,3481692.375
High,Q15287,RNPS1,RNA-binding protein with serine-rich domain 1,18,4,4,7,305,34.2,11.84,6071254.625
High,Q9UKZ1,CNOT11,CCR4-NOT transcription complex subunit 11,11,3,3,4,510,55.2,6.4,2333649
High,Q9NY12,GAR1,H/ACA ribonucleoprotein complex subunit 1,17,5,5,7,217,22.3,10.92,12234426.75
High,Q6IBS0,TWF2,Twinfilin-2,15,3,3,4,349,39.5,6.84,2815414.875
High,Q99623,PHB2,Prohibitin-2,13,3,3,5,299,33.3,9.83,13790766
High,P63220,RPS21,40S ribosomal protein S21,34,2,2,4,83,9.1,8.5,2783170.125
High,O43670,ZNF207,BUB3-interacting and GLEBS motif-containing protein ZNF207,5,2,2,5,478,50.7,9.1,8607047.75
High,Q8WVM0,TFB1M,"Dimethyladenosine transferase 1, mitochondrial",15,5,5,9,346,39.5,9.26,25988135.125
High,P08574,CYC1,"Cytochrome c1, heme protein, mitochondrial",9,2,2,4,325,35.4,9.0,6914789.5
High,Q9BQ70,TCF25,Transcription factor 25,8,4,4,5,676,76.6,6.35,4841359
High,O76003,GLRX3,Glutaredoxin-3,13,4,4,6,335,37.4,5.39,6390817
High,Q9H2W6,MRPL46,"39S ribosomal protein L46, mitochondrial",15,4,4,7,279,31.7,7.05,7200323.25
High,P15927,RPA2,Replication protein A 32 kDa subunit,16,3,3,5,270,29.2,6.15,3423354
High,Q13425,SNTB2,Beta-2-syntrophin,6,3,3,5,540,57.9,8.82,6630641.1875
High,P49207,RPL34,60S ribosomal protein L34,17,4,4,7,117,13.3,11.47,195192909.625
High,Q92973,TNPO1,Transportin-1,4,5,5,8,898,102.3,4.98,13026306.375
High,O60783,MRPS14,"28S ribosomal protein S14, mitochondrial",22,2,2,3,128,15.1,11.41,6322235.25
High,P08134,RHOC,Rho-related GTP-binding protein RhoC,13,2,2,5,193,22.0,6.58,3332000.5
High,P27708,CAD,CAD protein,3,6,6,7,2225,242.8,6.46,5583065.4375
High,Q08188,TGM3,Protein-glutamine gamma-glutamyltransferase E,7,4,4,4,693,76.6,5.86,5222403.875
High,Q6P1N0,CC2D1A,Coiled-coil and C2 domain-containing protein 1A,6,6,6,8,951,104.0,8.09,9380730.8125
High,P38935,IGHMBP2,DNA-binding protein SMUBP-2,4,4,4,5,993,109.1,8.97,7555866.25
High,P35250,RFC2,Replication factor C subunit 2,14,4,4,6,354,39.1,6.44,5095079.25
High,Q9UL40,ZNF346,Zinc finger protein 346,15,3,3,5,294,32.9,9.09,3367693.75
High,Q53G44,IFI44L,Interferon-induced protein 44-like,10,3,3,6,452,51.3,6.79,132748311
High,Q13526,PIN1,Peptidyl-prolyl cis-trans isomerase NIMA-interacting 1,21,2,2,3,163,18.2,8.82,5184596
High,P60903,S100A10,Protein S100-A10,35,2,2,5,97,11.2,7.37,15996547
High,Q15058,KIF14,Kinesin-like protein KIF14,2,2,2,3,1648,186.4,7.91,1726020.125
High,A1L020,MEX3A,RNA-binding protein MEX3A,8,3,2,5,520,54.1,7.27,1335483.5
High,Q96GY0,ZC2HC1A,Zinc finger C2HC domain-containing protein 1A,4,1,1,2,325,35.1,9.82,4098888
High,P62495,ETF1,Eukaryotic peptide chain release factor subunit 1,7,3,3,5,437,49.0,5.71,9016937.25
High,Q29RF7,PDS5A,Sister chromatid cohesion protein PDS5 homolog A,4,4,3,7,1337,150.7,7.91,3803269.15625
High,P04040,CAT,Catalase,9,3,3,4,527,59.7,7.39,3318311.125
High,P81605,DCD,Dermcidin,25,3,3,6,110,11.3,6.54,21870461.5
High,Q9UBS4,DNAJB11,DnaJ homolog subfamily B member 11,15,5,5,6,358,40.5,6.18,7605877.875
High,Q92743,HTRA1,Serine protease HTRA1,8,3,3,3,480,51.3,7.83,3297475
High,Q8IWT6,LRRC8A,Volume-regulated anion channel subunit LRRC8A,5,3,2,4,810,94.1,7.94,2439878.875
High,Q9NQT4,EXOSC5,Exosome complex component RRP46,14,4,4,7,235,25.2,7.59,7314836.3125
High,P42696,RBM34,RNA-binding protein 34,9,3,3,5,430,48.5,10.11,4040457.875
High,Q6PJG2,MIDEAS,Mitotic deacetylase-associated SANT domain protein,3,2,2,3,1045,114.9,9.19,1279649.25
High,Q5T3I0,GPATCH4,G patch domain-containing protein 4,6,2,2,3,446,50.4,9.63,1712557.625
High,Q96B26,EXOSC8,Exosome complex component RRP43,10,2,2,3,276,30.0,5.3,1422545.75
High,Q8N9T8,KRI1,Protein KRI1 homolog,5,3,3,5,703,82.5,5.14,2977001.4375
High,Q9UK59,DBR1,Lariat debranching enzyme,5,3,3,6,544,61.5,5.47,6015807
High,P23258,TUBG1,Tubulin gamma-1 chain,10,3,3,3,451,51.1,6.14,2077485.5
High,Q7Z589,EMSY,BRCA2-interacting transcriptional repressor EMSY,4,4,4,6,1322,141.4,9.33,4926344.625
High,O75964,ATP5MG,"ATP synthase subunit g, mitochondrial",36,3,3,6,103,11.4,9.64,6981762.25
High,Q8IWS0,PHF6,PHD finger protein 6,12,4,4,7,365,41.3,8.68,14125370.25
High,Q9NQT5,EXOSC3,Exosome complex component RRP40,14,3,3,5,275,29.6,8.1,12034121.375
High,Q9NXH8,TOR4A,Torsin-4A,10,4,4,6,423,46.9,9.94,4905826.3125
High,P47914,RPL29,60S ribosomal protein L29,25,4,4,6,159,17.7,11.66,243971790.96875
High,P08559,PDHA1,"Pyruvate dehydrogenase E1 component subunit alpha, somatic form, mitochondrial",8,3,3,3,390,43.3,8.06,2643763
High,Q9Y2P8,RCL1,RNA 3'-terminal phosphate cyclase-like protein,14,5,5,10,373,40.8,9.26,8001359.625
High,P82673,MRPS35,"28S ribosomal protein S35, mitochondrial",13,3,3,5,323,36.8,8.24,2868183.25
High,P32119,PRDX2,Peroxiredoxin-2,27,5,5,10,198,21.9,5.97,10414565.875
High,Q9UPR3,SMG5,Nonsense-mediated mRNA decay factor SMG5,2,2,2,4,1016,113.9,5.91,1797565
High,P13489,RNH1,Ribonuclease inhibitor,6,2,2,4,461,49.9,4.82,9981595.25
High,Q9BTV4,TMEM43,Transmembrane protein 43,11,4,4,7,400,44.8,8.13,7815152.625
High,O60684,KPNA6,Importin subunit alpha-7,9,4,1,4,536,60.0,4.98,1026051.125
High,P24723,PRKCH,Protein kinase C eta type,6,3,3,4,683,77.8,7.77,1303059.75
High,P22234,PAICS,Bifunctional phosphoribosylaminoimidazole carboxylase/phosphoribosylaminoimidazole succinocarboxamide synthetase,7,4,4,4,425,47.0,7.23,6042427
High,A0A075B6R9,IGKV2D-24,Probable non-functional immunoglobulin kappa variable 2D-24,24,4,3,32,120,13.1,8.87,51612323.75
High,Q9BXS6,NUSAP1,Nucleolar and spindle-associated protein 1,8,3,3,5,441,49.4,9.91,3288753
High,P07305,H1-0,Histone H1.0,7,1,1,3,194,20.9,10.84,27384334.25
High,Q9H853,TUBA4B,Putative tubulin-like protein alpha-4B,11,2,2,3,241,27.5,7.83,55092534
High,P82933,MRPS9,"28S ribosomal protein S9, mitochondrial",11,3,3,5,396,45.8,9.51,6560377.5
High,Q9UGP8,SEC63,Translocation protein SEC63 homolog,3,2,2,4,760,87.9,5.31,2568157.25
High,Q8IY81,FTSJ3,pre-rRNA 2'-O-ribose RNA methyltransferase FTSJ3,4,3,3,5,847,96.5,8.4,6408550.375
High,P31944,CASP14,Caspase-14,15,3,3,5,242,27.7,5.58,5295811.75
High,P25685,DNAJB1,DnaJ homolog subfamily B member 1,11,4,4,6,340,38.0,8.63,6288965.75
High,Q86VM9,ZC3H18,Zinc finger CCCH domain-containing protein 18,5,3,3,5,953,106.3,8.32,4213330.8125
High,Q8IY67,RAVER1,Ribonucleoprotein PTB-binding 1,9,3,3,6,606,63.8,8.48,3737194.5
High,Q8TDD1,DDX54,ATP-dependent RNA helicase DDX54,7,6,6,8,881,98.5,10.02,8719250.625
High,Q03135,CAV1,Caveolin-1,13,2,1,4,178,20.5,6.02,6975750.5
High,P50452,SERPINB8,Serpin B8,13,4,3,5,374,42.7,5.57,1241483.625
High,P52815,MRPL12,"39S ribosomal protein L12, mitochondrial",12,3,3,5,198,21.3,8.87,4122095.25
High,Q16658,FSCN1,Fascin,8,3,3,5,493,54.5,7.24,7664548.375
High,Q96N67,DOCK7,Dedicator of cytokinesis protein 7,1,3,2,3,2140,242.4,6.8,1728062.75
High,Q9NXV2,KCTD5,BTB/POZ domain-containing protein KCTD5,12,2,2,4,234,26.1,6.24,8135164.375
High,Q71UI9,H2AZ2,Histone H2A.V,13,3,2,8,128,13.5,10.58,4981212.625
High,Q9NUL5,SHFL,Shiftless antiviral inhibitor of ribosomal frameshifting protein,10,2,2,4,291,33.1,7.25,2756786.25
High,O75477,ERLIN1,Erlin-1,7,2,2,3,348,39.1,7.87,4942822
High,Q9Y2G8,DNAJC16,DnaJ homolog subfamily C member 16,4,3,3,6,782,90.5,7.12,4745126.8125
High,Q9H5V9,STEEP1,STING ER exit protein,11,3,3,5,222,25.6,8.73,11992962.875
High,Q9UGY1,NOL12,Nucleolar protein 12,10,2,2,4,213,24.6,10.23,3035334.25
High,P25490,YY1,Transcriptional repressor protein YY1,12,4,4,8,414,44.7,6.25,8193281.0625
High,Q14554,PDIA5,Protein disulfide-isomerase A5,7,2,2,3,519,59.6,7.91,2591699.75
High,Q9H6F5,CCDC86,Coiled-coil domain-containing protein 86,9,3,3,6,360,40.2,10.33,9006918.5
High,P22735,TGM1,Protein-glutamine gamma-glutamyltransferase K,5,3,3,4,817,89.7,6.04,4102118.375
High,P40222,TXLNA,Alpha-taxilin,7,2,2,4,546,61.9,6.52,3349619
High,Q460N5,PARP14,Protein mono-ADP-ribosyltransferase PARP14,2,3,3,4,1801,202.7,7.18,1532353.375
High,Q9Y6V7,DDX49,Probable ATP-dependent RNA helicase DDX49,9,4,4,6,483,54.2,9.06,5312950.25
High,O94875,SORBS2,Sorbin and SH3 domain-containing protein 2,4,2,2,3,1100,124.0,8.31,1329558.125
High,Q12904,AIMP1,Aminoacyl tRNA synthase complex-interacting multifunctional protein 1,11,2,2,2,312,34.3,8.43,6209683.5
High,O96019,ACTL6A,Actin-like protein 6A,11,2,2,4,429,47.4,5.6,1418789.625
High,P01834,IGKC,Immunoglobulin kappa constant,30,2,2,3,107,11.8,6.52,7381743.75
High,O75251,NDUFS7,"NADH dehydrogenase [ubiquinone] iron-sulfur protein 7, mitochondrial",11,2,2,4,213,23.5,9.99,1945883.625
High,Q9NRX4,PHPT1,14 kDa phosphohistidine phosphatase,17,1,1,2,125,13.8,6.07,1371349.875
High,Q8IUX4,APOBEC3F,DNA dC->dU-editing enzyme APOBEC-3F,6,2,1,4,373,45.0,7.23,5880246
High,P04004,VTN,Vitronectin,5,2,2,4,478,54.3,5.8,18817541.5
High,Q5RKV6,EXOSC6,Exosome complex component MTR3,15,3,3,6,272,28.2,6.28,14544664.5
High,Q05048,CSTF1,Cleavage stimulation factor subunit 1,10,3,3,4,431,48.3,6.58,8506054.375
High,Q13523,PRPF4B,Serine/threonine-protein kinase PRP4 homolog,4,3,3,5,1007,116.9,10.26,2216150.25
High,P82663,MRPS25,"28S ribosomal protein S25, mitochondrial",23,3,3,3,173,20.1,8.82,1802432.5
High,P62273,RPS29,40S ribosomal protein S29,34,2,2,4,56,6.7,10.13,106116999
High,Q2M2I5,KRT24,"Keratin, type I cytoskeletal 24",5,3,1,13,525,55.1,4.96,1565159.75
High,Q9Y3D9,MRPS23,"28S ribosomal protein S23, mitochondrial",22,4,4,6,190,21.8,8.9,11468931.75
High,O60762,DPM1,Dolichol-phosphate mannosyltransferase subunit 1,15,3,3,5,260,29.6,9.57,9781552.75
High,Q4G0J3,LARP7,La-related protein 7,7,4,4,7,582,66.9,9.55,4216668.9375
High,Q9Y2A7,NCKAP1,Nck-associated protein 1,4,4,4,6,1128,128.7,6.62,
High,Q14966,ZNF638,Zinc finger protein 638,3,4,4,5,1978,220.5,6.38,2730891.875
High,Q96BK5,PINX1,PIN2/TERF1-interacting telomerase inhibitor 1,10,2,2,2,328,37.0,9.6,1338759.5
High,Q9NSD9,FARSB,Phenylalanine--tRNA ligase beta subunit,5,3,3,5,589,66.1,6.84,5112628.75
High,P62937,PPIA,Peptidyl-prolyl cis-trans isomerase A,26,4,4,6,165,18.0,7.81,10677679.375
High,P61163,ACTR1A,Alpha-centractin,14,4,4,10,376,42.6,6.64,17296122.3125
High,Q96P11,NSUN5,28S rRNA (cytosine-C(5))-methyltransferase,9,3,3,4,429,46.7,8.62,2557209.125
High,P48643,CCT5,T-complex protein 1 subunit epsilon,8,4,4,6,541,59.6,5.66,11780543.25
High,P24666,ACP1,Low molecular weight phosphotyrosine protein phosphatase,20,3,3,5,158,18.0,6.74,5322274.5
High,Q9BQ61,TRIR,Telomerase RNA component interacting RNase,15,1,1,2,176,18.4,9.44,291736.1875
High,Q9NRW3,APOBEC3C,DNA dC->dU-editing enzyme APOBEC-3C,13,2,1,3,190,22.8,7.59,
High,Q96GC5,MRPL48,"39S ribosomal protein L48, mitochondrial",12,2,2,3,212,23.9,8.98,2984427.625
High,Q9UN37,VPS4A,Vacuolar protein sorting-associated protein 4A,10,3,3,6,437,48.9,7.8,3479913.25
High,Q3MHD2,LSM12,Protein LSM12,21,3,3,5,195,21.7,7.74,59998221.75
High,Q8TED1,GPX8,Probable glutathione peroxidase 8,16,3,3,4,209,23.9,9.35,6798926
High,P49748,ACADVL,"Very long-chain specific acyl-CoA dehydrogenase, mitochondrial",5,2,2,2,655,70.3,8.75,
High,Q8WXI9,GATAD2B,Transcriptional repressor p66-beta,7,3,3,4,593,65.2,9.7,2812828.75
High,Q9UHX1,PUF60,Poly(U)-binding-splicing factor PUF60,7,3,3,4,559,59.8,5.29,3680569.875
High,Q8N5C6,SRBD1,S1 RNA-binding domain-containing protein 1,4,4,4,6,995,111.7,8.72,3048939
High,P30260,CDC27,Cell division cycle protein 27 homolog,4,3,3,5,824,91.8,7.02,1612691.875
High,Q16527,CSRP2,Cysteine and glycine-rich protein 2,21,3,3,4,193,20.9,8.62,4739030
High,Q8N2M8,CLASRP,CLK4-associating serine/arginine rich protein,6,2,2,3,674,77.1,10.45,2645953
High,Q99961,SH3GL1,Endophilin-A2,8,3,3,4,368,41.5,5.43,2352365
High,O43615,TIMM44,Mitochondrial import inner membrane translocase subunit TIM44,6,2,2,3,452,51.3,8.32,4140402.875
High,Q7Z2E3,APTX,Aprataxin,6,2,2,3,356,40.7,9.17,1049067.875
High,Q63ZY3,KANK2,KN motif and ankyrin repeat domain-containing protein 2,3,2,2,4,851,91.1,5.63,16379491
High,Q16543,CDC37,Hsp90 co-chaperone Cdc37,7,2,2,4,378,44.4,5.25,4086131.875
High,Q12899,TRIM26,Tripartite motif-containing protein 26,4,2,2,3,539,62.1,5.03,5339798.75
High,Q9Y2T2,AP3M1,AP-3 complex subunit mu-1,11,3,3,4,418,46.9,6.93,1073077.5
High,P50479,PDLIM4,PDZ and LIM domain protein 4,10,3,3,6,330,35.4,7.91,3273645.375
High,Q13155,AIMP2,Aminoacyl tRNA synthase complex-interacting multifunctional protein 2,13,3,3,4,320,35.3,8.22,3696118.25
High,O95168,NDUFB4,NADH dehydrogenase [ubiquinone] 1 beta subcomplex subunit 4,22,3,3,5,129,15.2,9.85,7392367.5
High,Q6P161,MRPL54,"39S ribosomal protein L54, mitochondrial",26,2,2,3,138,15.8,9.6,7239118.5
High,P35222,CTNNB1,Catenin beta-1,6,5,3,8,781,85.4,5.86,4785630.375
High,P12273,PIP,Prolactin-inducible protein,18,3,2,5,146,16.6,8.05,8257337.5
High,P63167,DYNLL1,"Dynein light chain 1, cytoplasmic",26,2,2,4,89,10.4,7.4,7718610
High,Q9HD33,MRPL47,"39S ribosomal protein L47, mitochondrial",8,2,2,3,250,29.4,10.37,4326870.5625
High,Q9Y314,NOSIP,Nitric oxide synthase-interacting protein,11,2,2,3,301,33.2,8.82,2549325.875
High,Q9NWU5,MRPL22,"39S ribosomal protein L22, mitochondrial",12,2,2,2,206,23.6,9.94,
High,Q15942,ZYX,Zyxin,6,3,3,5,572,61.2,6.67,5019085.875
High,Q9BYD2,MRPL9,"39S ribosomal protein L9, mitochondrial",9,2,2,3,267,30.2,10.08,4275596.9375
High,Q9NY93,DDX56,Probable ATP-dependent RNA helicase DDX56,9,4,4,4,547,61.6,9.26,3019687.5
High,P53618,COPB1,Coatomer subunit beta,4,3,3,3,953,107.1,6.05,9014506.6875
High,P20290,BTF3,Transcription factor BTF3,13,2,2,4,206,22.2,9.38,4349646.625
High,Q9UPY3,DICER1,Endoribonuclease Dicer,2,3,3,4,1922,218.5,5.68,2003070.125
High,Q9NTZ6,RBM12,RNA-binding protein 12,5,4,4,5,932,97.3,8.63,3335635
High,Q13501,SQSTM1,Sequestosome-1,8,2,2,3,440,47.7,5.22,3250099.5
High,Q6ZNB6,NFXL1,NF-X1-type zinc finger protein NFXL1,5,2,2,3,911,101.3,8.41,3439049.5
High,Q8IYM9,TRIM22,E3 ubiquitin-protein ligase TRIM22,5,2,2,2,498,56.9,7.72,1564761.75
High,P07384,CAPN1,Calpain-1 catalytic subunit,4,2,2,4,714,81.8,5.67,5225873
High,P62308,SNRPG,Small nuclear ribonucleoprotein G,17,2,2,5,76,8.5,8.88,15880985
High,Q96A35,MRPL24,"39S ribosomal protein L24, mitochondrial",19,3,3,3,216,24.9,9.29,3525565
High,Q9UNF1,MAGED2,Melanoma-associated antigen D2,4,3,3,5,606,64.9,9.32,4213441.75
High,Q9Y2X9,ZNF281,Zinc finger protein 281,3,1,1,1,895,96.9,8.48,
High,Q9BPW8,NIPSNAP1,Protein NipSnap homolog 1,11,3,2,7,284,33.3,9.31,12840755.875
High,Q8IXM3,MRPL41,"39S ribosomal protein L41, mitochondrial",29,2,2,3,137,15.4,9.57,2328831.5
High,O14980,XPO1,Exportin-1,4,3,3,3,1071,123.3,6.06,1132027.75
High,Q96P70,IPO9,Importin-9,3,2,2,3,1041,115.9,4.81,2541113.875
High,P05386,RPLP1,60S acidic ribosomal protein P1,14,1,1,2,114,11.5,4.32,282364896
High,Q9UQM7,CAMK2A,Calcium/calmodulin-dependent protein kinase type II subunit alpha,6,2,2,4,478,54.1,7.08,
High,P16885,PLCG2,"1-phosphatidylinositol 4,5-bisphosphate phosphodiesterase gamma-2",3,4,4,4,1265,147.8,6.64,2471545.375
High,Q9NX24,NHP2,H/ACA ribonucleoprotein complex subunit 2,19,2,2,4,153,17.2,8.22,1860808.25
High,Q96L58,B3GALT6,"Beta-1,3-galactosyltransferase 6",7,2,2,3,329,37.1,9.66,1476626.75
High,Q13393,PLD1,Phospholipase D1,3,2,2,5,1074,124.1,8.78,3271112.25
High,O75607,NPM3,Nucleoplasmin-3,9,1,1,1,178,19.3,4.63,5388396
High,P47813,EIF1AX,"Eukaryotic translation initiation factor 1A, X-chromosomal",21,2,2,2,144,16.5,5.24,
High,Q9BTD8,RBM42,RNA-binding protein 42,10,3,3,4,480,50.4,9.63,4828979.5
High,P82914,MRPS15,"28S ribosomal protein S15, mitochondrial",15,4,4,7,257,29.8,10.48,12448786.875
High,P30040,ERP29,Endoplasmic reticulum resident protein 29,8,2,2,4,261,29.0,7.31,2713484.375
High,O95249,GOSR1,Golgi SNAP receptor complex member 1,12,2,2,3,250,28.6,9.42,3376235.25
High,Q9BVI4,NOC4L,Nucleolar complex protein 4 homolog,5,2,2,3,516,58.4,7.49,3143157.75
High,P07237,P4HB,Protein disulfide-isomerase,3,1,1,1,508,57.1,4.87,
High,Q9BX10,GTPBP2,GTP-binding protein 2,5,3,3,5,602,65.7,8.05,3089024.5
High,Q9UKA9,PTBP2,Polypyrimidine tract-binding protein 2,4,3,2,12,531,57.5,8.66,102278742.125
High,Q8NDZ4,DIPK2A,Divergent protein kinase domain 2A,5,2,2,3,430,49.5,8.53,3300082.375
High,O76015,KRT38,"Keratin, type I cuticular Ha8",2,2,1,11,456,50.4,4.84,2736251.5
High,Q9Y4B5,MTCL1,Microtubule cross-linking factor 1,3,4,4,4,1905,209.4,6.43,10113686.9375
High,Q5BKZ1,ZNF326,DBIRD complex subunit ZNF326,7,3,3,4,582,65.6,5.15,1522234.125
High,Q15633,TARBP2,RISC-loading complex subunit TARBP2,7,2,2,3,366,39.0,6.54,3605678.5
High,P49458,SRP9,Signal recognition particle 9 kDa protein,22,2,2,4,86,10.1,7.97,27051729
High,Q96CX2,KCTD12,BTB/POZ domain-containing protein KCTD12,10,2,2,2,325,35.7,5.64,2516999.125
High,P52298,NCBP2,Nuclear cap-binding protein subunit 2,14,3,3,4,156,18.0,8.21,9550265
High,Q9NQW6,ANLN,Anillin,3,4,4,6,1124,124.1,8.07,6356066.25
High,P50750,CDK9,Cyclin-dependent kinase 9,6,2,2,3,372,42.8,8.79,3191579
High,Q12931,TRAP1,"Heat shock protein 75 kDa, mitochondrial",2,1,1,3,704,80.1,8.21,13090342
High,O43824,GTPBP6,Putative GTP-binding protein 6,4,2,2,4,516,56.9,9.42,3424272.75
High,Q15286,RAB35,Ras-related protein Rab-35,13,2,2,3,201,23.0,8.29,6661307
High,Q13144,EIF2B5,Translation initiation factor eIF-2B subunit epsilon,4,2,2,4,721,80.3,5.08,2677303.125
High,Q96G21,IMP4,U3 small nucleolar ribonucleoprotein protein IMP4,8,2,2,3,291,33.7,9.47,1545425
High,Q0VDF9,HSPA14,Heat shock 70 kDa protein 14,4,1,1,1,509,54.8,5.59,
High,Q9BRP8,PYM1,Partner of Y14 and mago,9,1,1,2,204,22.6,9.45,912486
High,Q13247,SRSF6,Serine/arginine-rich splicing factor 6,7,3,2,4,344,39.6,11.43,9623401
High,P27448,MARK3,MAP/microtubule affinity-regulating kinase 3,5,4,2,5,753,84.4,9.57,1707888.75
High,P11413,G6PD,Glucose-6-phosphate 1-dehydrogenase,4,2,2,3,515,59.2,6.84,1332123.75
High,Q9H7E9,C8orf33,UPF0488 protein C8orf33,16,3,3,5,229,25.0,9.95,8661172.4375
High,P29558,RBMS1,"RNA-binding motif, single-stranded-interacting protein 1",8,3,1,6,406,44.5,8.79,24503856.875
High,P13807,GYS1,"Glycogen [starch] synthase, muscle",8,3,3,5,737,83.7,6.18,1377815.5
High,P05997,COL5A2,Collagen alpha-2(V) chain,2,1,1,1,1499,144.8,6.46,
High,Q9H0H5,RACGAP1,Rac GTPase-activating protein 1,6,3,3,3,632,71.0,8.88,2587681.625
High,Q9Y3D3,MRPS16,"28S ribosomal protein S16, mitochondrial",19,2,2,4,137,15.3,9.5,4286189.5
High,Q02040,AKAP17A,A-kinase anchor protein 17A,4,3,3,5,695,80.7,9.73,3032131.3125
High,O60508,CDC40,Pre-mRNA-processing factor 17,6,2,2,3,579,65.5,7.06,4294154
High,Q8TDW0,LRRC8C,Volume-regulated anion channel subunit LRRC8C,3,2,1,2,803,92.4,7.62,844397.5
High,P51532,SMARCA4,Transcription activator BRG1,2,3,3,4,1647,184.5,7.88,1748644.375
High,Q96C19,EFHD2,EF-hand domain-containing protein D2,10,2,2,2,240,26.7,5.2,1777096.875
High,Q9UHF1,EGFL7,Epidermal growth factor-like protein 7,7,1,1,2,273,29.6,8.16,
High,Q96S97,MYADM,Myeloid-associated differentiation marker,7,1,1,1,322,35.3,8.15,
High,Q6PK04,CCDC137,Coiled-coil domain-containing protein 137,16,3,3,4,289,33.2,10.93,1797263
High,Q9UQ35,SRRM2,Serine/arginine repetitive matrix protein 2,2,3,3,3,2752,299.4,12.06,1669552.4375
High,Q9BX40,LSM14B,Protein LSM14 homolog B,8,2,2,3,385,42.0,9.69,2359193
High,P82932,MRPS6,"28S ribosomal protein S6, mitochondrial",17,2,2,2,125,14.2,9.26,1372173.625
High,Q12891,HYAL2,Hyaluronidase-2,8,2,2,2,473,53.8,8.19,1420637.25
High,Q13889,GTF2H3,General transcription factor IIH subunit 3,8,2,2,3,308,34.4,7.02,1385395.25
High,Q9Y388,RBMX2,"RNA-binding motif protein, X-linked 2",7,2,2,4,322,37.3,9.83,2337868
High,Q16540,MRPL23,"39S ribosomal protein L23, mitochondrial",15,2,2,4,153,17.8,9.69,4956953
High,Q9P0L0,VAPA,Vesicle-associated membrane protein-associated protein A,11,2,2,2,249,27.9,8.62,1160690.75
High,Q14571,ITPR2,"Inositol 1,4,5-trisphosphate receptor type 2",1,2,2,3,2701,307.9,6.43,1115701.125
High,P35249,RFC4,Replication factor C subunit 4,10,3,3,5,363,39.7,8.02,2994729.75
High,Q8N556,AFAP1,Actin filament-associated protein 1,3,2,2,3,730,80.7,8.68,2737141
High,Q6P6C2,ALKBH5,RNA demethylase ALKBH5,7,4,4,6,394,44.2,9.09,3610301.25
High,Q8TAP9,MPLKIP,M-phase-specific PLK1-interacting protein,14,1,1,2,179,19.1,10.23,1346267.75
High,P35269,GTF2F1,General transcription factor IIF subunit 1,3,1,1,1,517,58.2,7.49,2399513.25
High,Q9UKU9,ANGPTL2,Angiopoietin-related protein 2,6,2,2,3,493,57.1,7.53,1091479.625
High,O94992,HEXIM1,Protein HEXIM1,11,2,2,3,359,40.6,4.89,1614780
High,Q92997,DVL3,Segment polarity protein dishevelled homolog DVL-3,4,3,3,6,716,78.0,6.65,5072886.875
High,Q93009,USP7,Ubiquitin carboxyl-terminal hydrolase 7,3,3,3,5,1102,128.2,5.55,4498164.875
High,Q9Y3T9,NOC2L,Nucleolar complex protein 2 homolog,4,3,3,4,749,84.9,5.62,2484961.125
High,Q86UW6,N4BP2,NEDD4-binding protein 2,2,2,2,3,1770,198.7,5.21,
High,Q9BWU0,SLC4A1AP,Kanadaptin,5,3,3,5,796,88.8,5.19,3592084.875
High,Q9NY15,STAB1,Stabilin-1,2,5,5,6,2570,275.3,6.49,5105693.375
High,Q75N03,CBLL1,E3 ubiquitin-protein ligase Hakai,4,1,1,2,491,54.5,8.29,3979356.5
High,P57088,TMEM33,Transmembrane protein 33,8,2,2,4,247,28.0,9.7,6862835.5
High,Q9BYD3,MRPL4,"39S ribosomal protein L4, mitochondrial",5,1,1,2,311,34.9,9.72,2412334.5
High,Q96N66,MBOAT7,Lysophospholipid acyltransferase 7,3,1,1,2,472,52.7,8.97,995475.875
High,Q12907,LMAN2,Vesicular integral-membrane protein VIP36,7,1,1,1,356,40.2,6.95,
High,P25311,AZGP1,Zinc-alpha-2-glycoprotein,6,2,2,4,298,34.2,6.05,4226663.625
High,Q96AQ6,PBXIP1,Pre-B-cell leukemia transcription factor-interacting protein 1,3,2,2,3,731,80.6,5.33,4199090.25
High,P27824,CANX,Calnexin,4,2,2,2,592,67.5,4.6,1013258.125
High,P41567,EIF1,Eukaryotic translation initiation factor 1,15,1,1,1,113,12.7,7.44,4862244
High,Q969X6,UTP4,U3 small nucleolar RNA-associated protein 4 homolog,8,3,3,3,686,76.8,8.85,2095856.625
High,P29375,KDM5A,Lysine-specific demethylase 5A,2,2,2,3,1690,192.0,6.49,982822.75
High,P17252,PRKCA,Protein kinase C alpha type,4,2,2,2,672,76.7,7.05,2112719.5625
High,Q8TED0,UTP15,U3 small nucleolar RNA-associated protein 15 homolog,6,2,2,4,518,58.4,9.11,997292.375
High,P49959,MRE11,Double-strand break repair protein MRE11,4,2,2,3,708,80.5,5.9,1449538.625
High,Q9HB71,CACYBP,Calcyclin-binding protein,9,2,2,3,228,26.2,8.25,4585127.625
High,O43488,AKR7A2,Aflatoxin B1 aldehyde reductase member 2,9,2,2,2,359,39.6,7.17,1680247
High,P63272,SUPT4H1,Transcription elongation factor SPT4,20,2,2,3,117,13.2,8.06,14601002
High,Q92504,SLC39A7,Zinc transporter SLC39A7,5,1,1,1,469,50.1,6.87,1701055.125
High,Q6DD87,ZNF787,Zinc finger protein 787,6,2,2,3,382,40.4,7.96,1577577.75
High,P68036,UBE2L3,Ubiquitin-conjugating enzyme E2 L3,10,1,1,2,154,17.9,8.51,1657724.5
High,P07947,YES1,Tyrosine-protein kinase Yes,5,3,2,4,543,60.8,6.74,23700511.375
High,Q96PV6,LENG8,Leukocyte receptor cluster member 8,3,2,2,2,800,88.1,9.11,811645.3125
High,Q9H9B4,SFXN1,Sideroflexin-1,7,2,2,4,322,35.6,9.07,2708613.875
High,Q9Y3E5,PTRH2,"Peptidyl-tRNA hydrolase 2, mitochondrial",12,2,2,3,179,19.2,8.73,9116735.5
High,P62714,PPP2CB,Serine/threonine-protein phosphatase 2A catalytic subunit beta isoform,5,1,1,2,309,35.6,5.43,1841187.75
High,Q9BVS4,RIOK2,Serine/threonine-protein kinase RIO2,5,2,2,3,552,63.2,5.94,3613180.5
High,Q9BZZ5,API5,Apoptosis inhibitor 5,6,3,3,3,524,59.0,7.34,10036270.25
High,P51148,RAB5C,Ras-related protein Rab-5C,12,2,2,2,216,23.5,8.41,1315395.875
High,Q8IY17,PNPLA6,Patatin-like phospholipase domain-containing protein 6,2,2,2,3,1375,150.9,7.74,1934610.6875
High,Q68D10,SPTY2D1,Protein SPT2 homolog,4,2,2,3,685,75.6,9.79,1186796
High,Q9UI10,EIF2B4,Translation initiation factor eIF-2B subunit delta,4,2,2,2,523,57.5,9.38,3958870.5
High,Q9BVC5,C2orf49,Ashwin,10,2,2,4,232,25.8,9.74,2907310.25
High,Q9Y4E8,USP15,Ubiquitin carboxyl-terminal hydrolase 15,3,3,3,4,981,112.3,5.22,3890108.75
High,Q8TAE8,GADD45GIP1,Growth arrest and DNA damage-inducible proteins-interacting protein 1,15,2,2,2,222,25.4,10.02,2168750.25
High,O60306,AQR,RNA helicase aquarius,3,4,4,5,1485,171.2,6.37,5827044.8125
High,Q08AD1,CAMSAP2,Calmodulin-regulated spectrin-associated protein 2,3,2,2,2,1489,168.0,6.8,1188920
High,P48651,PTDSS1,Phosphatidylserine synthase 1,6,2,2,2,473,55.5,8.43,4866016
High,P19367,HK1,Hexokinase-1,3,3,3,3,917,102.4,6.8,2269833.25
High,Q15269,PWP2,Periodic tryptophan protein 2 homolog,2,2,2,4,919,102.4,6.15,3623132.375
High,Q13642,FHL1,Four and a half LIM domains protein 1,7,2,2,3,323,36.2,8.97,4608726.25
High,Q9UNX4,WDR3,WD repeat-containing protein 3,3,2,2,2,943,106.0,6.64,2092675.3125
High,O15269,SPTLC1,Serine palmitoyltransferase 1,7,2,2,2,473,52.7,6.01,961873.4375
High,Q9UNL2,SSR3,Translocon-associated protein subunit gamma,8,1,1,2,185,21.1,9.61,1703155.625
High,Q9BUT9,MCRIP2,MAPK regulated corepressor interacting protein 2,19,1,1,2,160,17.8,9.41,
High,P07858,CTSB,Cathepsin B,8,2,2,3,339,37.8,6.3,2304020.25
High,Q5VYS8,TUT7,Terminal uridylyltransferase 7,2,4,4,5,1495,171.1,6.83,5355281.375
High,O00154,ACOT7,Cytosolic acyl coenzyme A thioester hydrolase,12,3,3,5,380,41.8,8.54,9262980.0625
High,P11388,TOP2A,DNA topoisomerase 2-alpha,3,4,2,6,1531,174.3,8.72,4403997.25
High,Q96QK1,VPS35,Vacuolar protein sorting-associated protein 35,2,1,1,2,796,91.6,5.49,
High,P33991,MCM4,DNA replication licensing factor MCM4,3,2,2,2,863,96.5,6.74,1394503
High,Q15056,EIF4H,Eukaryotic translation initiation factor 4H,9,1,1,2,248,27.4,7.23,4041534.75
High,Q9BYB0,SHANK3,SH3 and multiple ankyrin repeat domains protein 3,2,2,2,2,1731,184.6,8.88,2605803.25
High,P41214,EIF2D,Eukaryotic translation initiation factor 2D,7,2,2,3,584,64.7,7.65,
High,P25789,PSMA4,Proteasome subunit alpha type-4,9,2,2,3,261,29.5,7.72,2450281.75
High,Q14192,FHL2,Four and a half LIM domains protein 2,8,2,2,3,279,32.2,7.55,9540418.75
High,P54105,CLNS1A,Methylosome subunit pICln,5,1,1,2,237,26.2,4.11,1291338.125
High,Q9UMR2,DDX19B,ATP-dependent RNA helicase DDX19B,3,1,1,1,479,53.9,6.3,
High,Q9BY89,KIAA1671,Uncharacterized protein KIAA1671,1,2,2,2,1806,196.6,8.47,1830707.9375
High,P18887,XRCC1,DNA repair protein XRCC1,3,2,2,4,633,69.5,6.28,4481114.25
High,O00566,MPHOSPH10,U3 small nucleolar ribonucleoprotein protein MPP10,6,2,2,2,681,78.8,4.86,52685681.5
High,Q15398,DLGAP5,Disks large-associated protein 5,4,3,3,3,846,95.1,9.0,2788571.5
High,P05161,ISG15,Ubiquitin-like protein ISG15,13,2,2,5,165,17.9,7.44,30932697
High,Q9NVU7,SDAD1,Protein SDA1 homolog,2,2,2,4,687,79.8,9.25,1069348.125
High,P55769,SNU13,NHP2-like protein 1,9,1,1,1,128,14.2,8.46,4470103
High,Q9NZM1,MYOF,Myoferlin,3,4,4,4,2061,234.6,6.18,2446106
High,Q93052,LPP,Lipoma-preferred partner,6,3,3,4,612,65.7,7.37,4293816.125
High,Q6ZNL6,FGD5,"FYVE, RhoGEF and PH domain-containing protein 5",2,3,3,3,1462,159.8,5.01,1736421.1875
High,P78357,CNTNAP1,Contactin-associated protein 1,2,2,2,3,1384,156.2,7.05,
High,Q9UEE9,CFDP1,Craniofacial development protein 1,7,2,2,3,299,33.6,4.81,1651513.875
High,O60828,PQBP1,Polyglutamine-binding protein 1,13,2,2,3,265,30.5,6.33,3909868.25
High,Q9UJK0,TSR3,18S rRNA aminocarboxypropyltransferase,4,1,1,2,312,33.6,6.87,1388280.125
High,Q504Q3,PAN2,PAN2-PAN3 deadenylation complex catalytic subunit PAN2,2,2,2,4,1202,135.3,5.99,1028218.9375
High,Q9UFW8,CGGBP1,CGG triplet repeat-binding protein 1,17,3,3,4,167,18.8,8.95,2408664.5
High,P50570,DNM2,Dynamin-2,4,3,3,4,870,98.0,7.44,2134345.75
High,Q9NQ29,LUC7L,Putative RNA-binding protein Luc7-like 1,8,3,2,3,371,43.7,9.92,2632039.6875
High,A6NHQ2,FBLL1,rRNA/tRNA 2'-O-methyltransferase fibrillarin-like protein 1,7,2,1,3,334,34.8,10.35,2894353.25
High,Q8NEY1,NAV1,Neuron navigator 1,2,2,2,2,1877,202.3,8.07,1087383
High,P31948,STIP1,Stress-induced-phosphoprotein 1,4,2,2,4,543,62.6,6.8,1563454.625
High,P52209,PGD,"6-phosphogluconate dehydrogenase, decarboxylating",4,1,1,2,483,53.1,7.23,
High,Q14331,FRG1,Protein FRG1,5,1,1,2,258,29.2,9.01,2846401.25
High,P15531,NME1,Nucleoside diphosphate kinase A,19,2,2,3,152,17.1,6.19,3744657.875
High,P34897,SHMT2,"Serine hydroxymethyltransferase, mitochondrial",5,2,2,3,504,56.0,8.53,1361150.625
High,O43719,HTATSF1,HIV Tat-specific factor 1,3,3,3,4,755,85.8,4.4,1062071.25
High,O43148,RNMT,mRNA cap guanine-N7 methyltransferase,4,2,2,3,476,54.8,6.61,6999802
High,O95433,AHSA1,Activator of 90 kDa heat shock protein ATPase homolog 1,9,2,2,2,338,38.3,5.53,2697668
High,P82912,MRPS11,"28S ribosomal protein S11, mitochondrial",22,3,3,3,194,20.6,10.81,6353169.25
High,O00712,NFIB,Nuclear factor 1 B-type,5,2,2,3,420,47.4,8.87,1849031.625
High,Q12996,CSTF3,Cleavage stimulation factor subunit 3,3,2,2,2,717,82.9,8.12,1002821.8125
High,Q7Z434,MAVS,Mitochondrial antiviral-signaling protein,6,1,1,1,540,56.5,5.52,1451207.125
High,Q5U5Q3,MEX3C,RNA-binding E3 ubiquitin-protein ligase MEX3C,6,3,2,5,659,69.3,5.0,1792588.875
High,Q05397,PTK2,Focal adhesion kinase 1,6,5,5,6,1052,119.2,6.62,4687591.25
High,Q04323,UBXN1,UBX domain-containing protein 1,4,1,1,2,297,33.3,5.25,1547801.25
High,Q02880,TOP2B,DNA topoisomerase 2-beta,2,3,1,5,1626,183.2,8.0,1441900.75
High,Q86SE5,RALYL,RNA-binding Raly-like protein,4,1,1,2,291,32.3,7.93,11424802
High,Q9Y2Q9,MRPS28,"28S ribosomal protein S28, mitochondrial",10,2,2,4,187,20.8,9.1,5586942
High,Q8IWZ8,SUGP1,SURP and G-patch domain-containing protein 1,3,1,1,1,645,72.4,7.61,
High,Q96TA2,YME1L1,ATP-dependent zinc metalloprotease YME1L1,2,1,1,2,773,86.4,8.76,1540084.375
High,Q8TAA3,PSMA8,Proteasome subunit alpha-type 8,5,1,1,1,256,28.5,8.98,
High,P61964,WDR5,WD repeat-containing protein 5,8,2,2,3,334,36.6,8.27,1798019.875
High,Q9Y281,CFL2,Cofilin-2,15,2,1,3,166,18.7,7.88,
High,P61626,LYZ,Lysozyme C,8,1,1,1,148,16.5,9.16,4428539
High,Q8N983,MRPL43,"39S ribosomal protein L43, mitochondrial",8,2,2,3,215,23.4,8.65,1268123.875
High,Q99988,GDF15,Growth/differentiation factor 15,10,2,2,2,308,34.1,9.66,1497071.75
High,Q6P1X5,TAF2,Transcription initiation factor TFIID subunit 2,2,2,2,3,1199,136.9,8.19,1861144.03125
High,Q96JM3,CHAMP1,Chromosome alignment-maintaining phosphoprotein 1,2,1,1,1,812,89.0,8.44,
High,P78346,RPP30,Ribonuclease P protein subunit p30,7,2,2,3,268,29.3,8.91,2823435.625
High,Q14004,CDK13,Cyclin-dependent kinase 13,2,2,2,3,1512,164.8,9.69,3727741.75
High,Q9NVH0,EXD2,Exonuclease 3'-5' domain-containing protein 2,2,1,1,1,621,70.3,8.32,
High,Q6P1L8,MRPL14,"39S ribosomal protein L14, mitochondrial",14,2,2,4,145,15.9,10.24,4434014.5
High,P53999,SUB1,Activated RNA polymerase II transcriptional coactivator p15,15,2,2,2,127,14.4,9.6,4096636
High,Q13472,TOP3A,DNA topoisomerase 3-alpha,4,2,1,2,1001,112.3,8.34,
High,O75367,MACROH2A1,Core histone macro-H2A.1,12,3,3,3,369,39.2,9.83,2984714.3125
High,P63000,RAC1,Ras-related C3 botulinum toxin substrate 1,7,1,1,2,192,21.4,8.5,1991343
High,Q9P1Y6,PHRF1,PHD and RING finger domain-containing protein 1,2,2,2,2,1649,178.6,8.95,2330996.625
High,Q9UII4,HERC5,E3 ISG15--protein ligase HERC5,3,2,2,2,1024,116.8,7.65,1313488.125
High,P07339,CTSD,Cathepsin D,5,2,2,3,412,44.5,6.54,4863241.75
High,O75190,DNAJB6,DnaJ homolog subfamily B member 6,8,2,2,3,326,36.1,9.16,1957758.875
High,Q9Y251,HPSE,Heparanase,3,2,2,3,543,61.1,9.28,2699092.5
High,O75489,NDUFS3,"NADH dehydrogenase [ubiquinone] iron-sulfur protein 3, mitochondrial",10,2,2,3,264,30.2,7.5,5857844.625
High,Q96GM8,TOE1,Target of EGR1 protein 1,7,2,2,3,510,56.5,7.18,9370708.75
High,O00746,NME4,"Nucleoside diphosphate kinase, mitochondrial",18,3,3,4,187,20.6,10.29,5892329.25
High,Q08170,SRSF4,Serine/arginine-rich splicing factor 4,3,2,1,3,494,56.6,11.52,5124103
High,Q02241,KIF23,Kinesin-like protein KIF23,1,1,1,2,960,110.0,8.51,1201172.875
High,Q99959,PKP2,Plakophilin-2,2,1,1,2,881,97.4,9.33,1390891.5
High,P61081,UBE2M,NEDD8-conjugating enzyme Ubc12,13,3,3,6,183,20.9,7.69,6901360.875
High,P61106,RAB14,Ras-related protein Rab-14,13,2,2,3,215,23.9,6.21,
High,Q99661,KIF2C,Kinesin-like protein KIF2C,4,3,3,3,725,81.3,7.83,1986071.25
High,P12004,PCNA,Proliferating cell nuclear antigen,8,2,2,3,261,28.8,4.69,2086678.125
High,Q03701,CEBPZ,CCAAT/enhancer-binding protein zeta,2,2,2,2,1054,120.9,5.94,1110741.375
High,Q16637,SMN2,Survival motor neuron protein,7,1,1,2,294,31.8,6.55,
High,Q14145,KEAP1,Kelch-like ECH-associated protein 1,4,2,2,2,624,69.6,6.44,8237901
High,Q6ZRY4,RBPMS2,RNA-binding protein with multiple splicing 2,11,2,1,2,209,22.5,8.6,1111560.5
High,Q13464,ROCK1,Rho-associated protein kinase 1,2,3,1,5,1354,158.1,5.9,1480349.875
High,Q9Y4Z0,LSM4,U6 snRNA-associated Sm-like protein LSm4,14,2,2,4,139,15.3,9.99,7083550
High,Q9NZT1,CALML5,Calmodulin-like protein 5,10,1,1,1,146,15.9,4.44,2169386
High,Q9ULM6,CNOT6,CCR4-NOT transcription complex subunit 6,2,1,1,2,557,63.3,7.27,1168314.875
High,Q6ZVX7,NCCRP1,F-box only protein 50,11,1,1,1,275,30.8,6.62,1940319.875
High,Q9P015,MRPL15,"39S ribosomal protein L15, mitochondrial",7,2,2,3,296,33.4,10.01,15877425.75
High,Q99590,SCAF11,Protein SCAF11,1,1,1,2,1463,164.6,8.41,730564.625
High,Q8IY37,DHX37,Probable ATP-dependent RNA helicase DHX37,3,3,3,4,1157,129.5,8.1,4266832.875
High,Q13418,ILK,Integrin-linked protein kinase,6,3,3,4,452,51.4,8.07,9145487.25
High,O00116,AGPS,"Alkyldihydroxyacetonephosphate synthase, peroxisomal",2,1,1,2,658,72.9,7.34,1308011.625
High,Q15629,TRAM1,Translocating chain-associated membrane protein 1,5,2,2,3,374,43.0,9.63,3321474.625
High,Q9UMY1,NOL7,Nucleolar protein 7,5,1,1,1,257,29.4,9.67,
High,Q9ULL1,PLEKHG1,Pleckstrin homology domain-containing family G member 1,1,2,2,4,1385,155.3,6.24,4102013
High,P62306,SNRPF,Small nuclear ribonucleoprotein F,24,2,2,3,86,9.7,4.67,2150658
High,Q96CT7,CCDC124,Coiled-coil domain-containing protein 124,6,1,1,2,223,25.8,9.54,1509546
High,Q96JP5,ZFP91,E3 ubiquitin-protein ligase ZFP91,2,1,1,1,570,63.4,7.36,1322012
High,P28066,PSMA5,Proteasome subunit alpha type-5,12,2,2,2,241,26.4,4.79,
High,P62877,RBX1,E3 ubiquitin-protein ligase RBX1,17,1,1,1,108,12.3,6.96,
High,P78559,MAP1A,Microtubule-associated protein 1A,1,2,1,3,2803,305.3,4.92,
High,P48444,ARCN1,Coatomer subunit delta,4,2,2,4,511,57.2,6.21,3036774.875
High,Q9HAZ1,CLK4,Dual specificity protein kinase CLK4,3,1,1,2,481,57.5,8.68,
High,P51530,DNA2,DNA replication ATP-dependent helicase/nuclease DNA2,1,2,2,4,1060,120.3,7.74,57272102
High,Q9HCG8,CWC22,Pre-mRNA-splicing factor CWC22 homolog,4,3,3,5,908,105.4,7.03,2107209.4375
High,O14578,CIT,Citron Rho-interacting kinase,1,1,1,1,2027,231.3,6.57,658590.125
High,Q9BYN8,MRPS26,"28S ribosomal protein S26, mitochondrial",10,2,2,3,205,24.2,10.39,1795619.75
High,P43307,SSR1,Translocon-associated protein subunit alpha,7,2,2,4,286,32.2,4.49,7236616
High,Q9Y2Z0,SUGT1,Protein SGT1 homolog,3,1,1,1,365,41.0,5.16,1726046.75
High,Q8IX12,CCAR1,Cell division cycle and apoptosis regulator protein 1,2,2,2,3,1150,132.7,5.76,1742895.25
High,P24468,NR2F2,COUP transcription factor 2,2,1,1,2,414,45.5,8.28,1015490.5625
High,Q15032,R3HDM1,R3H domain-containing protein 1,2,2,2,2,1099,120.6,8.75,3098403.5625
High,O14556,GAPDHS,"Glyceraldehyde-3-phosphate dehydrogenase, testis-specific",4,2,1,4,408,44.5,8.19,3854573
High,Q8NEJ9,NGDN,Neuroguidin,4,1,1,1,315,35.9,9.57,
High,Q13454,TUSC3,Tumor suppressor candidate 3,5,2,2,3,348,39.7,9.91,9327009
High,O00411,POLRMT,"DNA-directed RNA polymerase, mitochondrial",2,2,2,3,1230,138.5,8.98,2857135.75
High,P84243,H3-3B,Histone H3.3,12,2,2,3,136,15.3,11.27,97509976
High,P40616,ARL1,ADP-ribosylation factor-like protein 1,6,1,1,2,181,20.4,5.72,1332792.875
High,O15145,ARPC3,Actin-related protein 2/3 complex subunit 3,10,2,2,3,178,20.5,8.59,11139461
High,Q9UM00,TMCO1,Calcium load-activated calcium channel,6,1,1,1,239,27.1,10.26,2647916
High,O95816,BAG2,BAG family molecular chaperone regulator 2,9,2,2,2,211,23.8,6.7,2909138.375
High,Q96F86,EDC3,Enhancer of mRNA-decapping protein 3,6,2,2,2,508,56.0,7.11,4310558.25
High,Q9BTT0,ANP32E,Acidic leucine-rich nuclear phosphoprotein 32 family member E,5,2,2,3,268,30.7,3.85,5315113.875
High,Q92665,MRPS31,"28S ribosomal protein S31, mitochondrial",4,1,1,2,395,45.3,9.29,1370112.375
High,P60900,PSMA6,Proteasome subunit alpha type-6,5,1,1,2,246,27.4,6.76,2044623.375
High,P00750,PLAT,Tissue-type plasminogen activator,3,2,2,3,562,62.9,7.8,3958326.625
High,Q9Y2H6,FNDC3A,Fibronectin type-III domain-containing protein 3A,1,1,1,1,1198,131.8,6.71,
High,P54578,USP14,Ubiquitin carboxyl-terminal hydrolase 14,3,1,1,1,494,56.0,5.3,
High,O75306,NDUFS2,"NADH dehydrogenase [ubiquinone] iron-sulfur protein 2, mitochondrial",6,2,2,2,463,52.5,7.55,2464500.625
High,P05204,HMGN2,Non-histone chromosomal protein HMG-17,17,1,1,2,90,9.4,9.99,3071100
High,Q15555,MAPRE2,Microtubule-associated protein RP/EB family member 2,6,1,1,1,327,37.0,5.57,2352260.5
High,Q9NUL7,DDX28,Probable ATP-dependent RNA helicase DDX28,6,2,2,2,540,59.5,10.42,
High,Q96JN8,NEURL4,Neuralized-like protein 4,1,1,1,2,1562,166.8,5.86,2080603.125
High,P35606,COPB2,Coatomer subunit beta',3,2,2,2,906,102.4,5.27,
High,P57678,GEMIN4,Gem-associated protein 4,2,2,2,3,1058,120.0,6.04,2953010.875
High,Q96QA5,GSDMA,Gasdermin-A,6,3,3,6,445,49.3,5.29,5251834
High,Q9BT40,INPP5K,Inositol polyphosphate 5-phosphatase K,2,1,1,1,448,51.1,6.54,1292212
High,Q8N954,GPATCH11,G patch domain-containing protein 11,8,2,2,4,285,33.3,5.86,3382461.375
High,P14174,MIF,Macrophage migration inhibitory factor,10,1,1,1,115,12.5,7.88,2165186.75
High,P15153,RAC2,Ras-related C3 botulinum toxin substrate 2,8,2,2,2,192,21.4,7.61,3911051.375
High,P55196,AFDN,Afadin,1,1,1,1,1824,206.7,6.47,
High,P61962,DCAF7,DDB1- and CUL4-associated factor 7,4,1,1,1,342,38.9,5.52,1415778.75
High,O14773,TPP1,Tripeptidyl-peptidase 1,5,2,2,2,563,61.2,6.48,2175829.25
High,Q9Y5T5,USP16,Ubiquitin carboxyl-terminal hydrolase 16,2,1,1,1,823,93.5,6.93,1071824.875
High,Q5VW36,FOCAD,Focadhesin,1,2,2,3,1801,199.9,6.62,1047167.25
High,P61011,SRP54,Signal recognition particle subunit SRP54,2,1,1,2,504,55.7,8.75,1452730.375
High,P01859,IGHG2,Immunoglobulin heavy constant gamma 2,9,2,2,4,395,43.8,6.52,
High,Q9NYL4,FKBP11,Peptidyl-prolyl cis-trans isomerase FKBP11,9,1,1,2,201,22.2,9.39,1753350.625
High,Q96LT9,RNPC3,RNA-binding region-containing protein 3,2,1,1,2,517,58.5,7.72,1331933.375
High,Q6L8Q7,PDE12,"2',5'-phosphodiesterase 12",2,1,1,1,609,67.3,6.57,1212641.375
High,O75334,PPFIA2,Liprin-alpha-2,2,2,2,2,1257,143.2,6.11,
High,O75874,IDH1,Isocitrate dehydrogenase [NADP] cytoplasmic,5,2,1,3,414,46.6,7.01,815511.8125
High,O95470,SGPL1,Sphingosine-1-phosphate lyase 1,3,1,1,1,568,63.5,9.16,1329879.5
High,Q9UJZ1,STOML2,"Stomatin-like protein 2, mitochondrial",4,1,1,1,356,38.5,7.39,
High,Q9BXS5,AP1M1,AP-1 complex subunit mu-1,5,2,2,4,423,48.6,7.3,1158269.375
High,Q92890,UFD1,Ubiquitin recognition factor in ER-associated degradation protein 1,5,1,1,1,307,34.5,6.7,
High,Q8WYQ9,ZCCHC14,Zinc finger CCHC domain-containing protein 14,3,2,2,2,949,100.0,8.18,1064610.625
High,Q8N3V7,SYNPO,Synaptopodin,3,2,2,3,929,99.4,8.72,777020.875
High,P02788,LTF,Lactotransferrin,3,2,2,4,710,78.1,8.12,9865942.625
High,O75554,WBP4,WW domain-binding protein 4,3,1,1,2,376,42.5,5.57,1525165.875
High,Q5JTV8,TOR1AIP1,Torsin-1A-interacting protein 1,2,1,1,1,583,66.2,8.18,
High,Q9NXV6,CDKN2AIP,CDKN2A-interacting protein,2,1,1,1,580,61.1,9.01,
High,Q92567,FAM168A,Protein FAM168A,7,1,1,1,244,26.2,8.98,
High,P56539,CAV3,Caveolin-3,12,2,1,3,151,17.2,5.78,21389577.75
High,Q9NZR1,TMOD2,Tropomodulin-2,6,1,1,1,351,39.6,5.27,
High,P82675,MRPS5,"28S ribosomal protein S5, mitochondrial",2,1,1,2,430,48.0,9.92,2103675.5
High,Q13616,CUL1,Cullin-1,4,3,3,4,776,89.6,8.0,2885916.375
High,O94776,MTA2,Metastasis-associated protein MTA2,1,1,1,2,668,75.0,9.66,1253584.875
High,O94989,ARHGEF15,Rho guanine nucleotide exchange factor 15,3,2,2,2,841,91.9,8.25,2641544
High,Q9P016,THYN1,Thymocyte nuclear protein 1,11,3,3,5,225,25.7,9.25,4583735.25
High,Q8TD26,CHD6,Chromodomain-helicase-DNA-binding protein 6,1,2,1,5,2715,305.2,6.27,17319509.75
High,Q9UQ13,SHOC2,Leucine-rich repeat protein SHOC-2,4,2,2,2,582,64.8,8.46,1165021.375
High,Q5T750,XP32,Skin-specific protein 32,4,2,2,4,250,26.2,7.97,4866181.125
High,P01889,HLA-B,"HLA class I histocompatibility antigen, B alpha chain",4,1,1,2,362,40.4,5.85,1787312.375
High,O96008,TOMM40,Mitochondrial import receptor subunit TOM40 homolog,5,1,1,1,361,37.9,7.25,1015230.3125
High,Q9H000,MKRN2,E3 ubiquitin-protein ligase makorin-2,5,2,2,4,416,46.9,7.61,6048061
High,Q9BS26,ERP44,Endoplasmic reticulum resident protein 44,5,2,2,2,406,46.9,5.26,2714900.625
High,Q15404,RSU1,Ras suppressor protein 1,6,2,2,3,277,31.5,8.65,4921427.5
High,O75323,NIPSNAP2,Protein NipSnap homolog 2,5,2,1,5,286,33.7,9.36,2353233.25
High,Q6NW29,RWDD4,RWD domain-containing protein 4,10,2,2,3,188,21.2,5.31,3311048.5
High,Q14980,NUMA1,Nuclear mitotic apparatus protein 1,1,2,2,3,2115,238.1,5.78,967190.375
High,Q9Y4K0,LOXL2,Lysyl oxidase homolog 2,2,2,2,3,774,86.7,6.38,2602831.25
High,O43795,MYO1B,Unconventional myosin-Ib,2,2,2,3,1136,131.9,9.38,1683098.875
High,P06493,CDK1,Cyclin-dependent kinase 1,5,1,1,2,297,34.1,8.4,1119921.625
High,P55039,DRG2,Developmentally-regulated GTP-binding protein 2,3,1,1,2,364,40.7,8.88,1385462.5
High,Q9ULV3,CIZ1,Cip1-interacting zinc finger protein,2,1,1,2,898,100.0,6.11,599582
High,O95232,LUC7L3,Luc7-like protein 3,4,1,1,2,432,51.4,9.79,1416634.375
High,Q9NVV4,MTPAP,"Poly(A) RNA polymerase, mitochondrial",3,2,2,2,582,66.1,9.04,1904782.75
High,P62857,RPS28,40S ribosomal protein S28,30,2,2,3,69,7.8,10.7,5905742.5
High,Q9H078,CLPB,Caseinolytic peptidase B protein homolog,2,1,1,2,707,78.7,9.01,1526035.625
High,P05023,ATP1A1,Sodium/potassium-transporting ATPase subunit alpha-1,1,1,1,1,1023,112.8,5.49,1452751.875
High,Q9Y3D7,PAM16,Mitochondrial import inner membrane translocase subunit TIM16,9,1,1,2,125,13.8,9.7,2194033.25
High,E9PRG8,C11orf98,Uncharacterized protein C11orf98,11,1,1,2,123,14.2,11.53,2515506.125
High,Q13131,PRKAA1,5'-AMP-activated protein kinase catalytic subunit alpha-1,2,1,1,2,559,64.0,8.12,1950852.875
High,P62191,PSMC1,26S proteasome regulatory subunit 4,3,1,1,4,440,49.2,6.21,2617890.5
High,P11137,MAP2,Microtubule-associated protein 2,2,3,3,5,1827,199.4,4.91,3929575.5
High,Q13620,CUL4B,Cullin-4B,1,1,1,1,913,103.9,7.37,3292834.25
High,Q9BQA1,WDR77,Methylosome protein 50,9,2,2,3,342,36.7,5.17,5879569.5
High,Q969Q0,RPL36AL,60S ribosomal protein L36a-like,13,2,2,2,106,12.5,10.65,2296906.75
High,Q9BRD0,BUD13,BUD13 homolog,3,2,2,3,619,70.5,9.86,1394621
High,O15427,SLC16A3,Monocarboxylate transporter 4,3,1,1,2,465,49.4,7.96,2235143.25
High,Q6ZSJ8,C1orf122,Uncharacterized protein C1orf122,10,1,1,1,110,11.5,6.73,
High,Q9Y399,MRPS2,"28S ribosomal protein S2, mitochondrial",8,3,3,5,296,33.2,9.26,5782183.9375
High,Q8IYB3,SRRM1,Serine/arginine repetitive matrix protein 1,1,1,1,2,904,102.3,11.84,1007794.625
High,Q5VTR2,RNF20,E3 ubiquitin-protein ligase BRE1A,1,1,1,1,975,113.6,5.94,
High,P49902,NT5C2,Cytosolic purine 5'-nucleotidase,3,2,2,2,561,64.9,6.14,1032853.875
High,O75382,TRIM3,Tripartite motif-containing protein 3,1,1,1,1,744,80.8,7.83,
High,Q13637,RAB32,Ras-related protein Rab-32,10,2,2,3,225,25.0,6.54,1172280.125
High,O15235,MRPS12,"28S ribosomal protein S12, mitochondrial",9,1,1,2,138,15.2,10.29,4116580
High,P18583,SON,Protein SON,1,1,1,2,2426,263.7,5.64,1302730.625
High,P43246,MSH2,DNA mismatch repair protein Msh2,1,1,1,1,934,104.7,5.77,1402686
High,P78386,KRT85,"Keratin, type II cuticular Hb5",4,2,1,3,507,55.8,6.55,11036326
High,P18031,PTPN1,Tyrosine-protein phosphatase non-receptor type 1,3,1,1,2,435,49.9,6.27,1780381.375
High,Q8IZL8,PELP1,"Proline-, glutamic acid- and leucine-rich protein 1",3,1,1,1,1130,119.6,4.34,
High,P29401,TKT,Transketolase,2,1,1,1,623,67.8,7.66,896101.625
High,P51570,GALK1,Galactokinase,3,1,1,1,392,42.2,6.46,
High,Q8WW12,PCNP,PEST proteolytic signal-containing nuclear protein,9,1,1,1,178,18.9,7.49,854755.875
High,Q5JVF3,PCID2,PCI domain-containing protein 2,3,1,1,1,399,46.0,8.53,1053154
High,P42771,CDKN2A,Cyclin-dependent kinase inhibitor 2A,11,1,1,1,156,16.5,5.81,
High,P23497,SP100,Nuclear autoantigen Sp-100,1,1,1,2,879,100.4,8.22,
High,P25786,PSMA1,Proteasome subunit alpha type-1,10,2,2,2,263,29.5,6.61,2612924.5
High,Q9GZS1,POLR1E,DNA-directed RNA polymerase I subunit RPA49,3,1,1,1,419,47.2,8.94,1323860.75
High,Q9H4H8,FAM83D,Protein FAM83D,4,3,3,3,585,64.4,6.54,2542589.625
High,Q96DH6,MSI2,RNA-binding protein Musashi homolog 2,5,1,1,1,328,35.2,8.48,1898462.875
High,O15063,GARRE1,Granule associated Rac and RHOG effector protein 1,1,1,1,1,1070,115.9,7.15,
High,Q9NVH1,DNAJC11,DnaJ homolog subfamily C member 11,3,1,1,2,559,63.2,8.4,
High,P02786,TFRC,Transferrin receptor protein 1,3,1,1,1,760,84.8,6.61,5483947.5
High,Q9HAF1,MEAF6,Chromatin modification-related protein MEAF6,17,2,2,3,191,21.6,9.32,1395470
High,Q92616,GCN1,eIF-2-alpha kinase activator GCN1,1,2,2,2,2671,292.5,7.43,3047834.9375
High,O00410,IPO5,Importin-5,2,2,2,3,1097,123.6,4.94,1849987.5
High,Q9H0Z9,RBM38,RNA-binding protein 38,8,1,1,1,239,25.5,8.65,986412
High,P19429,TNNI3,"Troponin I, cardiac muscle",5,1,1,1,210,24.0,9.86,3446625.25
High,P05120,SERPINB2,Plasminogen activator inhibitor 2,2,1,1,1,415,46.6,5.63,
High,Q7Z2W9,MRPL21,"39S ribosomal protein L21, mitochondrial",11,2,2,2,205,22.8,9.89,831488.4375
High,Q5SQS8,C10orf120,Uncharacterized protein C10orf120,4,1,1,2,335,39.2,9.44,19797410
High,O15260,SURF4,Surfeit locus protein 4,8,2,2,3,269,30.4,7.78,2233058.75
High,P53680,AP2S1,AP-2 complex subunit sigma,13,2,2,3,142,17.0,6.18,18957950.75
High,Q96L34,MARK4,MAP/microtubule affinity-regulating kinase 4,2,2,1,2,752,82.5,9.66,811661.625
High,Q14574,DSC3,Desmocollin-3,3,2,2,3,896,99.9,6.1,1501214.25
High,Q9BYC5,FUT8,"Alpha-(1,6)-fucosyltransferase",5,2,2,2,575,66.5,7.66,
High,P31025,LCN1,Lipocalin-1,6,1,1,2,176,19.2,5.58,5462667.5
High,B0I1T2,MYO1G,Unconventional myosin-Ig,3,2,1,3,1018,116.4,8.73,
High,Q05209,PTPN12,Tyrosine-protein phosphatase non-receptor type 12,2,1,1,1,780,88.1,5.62,
High,Q7Z2T5,TRMT1L,TRMT1-like protein,3,2,2,4,733,81.7,7.88,2620231.625
High,Q14644,RASA3,Ras GTPase-activating protein 3,1,1,1,2,834,95.6,7.15,1492448
High,O94923,GLCE,D-glucuronyl C5-epimerase,2,1,1,1,617,70.1,8.97,
High,Q9NYL2,MAP3K20,Mitogen-activated protein kinase kinase kinase 20,1,1,1,1,800,91.1,7.87,933591.6875
High,Q86Y79,PTRH1,Probable peptidyl-tRNA hydrolase,5,1,1,1,214,22.9,10.56,1728547.25
High,P17655,CAPN2,Calpain-2 catalytic subunit,2,2,2,2,700,79.9,4.98,4175007.375
High,Q8WUA4,GTF3C2,General transcription factor 3C polypeptide 2,1,1,1,1,911,100.6,7.31,
High,Q8NDF8,TENT4B,Terminal nucleotidyltransferase 4B,3,1,1,1,572,63.2,8.98,5696647.5
High,Q9UL54,TAOK2,Serine/threonine-protein kinase TAO2,2,2,2,3,1235,138.2,7.27,3200405.625
High,Q8NB90,SPATA5,Ribosome biogenesis protein SPATA5,3,2,2,2,893,97.8,5.66,3448897.75
High,Q9UI47,CTNNA3,Catenin alpha-3,2,2,1,3,895,99.7,6.16,1365815.75
High,P28331,NDUFS1,"NADH-ubiquinone oxidoreductase 75 kDa subunit, mitochondrial",4,2,2,2,727,79.4,6.23,643786.5625
High,P53992,SEC24C,Protein transport protein Sec24C,4,3,3,4,1094,118.2,7.06,786234.5625
High,Q9BVQ7,SPATA5L1,Ribosome biogenesis protein SPATA5L1,3,2,2,2,753,80.7,8.09,
High,P54886,ALDH18A1,Delta-1-pyrroline-5-carboxylate synthase,3,2,2,4,795,87.2,7.12,10312181.125
High,Q8N0X7,SPART,Spartin,2,1,1,1,666,72.8,5.91,
High,P01619,IGKV3-20,Immunoglobulin kappa variable 3-20,14,1,1,1,116,12.5,4.96,
High,Q06265,EXOSC9,Exosome complex component RRP45,2,1,1,1,439,48.9,5.29,3750848
High,Q99470,SDF2,Stromal cell-derived factor 2,7,1,1,2,211,23.0,7.33,1773534.25
High,Q9UJA5,TRMT6,tRNA (adenine(58)-N(1))-methyltransferase non-catalytic subunit TRM6,4,2,2,3,497,55.8,7.55,2592320
High,Q8IVH8,MAP4K3,Mitogen-activated protein kinase kinase kinase kinase 3,1,1,1,2,894,101.3,7.56,1312144.625
High,O76031,CLPX,"ATP-dependent Clp protease ATP-binding subunit clpX-like, mitochondrial",2,1,1,2,633,69.2,7.58,1109535.875
High,Q9NXE8,CWC25,Pre-mRNA-splicing factor CWC25 homolog,4,2,2,4,425,49.6,10.18,2785220.25
High,Q9HAU4,SMURF2,E3 ubiquitin-protein ligase SMURF2,1,1,1,1,748,86.1,7.96,1619801.625
High,Q86WJ1,CHD1L,Chromodomain-helicase-DNA-binding protein 1-like,1,1,1,1,897,100.9,6.9,
High,Q14318,FKBP8,Peptidyl-prolyl cis-trans isomerase FKBP8,4,1,1,2,412,44.5,4.84,1563604.75
High,Q96KC8,DNAJC1,DnaJ homolog subfamily C member 1,2,1,1,1,554,63.8,8.63,
High,P82921,MRPS21,"28S ribosomal protein S21, mitochondrial",16,1,1,1,87,10.7,9.92,4933818
High,Q13867,BLMH,Bleomycin hydrolase,2,1,1,2,455,52.5,6.27,3342377.25
High,Q2M296,MTHFSD,Methenyltetrahydrofolate synthase domain-containing protein,5,2,2,3,383,42.1,8.73,4104617.25
High,P21589,NT5E,5'-nucleotidase,2,1,1,1,574,63.3,7.03,1236102.125
High,Q9NV31,IMP3,U3 small nucleolar ribonucleoprotein protein IMP3,8,1,1,2,184,21.8,9.5,2002795.625
High,Q53EZ4,CEP55,Centrosomal protein of 55 kDa,2,1,1,2,464,54.1,7.01,2420251
High,Q9NQ50,MRPL40,"39S ribosomal protein L40, mitochondrial",4,1,1,2,206,24.5,9.63,1350929.625
High,Q15027,ACAP1,"Arf-GAP with coiled-coil, ANK repeat and PH domain-containing protein 1",2,1,1,1,740,81.5,7.66,6744410
High,P62310,LSM3,U6 snRNA-associated Sm-like protein LSm3,20,2,2,2,102,11.8,4.7,9169060.25
High,Q8N567,ZCCHC9,Zinc finger CCHC domain-containing protein 9,4,1,1,2,271,30.5,9.17,1220593.5
High,Q709F0,ACAD11,Acyl-CoA dehydrogenase family member 11,2,1,1,1,780,87.2,8.02,
High,Q9P2P6,STARD9,StAR-related lipid transfer protein 9,1,2,1,2,4700,516.0,6.32,2088445.75
High,Q8IWW6,ARHGAP12,Rho GTPase-activating protein 12,2,1,1,1,846,96.2,7.61,
High,Q6ZRP7,QSOX2,Sulfhydryl oxidase 2,2,1,1,1,698,77.5,7.72,
High,P58546,MTPN,Myotrophin,14,1,1,2,118,12.9,5.52,
High,P62891,RPL39,60S ribosomal protein L39,24,2,2,5,51,6.4,12.56,58200086.5
High,P21912,SDHB,"Succinate dehydrogenase [ubiquinone] iron-sulfur subunit, mitochondrial",3,1,1,2,280,31.6,8.76,2325763.75
High,Q8NC56,LEMD2,LEM domain-containing protein 2,3,1,1,2,503,56.9,9.0,831096.625
High,Q9UPN6,SCAF8,SR-related and CTD-associated factor 8,1,1,1,2,1271,140.4,8.29,2023008.5
High,O43294,TGFB1I1,Transforming growth factor beta-1-induced transcript 1 protein,3,1,1,1,461,49.8,7.03,1432729.625
High,P48507,GCLM,Glutamate--cysteine ligase regulatory subunit,5,1,1,2,274,30.7,6.02,907272.5625
High,Q86WP2,GPBP1,Vasculin,4,1,1,1,473,53.3,7.05,
High,Q9P2P1,NYNRIN,Protein NYNRIN,2,2,2,2,1898,208.2,8.02,1092633.375
High,Q9HCJ0,TNRC6C,Trinucleotide repeat-containing gene 6C protein,1,2,1,3,1690,175.9,6.96,
High,Q8N2K0,ABHD12,Lysophosphatidylserine lipase ABHD12,3,1,1,1,398,45.1,8.65,1315012.625
High,Q9Y4A5,TRRAP,Transformation/transcription domain-associated protein,1,3,3,3,3859,437.3,8.19,10731484.375
High,O43837,IDH3B,"Isocitrate dehydrogenase [NAD] subunit beta, mitochondrial",3,1,1,2,385,42.2,8.46,1688909
High,P51813,BMX,Cytoplasmic tyrosine-protein kinase BMX,2,1,1,1,675,78.0,8.5,
High,Q03111,MLLT1,Protein ENL,2,1,1,1,559,62.0,8.59,
High,Q8WZ42,TTN,Titin,0,6,6,9,34350,3813.7,6.35,24123936.25
High,Q96T58,SPEN,Msx2-interacting protein,1,1,1,2,3664,402.0,7.64,
High,P42224,STAT1,Signal transducer and activator of transcription 1-alpha/beta,2,1,1,1,750,87.3,6.05,975395.5
High,Q8TAQ2,SMARCC2,SWI/SNF complex subunit SMARCC2,2,2,2,2,1214,132.8,5.69,
High,Q8NBX0,SCCPDH,Saccharopine dehydrogenase-like oxidoreductase,5,2,2,2,429,47.1,9.14,3045134.5
High,Q5HYJ3,FAM76B,Protein FAM76B,3,1,1,2,339,38.7,9.25,1488238
High,Q5VWZ2,LYPLAL1,Lysophospholipase-like protein 1,4,1,1,1,237,26.3,7.84,1834055
High,Q15061,WDR43,WD repeat-containing protein 43,3,2,2,3,677,74.8,5.57,1087651.25
High,P52926,HMGA2,High mobility group protein HMGI-C,21,1,1,1,109,11.8,10.62,3219993.25
High,Q9Y5J1,UTP18,U3 small nucleolar RNA-associated protein 18 homolog,2,1,1,2,556,62.0,8.76,962006.1875
High,Q13492,PICALM,Phosphatidylinositol-binding clathrin assembly protein,4,2,2,2,652,70.7,7.9,3128948.5
High,Q9UJU6,DBNL,Drebrin-like protein,4,1,1,1,430,48.2,5.05,1261978.125
High,Q9NXR1,NDE1,Nuclear distribution protein nudE homolog 1,4,1,1,2,335,37.7,5.15,2185508.5
High,Q96CB9,NSUN4,5-methylcytosine rRNA methyltransferase NSUN4,4,1,1,1,384,43.1,8.18,2512328.5
High,P37802,TAGLN2,Transgelin-2,6,1,1,2,199,22.4,8.25,1686707.125
High,Q9P0S3,ORMDL1,ORM1-like protein 1,10,1,1,1,153,17.4,9.64,1834565.375
High,P62195,PSMC5,26S proteasome regulatory subunit 8,3,1,1,2,406,45.6,7.55,1047984.5625
High,Q9Y696,CLIC4,Chloride intracellular channel protein 4,8,3,1,3,253,28.8,5.59,7450788.125
High,Q96T21,SECISBP2,Selenocysteine insertion sequence-binding protein 2,3,2,2,3,854,95.4,8.12,2316589
High,O95218,ZRANB2,Zinc finger Ran-binding domain-containing protein 2,3,1,1,2,330,37.4,10.01,13126970
High,Q86VI3,IQGAP3,Ras GTPase-activating-like protein IQGAP3,1,2,1,2,1631,184.6,7.65,
High,P61619,SEC61A1,Protein transport protein Sec61 subunit alpha isoform 1,2,1,1,2,476,52.2,8.06,
High,P55209,NAP1L1,Nucleosome assembly protein 1-like 1,3,1,1,2,391,45.3,4.46,
High,P47974,ZFP36L2,mRNA decay activator protein ZFP36L2,4,1,1,1,494,51.0,8.16,1856398.625
High,P29317,EPHA2,Ephrin type-A receptor 2,2,2,2,2,976,108.2,6.23,476523.96875
High,A0A1B0GVM2,TCAF2C,TRPM8 channel associated factor 2C (Fragment),1,1,1,2,712,78.9,7.08,1217729.125
High,Q13084,MRPL28,"39S ribosomal protein L28, mitochondrial",5,1,1,1,256,30.1,8.29,1530428.125
High,Q02952,AKAP12,A-kinase anchor protein 12,2,2,2,2,1782,191.4,4.41,12056613
High,Q12789,GTF3C1,General transcription factor 3C polypeptide 1,1,1,1,1,2109,238.7,7.3,
High,Q9NQC3,RTN4,Reticulon-4,1,1,1,1,1192,129.9,4.5,1738984.5
High,Q99986,VRK1,Serine/threonine-protein kinase VRK1,4,1,1,1,396,45.4,8.91,
High,P49593,PPM1F,Protein phosphatase 1F,4,1,1,1,454,49.8,5.1,
High,P56134,ATP5MF,"ATP synthase subunit f, mitochondrial",12,1,1,1,94,10.9,9.67,14148872
High,Q96EK4,THAP11,THAP domain-containing protein 11,3,1,1,2,314,34.4,8.98,1635775.625
High,Q8N5L8,RPP25L,Ribonuclease P protein subunit p25-like protein,6,1,1,2,163,17.6,10.3,2025718.875
High,Q9Y2X7,GIT1,ARF GTPase-activating protein GIT1,2,1,1,1,761,84.3,6.8,
High,Q9NTK5,OLA1,Obg-like ATPase 1,3,1,1,2,396,44.7,7.81,1263038.125
High,O00231,PSMD11,26S proteasome non-ATPase regulatory subunit 11,2,1,1,1,422,47.4,6.48,1063861.375
High,O43813,LANCL1,Glutathione S-transferase LANCL1,3,1,1,1,399,45.3,7.75,1588023.875
High,Q96RU8,TRIB1,Tribbles homolog 1,3,1,1,2,372,41.0,7.28,10771700.5
High,Q63HR2,TNS2,Tensin-2,1,1,1,1,1409,152.5,8.35,838175.3125
High,Q9H8G2,CAAP1,Caspase activity and apoptosis inhibitor 1,2,1,1,2,361,38.3,4.72,1556344.75
High,Q8N201,INTS1,Integrator complex subunit 1,0,1,1,1,2190,244.1,6.13,
High,P11802,CDK4,Cyclin-dependent kinase 4,4,1,1,1,303,33.7,7.01,730095.1875
High,P60981,DSTN,Destrin,7,1,1,2,165,18.5,7.85,3457304.5
High,Q9H5Z1,DHX35,Probable ATP-dependent RNA helicase DHX35,2,1,1,1,703,78.9,8.59,
High,Q6XZF7,DNMBP,Dynamin-binding protein,1,1,1,1,1577,177.2,5.39,
High,P49588,AARS1,"Alanine--tRNA ligase, cytoplasmic",2,2,2,4,968,106.7,5.53,1461809.125
High,Q9HAN9,NMNAT1,Nicotinamide/nicotinic acid mononucleotide adenylyltransferase 1,6,1,1,1,279,31.9,8.87,1236442.5
High,Q99453,PHOX2B,Paired mesoderm homeobox protein 2B,4,1,1,2,314,31.6,8.84,135225056
High,Q9NRL2,BAZ1A,Bromodomain adjacent to zinc finger domain protein 1A,1,1,1,1,1556,178.6,6.6,
High,C9JLW8,MCRIP1,Mapk-regulated corepressor-interacting protein 1,11,1,1,1,97,10.9,9.41,
High,O95251,KAT7,Histone acetyltransferase KAT7,3,1,1,1,611,70.6,8.85,1402467
High,Q8TAD8,SNIP1,Smad nuclear-interacting protein 1,4,1,1,2,396,45.8,9.99,1419920.25
High,P32780,GTF2H1,General transcription factor IIH subunit 1,3,1,1,1,548,62.0,8.66,981616.5625
High,O00483,NDUFA4,Cytochrome c oxidase subunit NDUFA4,12,1,1,1,81,9.4,9.38,3618403
High,O43324,EEF1E1,Eukaryotic translation elongation factor 1 epsilon-1,6,1,1,1,174,19.8,8.54,
High,P53355,DAPK1,Death-associated protein kinase 1,2,2,2,3,1430,159.9,6.83,14044398
High,O75063,FAM20B,Glycosaminoglycan xylosylkinase,5,2,2,3,409,46.4,6.87,2180791.875
High,Q96S44,TP53RK,EKC/KEOPS complex subunit TP53RK,4,1,1,2,253,28.1,9.54,2150345.5
High,Q13588,GRAP,GRB2-related adapter protein,8,2,2,3,217,25.3,7.03,6354488.125
High,O95478,NSA2,Ribosome biogenesis protein NSA2 homolog,3,1,1,1,260,30.0,10.27,1275006.75
High,O00151,PDLIM1,PDZ and LIM domain protein 1,5,1,1,1,329,36.0,7.02,
High,O75131,CPNE3,Copine-3,3,1,1,1,537,60.1,5.85,
High,Q9NWT1,PAK1IP1,p21-activated protein kinase-interacting protein 1,6,2,2,2,392,43.9,8.91,2900674.5
High,P62993,GRB2,Growth factor receptor-bound protein 2,6,1,1,2,217,25.2,6.32,1198274.625
High,Q92785,DPF2,Zinc finger protein ubi-d4,2,1,1,1,391,44.1,6.33,749244.875
High,O96000,NDUFB10,NADH dehydrogenase [ubiquinone] 1 beta subcomplex subunit 10,8,1,1,2,172,20.8,8.48,1055178.875
High,Q12792,TWF1,Twinfilin-1,5,1,1,1,350,40.3,6.96,
High,Q13576,IQGAP2,Ras GTPase-activating-like protein IQGAP2,2,2,1,2,1575,180.5,5.64,1462747
High,P05455,SSB,Lupus La protein,3,2,2,3,408,46.8,7.12,2820716.375
High,O00193,SMAP,Small acidic protein,9,1,1,1,183,20.3,4.72,
High,Q86X55,CARM1,Histone-arginine methyltransferase CARM1,1,1,1,2,608,65.8,6.73,1632177.25
High,P00492,HPRT1,Hypoxanthine-guanine phosphoribosyltransferase,5,1,1,2,218,24.6,6.68,1673899
High,Q9Y3C1,NOP16,Nucleolar protein 16,8,2,2,3,178,21.2,9.94,4597085.875
High,Q8N699,MYCT1,Myc target protein 1,5,1,1,1,235,26.6,9.83,
High,Q6I9Y2,THOC7,THO complex subunit 7 homolog,10,2,2,3,204,23.7,5.67,2501848.75
High,Q9NWT8,AURKAIP1,Aurora kinase A-interacting protein,5,1,1,1,199,22.3,10.76,2131212
High,O43159,RRP8,Ribosomal RNA-processing protein 8,3,1,1,1,456,50.7,9.42,1417912.25
High,O75044,SRGAP2,SLIT-ROBO Rho GTPase-activating protein 2,1,1,1,1,1071,120.8,6.7,1293509.875
High,Q9UK55,SERPINA10,Protein Z-dependent protease inhibitor,2,1,1,2,444,50.7,8.27,2564295
High,Q03113,GNA12,Guanine nucleotide-binding protein subunit alpha-12,3,1,1,2,381,44.3,9.83,6731269.5
High,P19623,SRM,Spermidine synthase,3,1,1,1,302,33.8,5.49,1461878.375
High,Q9NUQ2,AGPAT5,1-acyl-sn-glycerol-3-phosphate acyltransferase epsilon,3,1,1,3,364,42.0,9.1,1336229.875
High,Q9HCS7,XAB2,Pre-mRNA-splicing factor SYF1,1,1,1,1,855,99.9,6.23,621838.9375
High,Q12824,SMARCB1,SWI/SNF-related matrix-associated actin-dependent regulator of chromatin subfamily B member 1,3,1,1,2,385,44.1,6.23,
High,Q9P1F3,ABRACL,Costars family protein ABRACL,20,1,1,1,81,9.1,6.29,3896891.25
High,P42357,HAL,Histidine ammonia-lyase,2,1,1,1,657,72.7,6.95,
High,Q96QE5,TEFM,"Transcription elongation factor, mitochondrial",2,1,1,1,360,41.7,9.32,
High,P16615,ATP2A2,Sarcoplasmic/endoplasmic reticulum calcium ATPase 2,1,1,1,2,1042,114.7,5.34,1762919.375
High,Q9Y4F1,FARP1,"FERM, ARHGEF and pleckstrin domain-containing protein 1",1,1,1,1,1045,118.6,8.15,957084.4375
High,Q96BM9,ARL8A,ADP-ribosylation factor-like protein 8A,8,2,2,3,186,21.4,7.77,4842978.625
High,Q99615,DNAJC7,DnaJ homolog subfamily C member 7,2,1,1,1,494,56.4,6.96,818155.25
High,Q2M2I8,AAK1,AP2-associated protein kinase 1,2,1,1,2,961,103.8,6.6,
High,Q8IZQ5,SELENOH,Selenoprotein H,18,2,2,2,122,13.4,9.74,3391358.25
High,Q9NW64,RBM22,Pre-mRNA-splicing factor RBM22,2,1,1,1,420,46.9,8.54,1899338.25
High,P59190,RAB15,Ras-related protein Rab-15,5,1,1,2,212,24.4,5.71,4225780.5
High,Q969M3,YIPF5,Protein YIPF5,4,1,1,2,257,28.0,4.36,1916137.375
High,P61224,RAP1B,Ras-related protein Rap-1b,6,1,1,1,184,20.8,5.78,
High,Q96BW9,TAMM41,"Phosphatidate cytidylyltransferase, mitochondrial",3,1,1,1,452,51.0,7.94,1158412
High,Q53EL6,PDCD4,Programmed cell death protein 4,2,1,1,2,469,51.7,5.21,1401847.875
High,Q96EL2,MRPS24,"28S ribosomal protein S24, mitochondrial",5,1,1,2,167,19.0,9.38,1297922.125
High,Q9Y6W5,WASF2,Actin-binding protein WASF2,3,1,1,2,498,54.3,5.53,1349084.625
High,O75173,ADAMTS4,A disintegrin and metalloproteinase with thrombospondin motifs 4,3,1,1,1,837,90.1,7.85,1538951.75
High,Q9BPX5,ARPC5L,Actin-related protein 2/3 complex subunit 5-like protein,8,1,1,2,153,16.9,6.6,3533809
High,Q9NSI2,SLX9,Ribosome biogenesis protein SLX9 homolog,5,1,1,1,230,25.4,11.08,
High,Q5VWQ0,RSBN1,Lysine-specific demethylase 9,1,1,1,1,802,90.0,8.6,
High,Q96QT6,PHF12,PHD finger protein 12,1,1,1,1,1004,109.6,7.74,665244.4375
High,Q9NUQ8,ABCF3,ATP-binding cassette sub-family F member 3,2,2,2,2,709,79.7,6.34,1992464.125
High,Q9BSJ2,TUBGCP2,Gamma-tubulin complex component 2,1,1,1,1,902,102.5,6.84,1878462.375
High,Q9UH62,ARMCX3,Armadillo repeat-containing X-linked protein 3,8,2,2,2,379,42.5,8.37,1400639.625
High,O95239,KIF4A,Chromosome-associated kinesin KIF4A,1,1,1,2,1232,139.8,6.27,896478.875
High,P26022,PTX3,Pentraxin-related protein PTX3,3,1,1,1,381,41.9,5.01,695295.3125
High,P78539,SRPX,Sushi repeat-containing protein SRPX,4,2,2,3,464,51.5,8.66,3605476.625
High,P35244,RPA3,Replication protein A 14 kDa subunit,14,1,1,1,121,13.6,5.08,4183684.5
High,Q9ULC4,MCTS1,Malignant T-cell-amplified sequence 1,9,1,1,2,181,20.5,8.82,1262628.625
High,P33151,CDH5,Cadherin-5,1,1,1,1,784,87.5,5.43,1826387.75
High,P53634,CTSC,Dipeptidyl peptidase 1,3,1,1,1,463,51.8,6.99,1829977.25
High,P04083,ANXA1,Annexin A1,4,1,1,1,346,38.7,7.02,1406238.25
High,Q92466,DDB2,DNA damage-binding protein 2,2,1,1,3,427,47.8,9.47,1093727.125
High,Q8IUH3,RBM45,RNA-binding protein 45,3,2,2,3,476,53.5,7.17,1934333.875
High,Q5JVS0,HABP4,Intracellular hyaluronan-binding protein 4,6,2,2,2,413,45.8,7.46,4474020.125
High,P43490,NAMPT,Nicotinamide phosphoribosyltransferase,2,1,1,1,491,55.5,7.15,1117345.625
High,P17026,ZNF22,Zinc finger protein 22,5,1,1,1,224,25.9,10.04,2642401.25
High,Q9BTE3,MCMBP,Mini-chromosome maintenance complex-binding protein,2,1,1,1,642,72.9,5.87,1258674
High,P48060,GLIPR1,Glioma pathogenesis-related protein 1,6,1,1,5,266,30.3,8.48,39627807
High,Q6ZMP0,THSD4,Thrombospondin type-1 domain-containing protein 4,1,1,1,1,1018,112.4,7.65,1323971.5
High,P78417,GSTO1,Glutathione S-transferase omega-1,4,1,1,1,241,27.5,6.6,904545.625
High,Q9C075,KRT23,"Keratin, type I cytoskeletal 23",3,1,1,1,422,48.1,6.54,
High,Q92576,PHF3,PHD finger protein 3,1,1,1,1,2039,229.3,6.96,1147394.25
High,Q14493,SLBP,Histone RNA hairpin-binding protein,3,1,1,2,270,31.3,7.47,1673416.25
High,Q9P013,CWC15,Spliceosome-associated protein CWC15 homolog,7,2,2,3,229,26.6,5.71,6601295
High,Q9Y6X9,MORC2,ATPase MORC2,2,1,1,1,1032,117.8,8.38,938861.4375
High,Q9Y2Z4,YARS2,"Tyrosine--tRNA ligase, mitochondrial",3,1,1,1,477,53.2,8.98,
High,Q9UJX2,CDC23,Cell division cycle protein 23 homolog,2,1,1,2,597,68.8,7.02,876807.3125
High,O75223,GGCT,Gamma-glutamylcyclotransferase,13,2,2,2,188,21.0,5.14,2515361.5625
High,Q9UK45,LSM7,U6 snRNA-associated Sm-like protein LSm7,8,1,1,2,103,11.6,5.27,2050600.875
High,O15446,POLR1G,DNA-directed RNA polymerase I subunit RPA34,2,1,1,2,510,55.0,8.51,2412728.75
High,Q96SN8,CDK5RAP2,CDK5 regulatory subunit-associated protein 2,1,2,2,2,1893,214.9,5.58,4137406.875
High,Q9P291,ARMCX1,Armadillo repeat-containing X-linked protein 1,2,1,1,2,453,49.2,9.22,1158520.875
High,Q99536,VAT1,Synaptic vesicle membrane protein VAT-1 homolog,6,2,2,2,393,41.9,6.29,
High,A8MW92,PHF20L1,PHD finger protein 20-like protein 1,1,1,1,1,1017,114.9,6.83,1706220.75
High,Q86TJ2,TADA2B,Transcriptional adapter 2-beta,2,1,1,3,420,48.4,7.83,9745826.5
High,Q92878,RAD50,DNA repair protein RAD50,1,1,1,2,1312,153.8,6.89,818338.5
High,Q9NWB6,ARGLU1,Arginine and glutamate-rich protein 1,5,2,2,2,273,33.2,10.35,
High,P53985,SLC16A1,Monocarboxylate transporter 1,2,1,1,1,500,53.9,8.66,
High,Q6NUQ4,TMEM214,Transmembrane protein 214,1,1,1,2,689,77.1,9.14,2019108.375
High,Q5T280,SPOUT1,Putative methyltransferase C9orf114,3,1,1,1,376,42.0,7.43,
High,Q9ULW0,TPX2,Targeting protein for Xklp2,3,2,2,2,747,85.6,9.23,818091.375
High,Q96T88,UHRF1,E3 ubiquitin-protein ligase UHRF1,2,1,1,1,793,89.8,7.56,1922266.125
High,P49589,CARS1,"Cysteine--tRNA ligase, cytoplasmic",1,1,1,1,748,85.4,6.76,
High,Q9NW82,WDR70,WD repeat-containing protein 70,2,1,1,1,654,73.2,6.33,3495596800
High,Q9UBI9,HECA,Headcase protein homolog,2,1,1,2,543,58.8,8.54,1424066.125
High,Q99442,SEC62,Translocation protein SEC62,2,1,1,2,399,45.8,7.12,2559627.25
High,O95757,HSPA4L,Heat shock 70 kDa protein 4L,1,1,1,3,839,94.5,5.88,112310618.375
High,Q9UNZ5,C19orf53,Leydig cell tumor 10 kDa protein homolog,7,1,1,1,99,10.6,11.55,1813148.875
High,Q15181,PPA1,Inorganic pyrophosphatase,3,1,1,1,289,32.6,5.86,
High,O43815,STRN,Striatin,2,1,1,1,780,86.1,5.27,
High,P12081,HARS1,"Histidine--tRNA ligase, cytoplasmic",5,2,2,2,509,57.4,5.88,3122982.125
High,O15116,LSM1,U6 snRNA-associated Sm-like protein LSm1,10,2,2,4,133,15.2,5.22,4989046.25
High,Q96B54,ZNF428,Zinc finger protein 428,6,1,1,1,188,20.5,4.17,
High,Q9BYD6,MRPL1,"39S ribosomal protein L1, mitochondrial",4,1,1,1,325,36.9,8.78,
High,Q6NUK1,SLC25A24,Mitochondrial adenyl nucleotide antiporter SLC25A24,3,1,1,2,477,53.3,6.33,1970891.5
High,P49770,EIF2B2,Translation initiation factor eIF-2B subunit beta,3,1,1,1,351,39.0,6.16,1072364.5
High,Q9NP81,SARS2,"Serine--tRNA ligase, mitochondrial",2,1,1,2,518,58.2,8.13,688035.6875
High,P41223,BUD31,Protein BUD31 homolog,7,1,1,2,144,17.0,8.82,1553227
High,Q9H6W3,RIOX1,Ribosomal oxygenase 1,2,1,1,2,641,71.0,6.46,1811197.25
High,Q14738,PPP2R5D,Serine/threonine-protein phosphatase 2A 56 kDa regulatory subunit delta isoform,2,1,1,1,602,69.9,8.13,1347023.25
High,Q9Y543,HES2,Transcription factor HES-2,6,1,1,1,173,18.5,9.8,
High,O43447,PPIH,Peptidyl-prolyl cis-trans isomerase H,5,1,1,2,177,19.2,8.07,1484995.125
High,Q6UB35,MTHFD1L,"Monofunctional C1-tetrahydrofolate synthase, mitochondrial",1,1,1,1,978,105.7,8.06,
High,Q9UDW1,UQCR10,Cytochrome b-c1 complex subunit 9,11,1,1,1,63,7.3,9.47,549180.125
High,O96028,NSD2,Histone-lysine N-methyltransferase NSD2,1,1,1,1,1365,152.2,8.69,
High,Q13888,GTF2H2,General transcription factor IIH subunit 2,3,1,1,1,395,44.4,6.76,
High,P21796,VDAC1,Voltage-dependent anion-selective channel protein 1,7,1,1,1,283,30.8,8.54,1140289.125
High,O00442,RTCA,RNA 3'-terminal phosphate cyclase,3,1,1,2,366,39.3,7.85,1092348.5
High,Q9UJ70,NAGK,N-acetyl-D-glucosamine kinase,2,1,1,2,344,37.4,6.24,1612736.25
High,O75843,AP1G2,AP-1 complex subunit gamma-like 2,2,2,2,2,785,87.1,6.55,1766616.875
High,O43920,NDUFS5,NADH dehydrogenase [ubiquinone] iron-sulfur protein 5,7,1,1,2,106,12.5,9.14,1376980.5
High,Q9UKD2,MRTO4,mRNA turnover protein 4 homolog,4,1,1,1,239,27.5,8.29,2625664
High,P0CB48,UBTFL6,Putative upstream-binding factor 1-like protein 6,4,1,1,1,400,46.5,9.01,
High,Q9Y305,ACOT9,"Acyl-coenzyme A thioesterase 9, mitochondrial",4,2,2,3,439,49.9,8.6,1182175
High,P02771,AFP,Alpha-fetoprotein,1,1,1,5,609,68.6,5.68,12464907.875
High,P55735,SEC13,Protein SEC13 homolog,3,1,1,1,322,35.5,5.48,1753309.875
High,Q5VWN6,TASOR2,Protein TASOR 2,1,1,1,1,2430,268.7,5.9,
High,Q12851,MAP4K2,Mitogen-activated protein kinase kinase kinase kinase 2,1,1,1,1,820,91.5,6.34,659291.75
High,Q9NVZ3,NECAP2,Adaptin ear-binding coat-associated protein 2,7,1,1,1,263,28.3,8.38,
High,P10155,RO60,RNA-binding protein RO60,2,1,1,1,538,60.6,8.03,3191180.75
High,Q15014,MORF4L2,Mortality factor 4-like protein 2,3,1,1,2,288,32.3,9.72,
High,Q9Y6V0,PCLO,Protein piccolo,1,3,3,8,5142,560.4,6.47,509990642.6875
High,P00403,MT-CO2,Cytochrome c oxidase subunit 2,4,1,1,2,227,25.5,4.82,1335768.125
High,Q9Y4K4,MAP4K5,Mitogen-activated protein kinase kinase kinase kinase 5,2,1,1,1,846,95.0,7.83,1808539.375
High,Q9BYC9,MRPL20,"39S ribosomal protein L20, mitochondrial",5,1,1,1,149,17.4,10.86,867739.8125
High,Q7L2J0,MEPCE,7SK snRNA methylphosphate capping enzyme,2,1,1,1,689,74.3,9.57,924609.75
High,Q96DA6,DNAJC19,Mitochondrial import inner membrane translocase subunit TIM14,7,1,1,1,116,12.5,10.1,1628718
High,P10620,MGST1,Microsomal glutathione S-transferase 1,8,1,1,1,155,17.6,9.39,
High,Q8IZP0,ABI1,Abl interactor 1,3,1,1,1,508,55.0,7.06,995872.8125
High,O15160,POLR1C,DNA-directed RNA polymerases I and III subunit RPAC1,5,1,1,2,346,39.2,5.5,1075674.125
High,Q9Y2C4,EXOG,"Nuclease EXOG, mitochondrial",5,1,1,1,368,41.1,8.27,1926329
High,Q9H9A6,LRRC40,Leucine-rich repeat-containing protein 40,2,1,1,1,602,68.2,6.43,
High,Q86YJ6,THNSL2,Threonine synthase-like 2,4,1,1,2,484,54.1,6.52,
High,O15533,TAPBP,Tapasin,2,1,1,1,448,47.5,6.99,1570981.5
High,P41743,PRKCI,Protein kinase C iota type,3,1,1,1,596,68.2,5.85,
High,Q9Y316,MEMO1,Protein MEMO1,2,1,1,1,297,33.7,7.14,
High,P48426,PIP4K2A,Phosphatidylinositol 5-phosphate 4-kinase type-2 alpha,2,1,1,1,406,46.2,6.99,
High,O43396,TXNL1,Thioredoxin-like protein 1,8,1,1,1,289,32.2,4.96,
High,Q9NS86,LANCL2,LanC-like protein 2,2,1,1,1,450,50.8,7.43,1687040.125
High,Q14563,SEMA3A,Semaphorin-3A,1,1,1,1,771,88.8,7.42,1086168.625
High,Q15370,ELOB,Elongin-B,6,1,1,2,118,13.1,4.88,4648863.5
High,P61803,DAD1,Dolichyl-diphosphooligosaccharide--protein glycosyltransferase subunit DAD1,9,1,1,1,113,12.5,7.08,
High,Q14533,KRT81,"Keratin, type II cuticular Hb1",5,2,1,2,505,54.9,5.47,4743848.5
High,O00506,STK25,Serine/threonine-protein kinase 25,2,1,1,2,426,48.1,6.74,
High,P36969,GPX4,Phospholipid hydroperoxide glutathione peroxidase,6,1,1,1,197,22.2,8.37,1077394.125
High,Q9ULE4,FAM184B,Protein FAM184B,1,1,1,1,1060,121.0,6.18,
High,Q9H0U6,MRPL18,"39S ribosomal protein L18, mitochondrial",5,1,1,1,180,20.6,9.54,1095862.75
High,O75521,ECI2,Enoyl-CoA delta isomerase 2,3,1,1,1,394,43.6,9.0,805987.75
High,Q9NXH9,TRMT1,tRNA (guanine(26)-N(2))-dimethyltransferase,1,1,1,1,659,72.2,7.64,1324330.375
High,Q8IZL9,CDK20,Cyclin-dependent kinase 20,6,2,1,3,346,38.7,6.76,
High,Q969V4,TEKT1,Tektin-1,3,1,1,1,418,48.3,6.37,2611163.25
High,Q8N5N7,MRPL50,"39S ribosomal protein L50, mitochondrial",9,1,1,1,158,18.3,7.88,
High,P53350,PLK1,Serine/threonine-protein kinase PLK1,3,1,1,2,603,68.2,8.91,
High,Q14680,MELK,Maternal embryonic leucine zipper kinase,2,1,1,1,651,74.6,8.72,
High,Q8IVF4,DNAH10,Dynein axonemal heavy chain 10,0,1,1,1,4471,514.5,5.88,90254392
High,Q96PZ0,PUS7,Pseudouridylate synthase 7 homolog,2,1,1,1,661,75.0,6.37,
High,Q15654,TRIP6,Thyroid receptor-interacting protein 6,3,1,1,1,476,50.3,7.37,13232251
High,Q13287,NMI,N-myc-interactor,4,1,1,1,307,35.0,5.34,1023077.4375
High,Q76N32,CEP68,Centrosomal protein of 68 kDa,2,1,1,2,757,81.1,5.16,
High,P02792,FTL,Ferritin light chain,4,1,1,1,175,20.0,5.78,
High,Q15413,RYR3,Ryanodine receptor 3,0,2,2,3,4870,551.7,5.68,1598394.125
High,Q92613,JADE3,Protein Jade-3,2,1,1,1,823,93.7,7.18,1770416
High,Q9NVA2,SEPTIN11,Septin-11,5,2,2,3,429,49.4,6.81,3782347.5
High,Q8N8U3,RTL3,Retrotransposon Gag-like protein 3,3,1,1,1,475,52.8,4.48,1394688.875
High,Q9UM82,SPATA2,Spermatogenesis-associated protein 2,2,1,1,2,520,58.4,8.75,2596203.75
High,Q9P2L0,WDR35,WD repeat-containing protein 35,1,2,2,6,1181,133.5,6.38,6374298.5
High,P09001,MRPL3,"39S ribosomal protein L3, mitochondrial",2,1,1,2,348,38.6,9.48,1829691.875
High,O95972,BMP15,Bone morphogenetic protein 15,2,1,1,2,392,45.0,9.11,3150022.75
High,Q9H7Z3,NRDE2,Nuclear exosome regulator NRDE2,1,1,1,1,1164,132.6,7.68,
High,P17706,PTPN2,Tyrosine-protein phosphatase non-receptor type 2,5,1,1,1,415,48.4,8.29,
Medium,P42566,EPS15,Epidermal growth factor receptor substrate 15,1,1,1,2,896,98.6,4.64,1198125
Medium,Q9Y6R0,NUMBL,Numb-like protein,3,2,1,2,609,64.9,8.85,16097782
Medium,Q8IWC1,MAP7D3,MAP7 domain-containing protein 3,1,1,1,1,876,98.4,9.32,1332155.25
Medium,P29728,OAS2,2'-5'-oligoadenylate synthase 2,1,1,1,2,719,82.4,8.25,1701398.625
Medium,Q9Y330,ZBTB12,Zinc finger and BTB domain-containing protein 12,3,1,1,1,459,49.1,7.5,2690648
Medium,Q9UBV7,B4GALT7,"Beta-1,4-galactosyltransferase 7",2,1,1,2,327,37.4,8.98,1639697.125
Medium,Q9H1K4,SLC25A18,Mitochondrial glutamate carrier 2,3,1,1,2,315,33.8,9.25,1346877.375
Medium,Q9NTJ3,SMC4,Structural maintenance of chromosomes protein 4,1,2,2,2,1288,147.1,6.79,1446556.0625
Medium,Q14126,DSG2,Desmoglein-2,1,1,1,1,1118,122.2,5.24,2365800.25
Medium,Q9NPQ8,RIC8A,Synembryn-A,1,1,1,1,531,59.7,5.33,6693843.5
Medium,Q9NWF9,RNF216,E3 ubiquitin-protein ligase RNF216,1,1,1,2,866,99.3,4.91,5769184
Medium,Q5VT40,FAM78B,Protein FAM78B,3,1,1,1,261,29.8,9.36,3012497.5
Medium,O00507,USP9Y,Probable ubiquitin carboxyl-terminal hydrolase FAF-Y,0,1,1,1,2555,290.9,5.86,877607.875
Medium,P09669,COX6C,Cytochrome c oxidase subunit 6C,9,1,1,2,75,8.8,10.39,1699017
Medium,Q9Y6X0,SETBP1,SET-binding protein,0,1,1,2,1596,174.9,9.74,2842311.5
Medium,Q9UI30,TRMT112,Multifunctional methyltransferase subunit TRM112-like protein,10,1,1,1,125,14.2,5.26,775349.9375
Medium,P06703,S100A6,Protein S100-A6,8,1,1,2,90,10.2,5.48,3467069
Medium,Q14527,HLTF,Helicase-like transcription factor,1,1,1,1,1009,113.9,8.6,1020380
Medium,P49915,GMPS,GMP synthase [glutamine-hydrolyzing],3,1,1,1,693,76.7,6.87,
Medium,P18206,VCL,Vinculin,1,1,1,1,1134,123.7,5.66,
Medium,A0FGR8,ESYT2,Extended synaptotagmin-2,1,1,1,1,921,102.3,9.26,752159.25
Medium,P63279,UBE2I,SUMO-conjugating enzyme UBC9,6,1,1,1,158,18.0,8.66,1356056.875
Medium,Q9NRM2,ZNF277,Zinc finger protein 277,4,2,2,2,450,52.8,5.34,6557834.25
Medium,Q9NQH7,XPNPEP3,Xaa-Pro aminopeptidase 3,1,1,1,2,507,57.0,6.83,3536847.5
Medium,O95749,GGPS1,Geranylgeranyl pyrophosphate synthase,2,1,1,4,300,34.8,6.14,9128188
Medium,Q15008,PSMD6,26S proteasome non-ATPase regulatory subunit 6,2,1,1,1,389,45.5,5.62,755033
Medium,Q8IYS4,DNAAF8,Dynein axonemal assembly factor 8,5,1,1,1,520,55.6,4.93,
Medium,Q9HA64,FN3KRP,Ketosamine-3-kinase,2,1,1,1,309,34.4,7.33,2119936.25
Medium,P28288,ABCD3,ATP-binding cassette sub-family D member 3,1,1,1,1,659,75.4,9.36,1173715
Medium,O15455,TLR3,Toll-like receptor 3,1,1,1,1,904,103.8,7.18,1992226.625
Medium,Q13356,PPIL2,RING-type E3 ubiquitin-protein ligase PPIL2,2,1,1,2,520,58.8,8.78,937717.25
Medium,O75676,RPS6KA4,Ribosomal protein S6 kinase alpha-4,1,1,1,1,772,85.6,8.28,942370.8125
Medium,P57796,CABP4,Calcium-binding protein 4,4,1,1,1,275,30.4,5.4,779458.125
Medium,Q7Z6G8,ANKS1B,Ankyrin repeat and sterile alpha motif domain-containing protein 1B,2,2,2,2,1248,138.0,6.37,
Medium,Q9BZF9,UACA,Uveal autoantigen with coiled-coil domains and ankyrin repeats,1,1,1,1,1416,162.4,7.03,767756.9375
Medium,P46013,MKI67,Proliferation marker protein Ki-67,0,1,1,1,3256,358.5,9.45,971757.6875
Medium,P61960,UFM1,Ubiquitin-fold modifier 1,9,1,1,1,85,9.1,9.31,1266625.5
Medium,Q9NTW7,ZFP64,Zinc finger protein 64,2,1,1,1,645,72.2,8.43,
Medium,Q5R3I4,TTC38,Tetratricopeptide repeat protein 38,1,1,1,1,469,52.8,5.99,
Medium,Q96ME7,ZNF512,Zinc finger protein 512,2,1,1,1,567,64.6,9.76,1425996
Medium,P02794,FTH1,Ferritin heavy chain,4,1,1,1,183,21.2,5.55,1199748.875
Medium,Q99496,RNF2,E3 ubiquitin-protein ligase RING2,4,1,1,1,336,37.6,6.84,
Medium,Q9BXW9,FANCD2,Fanconi anemia group D2 protein,1,1,1,1,1451,164.0,5.88,
Medium,Q9Y291,MRPS33,"28S ribosomal protein S33, mitochondrial",8,1,1,1,106,12.6,10.11,1176350.25
Medium,Q9UBC2,EPS15L1,Epidermal growth factor receptor substrate 15-like 1,2,1,1,1,864,94.2,5.11,
Medium,P33240,CSTF2,Cleavage stimulation factor subunit 2,4,2,2,2,577,60.9,6.83,2049820.3125
Medium,O95487,SEC24B,Protein transport protein Sec24B,1,1,1,1,1268,137.3,6.67,
Medium,Q03052,POU3F1,"POU domain, class 3, transcription factor 1",2,1,1,7,451,45.5,7.74,96747775.625
Medium,Q9C0B0,UNK,RING finger protein unkempt homolog,1,1,1,1,810,88.0,6.86,1994460
Medium,P38432,COIL,Coilin,1,1,1,1,576,62.6,9.07,
Medium,Q96QE4,LRRC37B,Leucine-rich repeat-containing protein 37B,1,1,1,2,947,105.5,4.91,2770509
Medium,Q9C0A0,CNTNAP4,Contactin-associated protein-like 4,1,1,1,2,1308,145.2,6.68,14803944
Medium,Q14160,SCRIB,Protein scribble homolog,1,1,1,1,1630,174.8,5.07,2025772.875
Medium,Q8TF46,DIS3L,DIS3-like exonuclease 1,1,1,1,1,1054,120.7,6.54,
Medium,Q5C9Z4,NOM1,Nucleolar MIF4G domain-containing protein 1,2,1,1,1,860,96.2,8.1,
Medium,Q9Y3C6,PPIL1,Peptidyl-prolyl cis-trans isomerase-like 1,4,1,1,2,166,18.2,7.99,3577357.5
Medium,Q14566,MCM6,DNA replication licensing factor MCM6,1,1,1,1,821,92.8,5.41,1031888.6875
Medium,Q9Y2L1,DIS3,Exosome complex exonuclease RRP44,1,1,1,1,958,108.9,7.14,
Medium,Q8IYB7,DIS3L2,DIS3-like exonuclease 2,1,1,1,1,885,99.2,6.1,3681209.75
Medium,Q86U44,METTL3,N6-adenosine-methyltransferase catalytic subunit,2,1,1,1,580,64.4,6.42,910108.25
Medium,Q8N143,BCL6B,B-cell CLL/lymphoma 6 member B protein,2,1,1,1,479,51.5,8.97,3099453.5
Medium,P21453,S1PR1,Sphingosine 1-phosphate receptor 1,3,1,1,1,382,42.8,9.5,1269522.875
Medium,P29597,TYK2,Non-receptor tyrosine-protein kinase TYK2,1,2,1,3,1187,133.6,7.15,
Medium,Q8IY18,SMC5,Structural maintenance of chromosomes protein 5,2,2,2,2,1101,128.7,8.38,
Medium,Q9ULX9,MAFF,Transcription factor MafF,12,2,2,2,164,17.7,9.8,2632053.5
Medium,Q6P4H8,ATPSCKMT,ATP synthase subunit C lysine N-methyltransferase,3,1,1,2,233,26.1,8.87,
Medium,Q6PI47,KCTD18,BTB/POZ domain-containing protein KCTD18,2,1,1,1,426,46.7,9.1,2570893
Medium,P20020,ATP2B1,Plasma membrane calcium-transporting ATPase 1,1,1,1,2,1220,134.6,5.91,5256444
Medium,Q68CQ1,MROH7,Maestro heat-like repeat-containing protein family member 7,1,1,1,1,1323,145.6,6.96,14203775
Medium,Q92782,DPF1,Zinc finger protein neuro-d4,5,1,1,2,387,44.1,7.08,1611862208
Medium,A6NIK2,LRRC10B,Leucine-rich repeat-containing protein 10B,3,1,1,1,292,32.7,7.36,4317144.5
Medium,P19388,POLR2E,"DNA-directed RNA polymerases I, II, and III subunit RPABC1",4,1,1,1,210,24.5,5.95,
Medium,Q14974,KPNB1,Importin subunit beta-1,1,1,1,1,876,97.1,4.78,1766373.875
Medium,P54922,ADPRH,ADP-ribosylhydrolase ARH1,3,1,1,1,357,39.5,6.52,
Medium,Q8IXM7,ODF3L1,Outer dense fiber protein 3-like protein 1,6,1,1,1,274,31.0,9.54,2256313.25
Medium,P54840,GYS2,"Glycogen [starch] synthase, liver",2,1,1,1,703,80.9,6.83,1275412.375
Medium,P08686,CYP21A2,Steroid 21-hydroxylase,3,1,1,1,494,55.9,7.81,
Medium,Q8IZQ1,WDFY3,WD repeat and FYVE domain-containing protein 3,0,1,1,1,3526,395.0,6.76,
Medium,Q9Y3R5,DOP1B,Protein dopey-2,1,1,1,1,2298,258.1,6.29,
Medium,O94823,ATP10B,Phospholipid-transporting ATPase VB,1,1,1,1,1461,165.3,6.89,1016507.875
Medium,Q6ZNA4,RNF111,E3 ubiquitin-protein ligase Arkadia,1,1,1,1,994,108.8,7.15,1427083.125
Medium,Q14833,GRM4,Metabotropic glutamate receptor 4,1,1,1,2,912,101.8,8.82,13424655
Medium,Q86Y39,NDUFA11,NADH dehydrogenase [ubiquinone] 1 alpha subcomplex subunit 11,11,1,1,1,141,14.8,8.72,
Medium,Q16563,SYPL1,Synaptophysin-like protein 1,4,1,1,1,259,28.5,8.43,
Medium,P80217,IFI35,Interferon-induced 35 kDa protein,2,1,1,2,286,31.5,6.09,1398717.25
Medium,Q96J01,THOC3,THO complex subunit 3,2,1,1,1,351,38.7,6.09,1185213.375
Medium,P23229,ITGA6,Integrin alpha-6,1,1,1,2,1130,126.5,6.61,18943640
Medium,Q96G03,PGM2,Phosphopentomutase,6,2,1,2,612,68.2,6.73,
Medium,Q56VL3,OCIAD2,OCIA domain-containing protein 2,8,1,1,1,154,16.9,9.03,
Medium,Q96RF0,SNX18,Sorting nexin-18,3,1,1,1,628,68.9,5.68,1161794.625
Medium,Q9BWE0,REPIN1,Replication initiator 1,3,1,1,2,567,63.5,9.98,
Medium,Q4ADV7,RIC1,Guanine nucleotide exchange factor subunit RIC1,1,1,1,2,1423,159.2,6.38,9977507.75
Medium,Q96CG3,TIFA,TRAF-interacting protein with FHA domain-containing protein A,8,1,1,1,184,21.4,5.11,
Medium,P04632,CAPNS1,Calpain small subunit 1,2,1,1,1,268,28.3,5.2,824322
Medium,Q9P2B4,CTTNBP2NL,CTTNBP2 N-terminal-like protein,3,1,1,1,639,70.1,8.06,
Medium,Q9Y4W6,AFG3L2,AFG3-like protein 2,2,1,1,1,797,88.5,8.66,
Medium,Q5VWK5,IL23R,Interleukin-23 receptor,1,1,1,2,629,71.7,5.49,2627838
Medium,Q15334,LLGL1,Lethal(2) giant larvae protein homolog 1,1,1,1,2,1064,115.3,6.29,
Medium,Q9Y5K6,CD2AP,CD2-associated protein,3,1,1,1,639,71.4,6.4,17210748
Medium,Q9NQ55,PPAN,Suppressor of SWI4 1 homolog,3,1,1,1,473,53.2,10.13,3566454.75
Medium,Q9BXX3,ANKRD30A,Ankyrin repeat domain-containing protein 30A,2,1,1,2,1397,158.7,6.48,
Medium,O43149,ZZEF1,Zinc finger ZZ-type and EF-hand domain-containing protein 1,0,1,1,1,2961,330.9,5.95,10217233
Medium,Q8IXQ4,GPALPP1,GPALPP motifs-containing protein 1,4,1,1,1,340,38.1,5.41,
Medium,Q96JB1,DNAH8,Dynein axonemal heavy chain 8,0,1,1,1,4490,514.3,6.32,2312890.75
Medium,Q14320,FAM50A,Protein FAM50A,2,1,1,1,339,40.2,6.83,
Medium,Q5T089,MORN1,MORN repeat-containing protein 1,2,1,1,2,497,53.8,7.12,1782365
Medium,Q9BZ29,DOCK9,Dedicator of cytokinesis protein 9,0,1,1,1,2069,236.3,7.49,906468.25
Medium,P24941,CDK2,Cyclin-dependent kinase 2,6,1,1,2,298,33.9,8.68,2053330.125
Medium,Q9NQS1,AVEN,Cell death regulator Aven,2,1,1,2,362,38.5,4.98,1513779.875
Medium,Q8NBJ5,COLGALT1,Procollagen galactosyltransferase 1,1,1,1,2,622,71.6,7.31,816840.5
Medium,Q99759,MAP3K3,Mitogen-activated protein kinase kinase kinase 3,1,1,1,1,626,70.9,8.84,
Medium,Q9ULW3,ABT1,Activator of basal transcription 1,5,1,1,1,272,31.1,9.88,589607.375
Medium,P45973,CBX5,Chromobox protein homolog 5,4,1,1,2,191,22.2,5.86,
Medium,Q0IIM8,TBC1D8B,TBC1 domain family member 8B,1,1,1,1,1120,128.6,5.95,1342405.625
Medium,Q659A1,ICE2,Little elongation complex subunit 2,3,2,2,3,982,109.9,7.09,1319422.625
Medium,Q5T1M5,FKBP15,FK506-binding protein 15,1,1,1,1,1219,133.5,5.2,2143003.25
Medium,Q6DKI1,RPL7L1,60S ribosomal protein L7-like 1,4,1,1,2,255,29.7,10.52,
Medium,Q9ULK2,ATXN7L1,Ataxin-7-like protein 1,2,1,1,1,861,91.5,9.79,
Medium,Q13206,DDX10,Probable ATP-dependent RNA helicase DDX10,1,1,1,1,875,100.8,8.63,986567.375
Medium,O00233,PSMD9,26S proteasome non-ATPase regulatory subunit 9,4,1,1,1,223,24.7,6.95,
Medium,Q8IYU2,HACE1,E3 ubiquitin-protein ligase HACE1,1,1,1,1,909,102.3,5.92,5391209
Medium,Q9NPG1,FZD3,Frizzled-3,2,1,1,1,666,76.2,7.74,3537512
Medium,P00338,LDHA,L-lactate dehydrogenase A chain,3,1,1,1,332,36.7,8.27,869395.6875
Medium,Q14667,BLTP2,Bridge-like lipid transfer protein family member 2,1,1,1,2,2235,253.5,7.14,
Medium,Q01974,ROR2,Tyrosine-protein kinase transmembrane receptor ROR2,1,1,1,1,943,104.7,6.55,3418069.75
Medium,Q7L513,FCRLA,Fc receptor-like A,2,1,1,1,359,38.9,5.36,2366598.5
Medium,Q7L590,MCM10,Protein MCM10 homolog,2,1,1,1,875,98.1,8.75,
Medium,Q96J66,ABCC11,ATP-binding cassette sub-family C member 11,1,2,1,3,1382,154.2,8.09,1998822.125
Medium,Q9NVI1,FANCI,Fanconi anemia group I protein,0,1,1,3,1328,149.2,6.74,10874689
Medium,Q13185,CBX3,Chromobox protein homolog 3,3,1,1,1,183,20.8,5.33,1156354.25
Medium,O00220,TNFRSF10A,Tumor necrosis factor receptor superfamily member 10A,3,1,1,1,468,50.1,7.03,
Medium,Q6KC79,NIPBL,Nipped-B-like protein,0,1,1,1,2804,315.9,7.91,6137239
Medium,Q7Z6R9,TFAP2D,Transcription factor AP-2-delta,2,1,1,1,452,49.5,8.16,1262369.375
Medium,O15511,ARPC5,Actin-related protein 2/3 complex subunit 5,4,1,1,2,151,16.3,5.67,1591090.125
Medium,P13995,MTHFD2,"Bifunctional methylenetetrahydrofolate dehydrogenase/cyclohydrolase, mitochondrial",3,1,1,1,350,37.9,8.73,1535590.75
Medium,Q8TE99,PXYLP1,2-phosphoxylose phosphatase 1,2,1,1,1,480,55.2,8.98,1090532
Low,Q9NWK9,ZNHIT6,Box C/D snoRNA protein 1,3,1,1,1,470,53.9,5.8,19267480
Low,Q9UBT6,POLK,DNA polymerase kappa,1,1,1,1,870,98.7,8.13,1684012.125
Low,Q2T9J0,TYSND1,Peroxisomal leader peptide-processing protease,1,1,1,1,566,59.3,6.2,2768436
Low,P0C221,CCDC175,Coiled-coil domain-containing protein 175,1,1,1,2,793,93.6,6.71,1311508.5
Low,Q8TAV4,STOML3,Stomatin-like protein 3,2,1,1,1,291,32.1,8.63,3338386.25
Low,A4D2H0,CTAGE15,cTAGE family member 15,1,1,1,2,777,87.8,5.24,12568676
Low,Q9Y6Q1,CAPN6,Calpain-6,1,1,1,2,641,74.5,7.05,1278578.25
Low,Q13617,CUL2,Cullin-2,1,1,1,1,745,86.9,6.92,8678492
Low,Q86X27,RALGPS2,Ras-specific guanine nucleotide-releasing factor RalGPS2,2,1,1,2,583,65.1,8.73,3229197
Low,P07911,UMOD,Uromodulin,3,1,1,1,640,69.7,5.24,2316119.75
Low,Q86Z14,KLB,Beta-klotho,1,1,1,1,1044,119.7,9.22,2733480.75
Low,Q92538,GBF1,Golgi-specific brefeldin A-resistance guanine nucleotide exchange factor 1,0,1,1,1,1859,206.3,5.73,1879676.625
Low,Q9ULI0,ATAD2B,ATPase family AAA domain-containing protein 2B,1,1,1,1,1458,164.8,6.8,3587537.5
Low,Q96AA8,JAKMIP2,Janus kinase and microtubule-interacting protein 2,1,1,1,1,810,94.9,6.16,9656044
Low,P48147,PREP,Prolyl endopeptidase,2,1,1,1,710,80.6,5.86,1809120.125
Low,P12111,COL6A3,Collagen alpha-3(VI) chain,1,1,1,1,3177,343.5,6.68,5444813
Low,Q02318,CYP27A1,"Sterol 26-hydroxylase, mitochondrial",2,1,1,2,531,60.2,8.9,2127330.25
Low,A1X283,SH3PXD2B,SH3 and PX domain-containing protein 2B,2,1,1,1,911,101.5,8.69,
Low,P0C860,MSL3P1,Putative male-specific lethal-3 protein-like 2,1,1,1,1,447,51.0,8.37,1211588.75
Low,Q13574,DGKZ,Diacylglycerol kinase zeta,1,1,1,1,928,103.9,8.05,1571708
Low,Q93074,MED12,Mediator of RNA polymerase II transcription subunit 12,1,1,1,1,2177,242.9,7.05,
Low,Q9BRT6,LLPH,Protein LLP homolog,11,1,1,2,129,15.2,10.37,1636442.75
Low,Q96JI7,SPG11,Spatacsin,0,1,1,2,2443,278.7,5.97,5502849.5
Low,A8TX70,COL6A5,Collagen alpha-5(VI) chain,1,1,1,1,2615,289.7,6.95,1075592.375
Low,P63121,HERVK_113,Endogenous retrovirus group K member 113 Pro protein,10,1,1,1,156,17.1,6.09,1946774.25
Low,O14867,BACH1,Transcription regulator protein BACH1,3,2,2,3,736,81.9,5.05,4977730.75
Low,Q8IVL5,P3H2,Prolyl 3-hydroxylase 2,1,1,1,2,708,80.9,5.71,3892450.25
Low,P11717,IGF2R,Cation-independent mannose-6-phosphate receptor,0,1,1,1,2491,274.2,5.94,
Low,Q86W25,NLRP13,"NACHT, LRR and PYD domains-containing protein 13",1,1,1,1,1043,118.8,5.66,
Low,P84022,SMAD3,Mothers against decapentaplegic homolog 3,6,1,1,1,425,48.1,7.15,
Low,Q7Z333,SETX,Probable helicase senataxin,0,1,1,2,2677,302.7,7.17,5457303.5
Low,O95522,PRAMEF12,PRAME family member 12,2,1,1,1,483,54.6,6.52,8818829
Low,Q96Q04,LMTK3,Serine/threonine-protein kinase LMTK3,2,1,1,1,1460,153.6,4.86,
Low,O95926,SYF2,Pre-mRNA-splicing factor SYF2,4,1,1,1,243,28.7,8.4,643984.625
Low,O95503,CBX6,Chromobox protein homolog 6,2,1,1,1,412,43.9,10.01,1862322.875
Low,Q96F83,CLBA1,Uncharacterized protein CLBA1,4,1,1,1,325,35.7,6.35,2435292
Low,Q8N412,STPG2,Sperm-tail PG-rich repeat-containing protein 2,1,1,1,2,459,50.6,9.57,4048303.5
Low,Q5T5J6,SWT1,Transcriptional protein SWT1,1,1,1,1,900,103.2,8.81,
Low,P36402,TCF7,Transcription factor 7,3,1,1,1,384,41.6,6.81,1184973.125
Low,O43242,PSMD3,26S proteasome non-ATPase regulatory subunit 3,2,1,1,1,534,60.9,8.44,
Low,Q5T9S5,CCDC18,Coiled-coil domain-containing protein 18,0,1,1,1,1454,168.9,5.66,400414.21875
Low,Q13615,MTMR3,Myotubularin-related protein 3,2,2,2,3,1198,133.5,5.8,2433396.625
Low,Q02224,CENPE,Centromere-associated protein E,1,2,2,2,2701,316.2,5.64,1299276.375
Low,P09172,DBH,Dopamine beta-hydroxylase,2,1,1,2,617,69.0,6.42,2575688.25
Low,Q8WYB5,KAT6B,Histone acetyltransferase KAT6B,1,2,2,2,2073,231.2,5.96,1501144.75
Low,P11586,MTHFD1,"C-1-tetrahydrofolate synthase, cytoplasmic",1,1,1,1,935,101.5,7.3,1196557.75
Low,Q9UJX3,ANAPC7,Anaphase-promoting complex subunit 7,2,1,1,1,565,63.1,5.72,
Low,P34903,GABRA3,Gamma-aminobutyric acid receptor subunit alpha-3,2,1,1,4,492,55.1,8.66,2950484.625
Low,P39905,GDNF,Glial cell line-derived neurotrophic factor,7,1,1,1,211,23.7,9.06,
Low,Q9P2K2,TXNDC16,Thioredoxin domain-containing protein 16,1,1,1,1,825,93.5,5.21,5018762.5
Low,Q92824,PCSK5,Proprotein convertase subtilisin/kexin type 5,1,1,1,1,1860,206.8,6.1,1929190.5
Low,Q9UJA9,ENPP5,Ectonucleotide pyrophosphatase/phosphodiesterase family member 5,3,1,1,3,477,54.6,6.43,6243571.25
Low,O60271,SPAG9,C-Jun-amino-terminal kinase-interacting protein 4,1,1,1,1,1321,146.1,5.15,
Low,P98160,HSPG2,Basement membrane-specific heparan sulfate proteoglycan core protein,0,1,1,1,4391,468.5,6.51,2358574.25
Low,Q9HCU5,PREB,Prolactin regulatory element-binding protein,2,1,1,1,417,45.4,7.88,468254.75
Low,Q9NR19,ACSS2,"Acetyl-coenzyme A synthetase, cytoplasmic",3,1,1,1,701,78.5,6.46,39941164
Low,Q9UPU5,USP24,Ubiquitin carboxyl-terminal hydrolase 24,0,1,1,1,2620,294.2,6.14,1978569.5
Low,P40763,STAT3,Signal transducer and activator of transcription 3,2,1,1,1,770,88.0,6.3,844472.625
Low,Q9NU22,MDN1,Midasin,0,2,2,2,5596,632.4,5.68,7388574
Low,O75608,LYPLA1,Acyl-protein thioesterase 1,6,1,1,1,230,24.7,6.77,
Low,Q8N960,CEP120,Centrosomal protein of 120 kDa,2,1,1,1,986,112.6,6.25,2687214
Low,O75153,CLUH,Clustered mitochondria protein homolog,1,1,1,1,1309,146.6,6.13,495311.21875
Low,Q15256,PTPRR,Receptor-type tyrosine-protein phosphatase R,1,1,1,1,657,73.8,8.34,2025354
Low,P35475,IDUA,Alpha-L-iduronidase,2,1,1,1,653,72.6,9.14,
Low,P24557,TBXAS1,Thromboxane-A synthase,3,1,1,1,533,60.5,7.62,
Low,O15197,EPHB6,Ephrin type-B receptor 6,1,1,1,1,1021,110.6,6.65,1503720.75
Low,Q9H598,SLC32A1,Vesicular inhibitory amino acid transporter,1,1,1,2,525,57.4,6.64,20799004
Low,Q8N8Z8,ZNF441,Zinc finger protein 441,1,1,1,1,693,80.1,8.46,11046061
Low,Q86YW0,PLCZ1,"1-phosphatidylinositol 4,5-bisphosphate phosphodiesterase zeta-1",1,1,1,1,608,70.4,9.04,3063743.75
Low,Q5T749,KPRP,Keratinocyte proline-rich protein,1,1,1,1,579,64.1,8.27,820842.5
Low,Q8IZ69,TRMT2A,tRNA (uracil-5-)-methyltransferase homolog A,1,1,1,1,625,68.7,7.94,979260.3125
Low,Q8N999,C12orf29,Uncharacterized protein C12orf29,3,1,1,1,325,37.5,7.06,6504704
Low,Q04828,AKR1C1,Aldo-keto reductase family 1 member C1,2,1,1,2,323,36.8,7.88,2221018
Low,Q9NR48,ASH1L,Histone-lysine N-methyltransferase ASH1L,1,1,1,1,2969,332.6,9.39,
Low,Q9UPS8,ANKRD26,Ankyrin repeat domain-containing protein 26,1,1,1,1,1710,196.3,5.72,1717425.75
Low,Q16538,GPR162,Probable G-protein coupled receptor 162,3,1,1,1,588,63.9,8.5,2142572
Low,Q969R5,L3MBTL2,Lethal(3)malignant brain tumor-like protein 2,1,1,1,1,705,79.1,6.84,1507438.125
Low,O95210,STBD1,Starch-binding domain-containing protein 1,2,1,1,2,358,39.0,5.73,1315753.5
Low,Q16822,PCK2,"Phosphoenolpyruvate carboxykinase [GTP], mitochondrial",1,1,1,1,640,70.7,7.62,718167.125
Low,P0CW19,LIMS3,LIM and senescent cell antigen-like-containing domain protein 3,14,1,1,1,117,13.2,5.49,329460.15625
Low,P78380,OLR1,Oxidized low-density lipoprotein receptor 1,3,1,1,1,273,30.9,7.28,4559843
Low,Q8NDH2,CCDC168,Leucine-rich repeat transmembrane protein CCDC168,0,1,1,1,7081,801.4,8.79,1219941.75
Low,Q8NFC6,BOD1L1,Biorientation of chromosomes in cell division protein 1-like 1,0,1,1,3,3051,330.3,5.08,10283795.25
Low,Q0VDD8,DNAH14,Dynein axonemal heavy chain 14,1,1,1,1,3507,399.6,6.93,
Low,Q9BZE7,C22orf23,UPF0193 protein EVG1,3,1,1,2,217,24.9,9.8,1682982.125
Low,Q5JR12,PPM1J,Protein phosphatase 1J,3,1,1,1,505,54.8,7.46,3089815.5
Low,O43497,CACNA1G,Voltage-dependent T-type calcium channel subunit alpha-1G,0,1,1,1,2377,262.3,6.6,1141645.125
Low,Q9NR50,EIF2B3,Translation initiation factor eIF-2B subunit gamma,2,1,1,2,452,50.2,6.47,832278.75
Low,Q9UF11,PLEKHB1,Pleckstrin homology domain-containing family B member 1,6,1,1,1,243,27.2,7.39,
Low,P82664,MRPS10,"28S ribosomal protein S10, mitochondrial",5,1,1,1,201,23.0,8.0,953789.0625
Low,Q7Z7F7,MRPL55,"39S ribosomal protein L55, mitochondrial",6,1,1,2,128,15.1,11.15,2383551.25
Low,Q8TAT5,NEIL3,Endonuclease 8-like 3,2,1,1,2,605,67.7,9.0,3450615.75
Low,Q6P087,RPUSD3,Mitochondrial mRNA pseudouridine synthase RPUSD3,2,1,1,1,351,38.4,10.32,
Low,P57737,CORO7,Coronin-7,1,1,1,1,925,100.5,5.8,
Low,O60307,MAST3,Microtubule-associated serine/threonine-protein kinase 3,1,1,1,1,1309,143.0,8.06,1145105.875
Low,P43304,GPD2,"Glycerol-3-phosphate dehydrogenase, mitochondrial",1,1,1,1,727,80.8,7.69,
Low,Q9P0K1,ADAM22,Disintegrin and metalloproteinase domain-containing protein 22,2,1,1,1,906,100.4,7.2,
Low,Q96QS6,PSKH2,Serine/threonine-protein kinase H2,2,1,1,1,385,43.0,9.63,
Low,Q9NU02,ANKEF1,Ankyrin repeat and EF-hand domain-containing protein 1,2,1,1,3,776,86.6,8.28,4725837.25
Low,Q9BSH3,NICN1,Nicolin-1,8,1,1,1,213,24.2,7.06,1108591.875
Low,A6NCI8,C2orf78,Uncharacterized protein C2orf78,1,1,1,1,922,100.1,9.03,806972.5
Low,Q8NFT6,DBF4B,Protein DBF4 homolog B,2,1,1,1,615,67.2,8.34,49437492
Low,Q6UWL2,SUSD1,Sushi domain-containing protein 1,1,1,1,1,747,82.7,6.43,2680956.5
Low,P07477,PRSS1,Serine protease 1,3,1,1,1,247,26.5,6.51,209691.875
Low,Q9H920,RNF121,E3 ubiquitin ligase RNF121,3,1,1,2,327,37.9,7.06,6539974.5
Low,O60678,PRMT3,Protein arginine N-methyltransferase 3,3,1,1,1,531,59.9,5.35,
Low,Q9NVD3,SETD4,SET domain-containing protein 4,2,1,1,2,440,50.4,8.22,1972332.125
Low,Q9NSJ1,ZNF355P,Putative zinc finger protein 355P,4,1,1,2,428,49.7,8.6,3560723.75
Low,Q6TCH7,PAQR3,Progestin and adipoQ receptor family member 3,2,1,1,2,311,36.2,8.53,78168728
Low,P08F94,PKHD1,Fibrocystin,0,1,1,1,4074,446.4,6.57,
Low,Q01433,AMPD2,AMP deaminase 2,1,1,1,1,879,100.6,6.93,203433824
Low,P00451,F8,Coagulation factor VIII,0,1,1,1,2351,266.8,7.36,1836068.5
Low,O94885,SASH1,SAM and SH3 domain-containing protein 1,0,1,1,1,1247,136.6,6.09,
Low,Q92670,ZNF75CP,Putative zinc finger protein 75C,2,1,1,2,426,49.7,8.87,1157277.25
Low,Q9UKY1,ZHX1,Zinc fingers and homeoboxes protein 1,1,1,1,1,873,98.0,6.05,2185059.5
Low,Q8NFA0,USP32,Ubiquitin carboxyl-terminal hydrolase 32,1,1,1,1,1604,181.5,6.44,
Low,Q8N806,UBR7,Putative E3 ubiquitin-protein ligase UBR7,6,1,1,1,425,48.0,4.81,
Low,Q8TEA1,NSUN6,tRNA (cytosine(72)-C(5))-methyltransferase NSUN6,2,1,1,2,469,51.7,7.96,5420131
Low,Q8WXI7,MUC16,Mucin-16,0,1,1,1,14507,1518.2,5.26,1578395.625
Low,Q6UXH8,CCBE1,Collagen and calcium-binding EGF domain-containing protein 1,4,1,1,1,406,44.1,7.58,3997910.25
Low,Q008S8,ECT2L,Epithelial cell-transforming sequence 2 oncogene-like,1,1,1,1,904,104.8,8.4,8658766
Low,Q6WBX8,RAD9B,Cell cycle checkpoint control protein RAD9B,2,1,1,1,426,47.8,6.87,
Low,P36957,DLST,"Dihydrolipoyllysine-residue succinyltransferase component of 2-oxoglutarate dehydrogenase complex, mitochondrial",2,1,1,1,453,48.7,8.95,
Low,Q96G01,BICD1,Protein bicaudal D homolog 1,2,1,1,1,975,110.7,5.81,
Low,O95754,SEMA4F,Semaphorin-4F,1,1,1,1,770,83.5,6.95,1671224.5
Low,Q86X76,NIT1,Deaminated glutathione amidase,5,1,1,1,327,35.9,7.74,4738434.5
Low,P0C2Y1,NBPF7P,Putative neuroblastoma breakpoint family member 7,3,1,1,1,421,48.1,4.79,
Low,Q15599,NHERF2,Na(+)/H(+) exchange regulatory cofactor NHE-RF2,3,1,1,1,337,37.4,7.93,1195531.25
Low,O75592,MYCBP2,E3 ubiquitin-protein ligase MYCBP2,0,1,1,1,4678,513.3,7.02,
Low,Q86YF9,DZIP1,Cilium assembly protein DZIP1,1,1,1,1,867,98.6,6.15,3893335.5
Low,O43399,TPD52L2,Tumor protein D54,4,1,1,1,206,22.2,5.36,938761.5625
Low,Q15078,CDK5R1,Cyclin-dependent kinase 5 activator 1,4,1,1,1,307,34.0,9.35,1393606.25
Low,Q6UVY6,MOXD1,DBH-like monooxygenase protein 1,1,1,1,1,613,69.6,6.43,1750613.125
Low,Q8WWC4,MAIP1,"m-AAA protease-interacting protein 1, mitochondrial",8,1,1,1,291,32.5,9.17,7178258.5
Low,O43283,MAP3K13,Mitogen-activated protein kinase kinase kinase 13,1,1,1,1,966,108.2,6.49,532379.0625
Low,Q92609,TBC1D5,TBC1 domain family member 5,1,1,1,1,795,88.9,6.54,1548770.875
Low,O95084,PRSS23,Serine protease 23,2,1,1,2,383,43.0,9.42,2860390.75
Low,O15066,KIF3B,Kinesin-like protein KIF3B,1,1,1,2,747,85.1,7.69,180212.234375
Low,Q9NWZ3,IRAK4,Interleukin-1 receptor-associated kinase 4,1,1,1,2,460,51.5,5.41,1674734.125
Low,Q14865,ARID5B,AT-rich interactive domain-containing protein 5B,1,1,1,1,1188,132.3,8.72,3969338
Low,P62072,TIMM10,Mitochondrial import inner membrane translocase subunit Tim10,16,1,1,1,90,10.3,6.29,6957637.5
Low,O15297,PPM1D,Protein phosphatase 1D,2,1,1,2,605,66.6,8.94,6135251
Low,Q15041,ARL6IP1,ADP-ribosylation factor-like protein 6-interacting protein 1,5,1,1,2,203,23.3,9.32,3309025
Low,P0DKL9,ARL14EPL,ARL14 effector protein-like,5,1,1,1,152,17.7,8.34,763072.1875
Low,B3KU38,IQCJ-SCHIP1,IQCJ-SCHIP1 readthrough transcript protein,4,1,1,1,563,62.2,5.21,3178883.25
Low,Q86XL3,ANKLE2,Ankyrin repeat and LEM domain-containing protein 2,1,1,1,2,938,104.1,7.09,1155147.875
Low,O15528,CYP27B1,"25-hydroxyvitamin D-1 alpha hydroxylase, mitochondrial",2,1,1,1,508,56.5,9.16,1924396.875
Low,Q86T65,DAAM2,Disheveled-associated activator of morphogenesis 2,1,1,1,1,1068,123.4,6.8,11999133
Low,Q08050,FOXM1,Forkhead box protein M1,1,1,1,1,763,84.2,7.91,2682617.75
Low,P01854,IGHE,Immunoglobulin heavy constant epsilon,4,1,1,1,546,59.5,7.69,4183245.5
Low,Q8N1F7,NUP93,Nuclear pore complex protein Nup93,1,1,1,1,819,93.4,5.72,
Low,P10588,NR2F6,Nuclear receptor subfamily 2 group F member 6,4,1,1,1,404,43.0,7.78,2649750
Low,Q92696,RABGGTA,Geranylgeranyl transferase type-2 subunit alpha,1,1,1,2,567,65.0,5.67,533621.5
Low,Q9HAW0,BRF2,Transcription factor IIIB 50 kDa subunit,4,1,1,1,419,46.5,7.94,2038215.5
Low,O60292,SIPA1L3,Signal-induced proliferation-associated 1-like protein 3,0,1,1,1,1781,194.5,8.32,866357.125
Low,Q8WXG6,MADD,MAP kinase-activating death domain protein,1,1,1,1,1647,183.2,6.04,607341.375
Low,Q9BXD5,NPL,N-acetylneuraminate lyase,5,1,1,2,320,35.1,5.57,314751.921875
Low,Q9UIA0,CYTH4,Cytohesin-4,2,1,1,2,394,45.6,6.47,1469929.75
Low,Q9UKF2,ADAM30,Disintegrin and metalloproteinase domain-containing protein 30,2,1,1,2,790,88.9,7.61,1728426.25
Low,Q8TCA0,LRRC20,Leucine-rich repeat-containing protein 20,6,1,1,1,184,20.5,6.55,3603014
Low,Q5TF21,SOGA3,Protein SOGA3,2,1,1,1,947,103.1,6.06,
Low,Q00537,CDK17,Cyclin-dependent kinase 17,4,1,1,1,523,59.5,9.03,
Low,Q56UN5,MAP3K19,Mitogen-activated protein kinase kinase kinase 19,1,1,1,1,1328,150.4,7.05,2082781.125
Low,Q9GZU2,PEG3,Paternally-expressed gene 3 protein,1,1,1,1,1588,180.7,5.48,
Low,Q96HW7,INTS4,Integrator complex subunit 4,2,1,1,2,963,108.1,6.44,2851262.75
Low,Q9NWW7,C2orf42,Uncharacterized protein C2orf42,2,1,1,1,574,64.0,8.92,
Low,Q8IVL0,NAV3,Neuron navigator 3,1,2,2,2,2385,255.5,8.76,4271284.375
Low,O75531,BANF1,Barrier-to-autointegration factor,13,1,1,2,89,10.1,6.09,
Low,Q9Y6E2,BZW2,eIF5-mimic protein 1,2,1,1,1,419,48.1,6.68,
Low,Q6PKC3,TXNDC11,Thioredoxin domain-containing protein 11,1,1,1,1,985,110.5,6.55,1780594
Low,Q8NDV3,SMC1B,Structural maintenance of chromosomes protein 1B,0,1,1,2,1235,143.8,7.66,6848784
Low,Q30154,HLA-DRB5,"HLA class II histocompatibility antigen, DR beta 5 chain",5,1,1,1,266,30.0,6.93,1908117.125
Low,Q99983,OMD,Osteomodulin,7,1,1,1,421,49.5,5.59,1506554.5
Low,Q9P287,BCCIP,BRCA2 and CDKN1A-interacting protein,5,1,1,1,314,36.0,4.61,
Low,Q12929,EPS8,Epidermal growth factor receptor kinase substrate 8,3,2,2,2,822,91.8,7.5,3702280.5
Low,Q7RTR0,NLRP9,"NACHT, LRR and PYD domains-containing protein 9",1,1,1,1,991,113.2,6.51,
Low,Q9H095,IQCG,Dynein regulatory complex protein 9,2,1,1,1,443,51.9,6.52,1421932.25
Low,Q15596,NCOA2,Nuclear receptor coactivator 2,1,1,1,1,1464,159.1,6.64,
Low,Q96JG9,ZNF469,Zinc finger protein 469,0,1,1,1,3925,409.9,7.72,34697528
Low,O15018,PDZD2,PDZ domain-containing protein 2,0,1,1,1,2839,301.5,7.43,
Low,P49321,NASP,Nuclear autoantigenic sperm protein,2,1,1,1,788,85.2,4.3,
Low,P22413,ENPP1,Ectonucleotide pyrophosphatase/phosphodiesterase family member 1,1,1,1,1,925,104.9,7.14,1628062.125
Low,P34947,GRK5,G protein-coupled receptor kinase 5,2,1,1,1,590,67.7,8.1,4421113
Low,Q6ZP82,CCDC141,Coiled-coil domain-containing protein 141,1,1,1,1,1450,166.2,5.58,
Low,Q8N6L0,KASH5,Protein KASH5,1,1,1,1,562,62.7,4.68,10385446
Low,P00387,CYB5R3,NADH-cytochrome b5 reductase 3,4,1,1,1,301,34.2,7.59,584734.0625
Low,Q7Z460,CLASP1,CLIP-associating protein 1,1,1,1,1,1538,169.3,9.03,5012663.5
Low,Q969W8,ZNF566,Zinc finger protein 566,4,1,1,1,418,49.2,8.06,20495518
Low,O60229,KALRN,Kalirin,1,1,1,2,2986,340.0,6.07,2653452.25
Low,Q15050,RRS1,Ribosome biogenesis regulatory protein homolog,5,1,1,1,365,41.2,10.7,2648681.75
Low,Q9BYP7,WNK3,Serine/threonine-protein kinase WNK3,1,1,1,1,1800,198.3,6.07,4915857
Low,O43791,SPOP,Speckle-type POZ protein,3,1,1,1,374,42.1,5.8,1746396.75
Low,Q13315,ATM,Serine-protein kinase ATM,0,1,1,1,3056,350.5,6.81,2879412
Low,Q8IYT3,CCDC170,Coiled-coil domain-containing protein 170,1,1,1,2,715,82.2,6.64,5340526.5
Low,Q9HCE7,SMURF1,E3 ubiquitin-protein ligase SMURF1,2,1,1,1,757,86.1,7.02,1219673
Low,Q5JRC9,FAM47A,Protein FAM47A,2,1,1,1,791,90.5,9.11,
Low,Q9C035,TRIM5,Tripartite motif-containing protein 5,2,1,1,1,493,56.3,6.05,1352577.625
Low,Q9P2D3,HEATR5B,HEAT repeat-containing protein 5B,1,1,1,1,2071,224.2,7.17,
Low,Q8NC24,RELL2,RELT-like protein 2,2,1,1,2,303,32.4,6.9,982647.0625
Low,Q9NYC9,DNAH9,Dynein axonemal heavy chain 9,0,1,1,1,4486,511.6,5.91,2314868.5
Low,Q6YHU6,THADA,Thyroid adenoma-associated protein,1,1,1,1,1953,219.5,6.06,2156155.25
Low,Q8TCG2,PI4K2B,Phosphatidylinositol 4-kinase type 2-beta,1,1,1,1,481,54.7,5.97,1342586.75
Low,Q5SZL2,CEP85L,Centrosomal protein of 85 kDa-like,1,1,1,1,805,91.8,6.33,38409092
Low,P49642,PRIM1,DNA primase small subunit,2,1,1,1,420,49.9,8.21,
Low,Q8TBC4,UBA3,NEDD8-activating enzyme E1 catalytic subunit,2,1,1,1,463,51.8,5.45,891858.125
Low,P30101,PDIA3,Protein disulfide-isomerase A3,1,1,1,2,505,56.7,6.35,6355765.5
Low,Q9UQC9,CLCA2,Calcium-activated chloride channel regulator 2,1,1,1,1,943,103.9,7.02,28073284
Low,Q7Z442,PKD1L2,Polycystic kidney disease protein 1-like 2,1,2,2,2,2459,272.3,5.77,
Low,Q96M86,DNHD1,Dynein heavy chain domain-containing protein 1,0,1,1,1,4753,533.3,6.71,
Low,O95104,SCAF4,SR-related and CTD-associated factor 4,3,1,1,1,1147,125.8,9.55,
Low,Q68D86,CCDC102B,Coiled-coil domain-containing protein 102B,3,1,1,1,513,60.4,5.95,688185.5
Low,Q05823,RNASEL,2-5A-dependent ribonuclease,2,1,1,2,741,83.5,6.65,
Low,P63215,GNG3,Guanine nucleotide-binding protein G(I)/G(S)/G(O) subunit gamma-3,44,1,1,1,75,8.3,7.78,
Low,P08575,PTPRC,Receptor-type tyrosine-protein phosphatase C,1,1,1,1,1306,147.4,6.15,12870794
Low,Q5VX52,SPATA1,Spermatogenesis-associated protein 1,3,1,1,1,459,52.9,8.85,
Low,Q3KNW5,SLC10A6,Sodium-dependent organic anion transporter,8,1,1,2,377,41.2,7.85,4337285.5
Low,O95786,RIGI,Antiviral innate immune response receptor RIG-I,1,1,1,1,925,106.5,6.4,952209.8125
Low,Q92979,EMG1,Ribosomal RNA small subunit methyltransferase NEP1,4,1,1,1,244,26.7,9.17,
Low,Q9NUD7,C20orf96,Uncharacterized protein C20orf96,2,1,1,1,363,42.8,8.68,
Low,Q96M34,TEX55,Testis-specific expressed protein 55,2,1,1,1,536,60.1,5.8,4241029.5
Low,Q14155,ARHGEF7,Rho guanine nucleotide exchange factor 7,2,1,1,1,803,90.0,7.09,2016623.625
Low,Q6NW34,NEPRO,Nucleolus and neural progenitor protein,2,1,1,1,567,64.5,9.74,2290235.25
Low,Q68DC2,ANKS6,Ankyrin repeat and SAM domain-containing protein 6,1,1,1,1,871,92.2,7.39,2063437.125
Low,Q8WVF5,KCTD4,BTB/POZ domain-containing protein KCTD4,4,1,1,1,259,29.9,7.06,1467431.375
Low,Q6VAB6,KSR2,Kinase suppressor of Ras 2,1,1,1,1,950,107.6,8.69,2229183.5
Low,Q96AC6,KIFC2,Kinesin-like protein KIFC2,2,1,1,2,838,90.1,9.48,44296643
Low,P0C024,NUDT7,Peroxisomal coenzyme A diphosphatase NUDT7,4,1,1,1,238,26.9,7.05,
Low,Q6Y288,B3GLCT,"Beta-1,3-glucosyltransferase",2,1,1,1,498,56.5,7.5,
Low,Q7Z7M9,GALNT5,Polypeptide N-acetylgalactosaminyltransferase 5,1,1,1,1,940,106.2,9.47,2479820.5
Low,A0A584,TRBV11-2,T cell receptor beta variable 11-2,21,1,1,1,115,12.7,8.16,
Low,Q2M1P5,KIF7,Kinesin-like protein KIF7,2,1,1,1,1343,150.5,6.79,2743121.5
Low,Q0ZLH3,PJVK,Pejvakin,2,1,1,1,352,39.9,9.01,
Low,Q96A49,SYAP1,Synapse-associated protein 1,3,1,1,1,352,39.9,4.53,10935551
Low,Q9Y6R1,SLC4A4,Electrogenic sodium bicarbonate cotransporter 1,1,1,1,1,1079,121.4,6.8,305886048
Low,Q9P2H0,CEP126,Centrosomal protein of 126 kDa,2,1,1,1,1117,125.8,8.76,909741.375
Low,P42857,NSG1,Neuronal vesicle trafficking-associated protein 1,4,1,1,2,185,20.9,5.72,5159165
Low,Q9NUW8,TDP1,Tyrosyl-DNA phosphodiesterase 1,1,1,1,1,608,68.4,7.65,3914185.75
Low,Q13535,ATR,Serine/threonine-protein kinase ATR,0,1,1,2,2644,301.2,7.43,630666.4375
Low,Q8NFY9,KBTBD8,Kelch repeat and BTB domain-containing protein 8,1,1,1,1,601,68.8,6.29,3353361.5
Low,O75417,POLQ,DNA polymerase theta,1,1,1,1,2590,289.4,7.36,
Low,Q58A45,PAN3,PAN2-PAN3 deadenylation complex subunit PAN3,1,1,1,1,887,95.6,8.57,1059854.625
Low,Q9HBK9,AS3MT,Arsenite methyltransferase,3,1,1,2,375,41.7,6.2,2628194.5
Low,P43366,MAGEB1,Melanoma-associated antigen B1,2,1,1,1,347,39.0,8.44,798216896
Low,Q8TBZ0,CCDC110,Coiled-coil domain-containing protein 110,1,1,1,1,833,96.7,6.24,
Low,Q92541,RTF1,RNA polymerase-associated protein RTF1 homolog,2,1,1,1,710,80.3,8.15,
Low,Q9P0W8,SPATA7,Spermatogenesis-associated protein 7,1,1,1,1,599,67.7,6.29,4791737
Low,Q9UPR0,PLCL2,Inactive phospholipase C-like protein 2,1,1,1,1,1127,125.8,6.9,1222701.375
Low,Q9Y4K1,CRYBG1,Beta/gamma crystallin domain-containing protein 1,0,1,1,1,1723,188.6,5.86,
Low,Q9NPH9,IL26,Interleukin-26,5,1,1,1,171,19.8,9.98,2569902.25
Low,Q86YS6,RAB43,Ras-related protein Rab-43,6,1,1,1,212,23.3,5.64,1398513.375
Low,Q8IVF2,AHNAK2,Protein AHNAK2,0,2,2,2,5795,616.2,5.36,9618085
Low,Q86W54,SPATA24,Spermatogenesis-associated protein 24,5,1,1,1,205,23.6,7.99,7833697.5
Low,P31751,AKT2,RAC-beta serine/threonine-protein kinase,3,1,1,2,481,55.7,6.37,2523052.75
Low,Q7Z5P9,MUC19,Mucin-19,0,1,1,1,8384,804.8,5.01,
Low,A0A1W2PQ09,TAF11L11,TATA-box-binding protein-associated factor 11-like protein 11,6,1,1,1,198,22.2,5.83,6055816.5
Low,Q7Z2Y5,NRK,Nik-related protein kinase,1,1,1,1,1582,178.4,6.33,
Low,O00585,CCL21,C-C motif chemokine 21,13,1,1,1,134,14.6,10.1,1901406.75
Low,Q5SYB0,FRMPD1,FERM and PDZ domain-containing protein 1,1,1,1,2,1578,173.3,5.25,2698770
Low,O43823,AKAP8,A-kinase anchor protein 8,1,1,1,1,692,76.1,5.15,
Low,O94913,PCF11,Pre-mRNA cleavage complex 2 protein Pcf11,0,1,1,2,1555,172.9,8.48,5990259
Low,O14545,TRAFD1,TRAF-type zinc finger domain-containing protein 1,2,1,1,1,582,64.8,5.29,2472401.75
Low,Q96EN9,REX1BD,Required for excision 1-B domain-containing protein,8,1,1,1,201,22.6,6.96,2582152
Low,P78406,RAE1,mRNA export factor RAE1,2,1,1,1,368,40.9,7.83,2495633.5
Low,P55010,EIF5,Eukaryotic translation initiation factor 5,3,1,1,1,431,49.2,5.58,1684915.25
Low,Q9BTW9,TBCD,Tubulin-specific chaperone D,2,1,1,1,1192,132.5,6.19,2629513.75
Low,Q7L3T8,PARS2,"Probable proline--tRNA ligase, mitochondrial",2,1,1,1,475,53.2,8.1,
Low,Q9NP79,VTA1,Vacuolar protein sorting-associated protein VTA1 homolog,5,1,1,1,307,33.9,6.29,
Low,P27986,PIK3R1,Phosphatidylinositol 3-kinase regulatory subunit alpha,1,1,1,1,724,83.5,6.16,1293051.625
Low,P01137,TGFB1,Transforming growth factor beta-1 proprotein,2,1,1,1,390,44.3,8.53,1385561.25
Low,Q92667,AKAP1,"A-kinase anchor protein 1, mitochondrial",1,1,1,1,903,97.3,4.94,
Low,A4D0Y5,LINC03043,Uncharacterized protein encoded by LINC03043,32,1,1,1,90,10.0,7.05,5480619
Low,Q9UBW5,BIN2,Bridging integrator 2,3,1,1,2,565,61.8,5.15,3106662.25
Low,Q8IZC6,COL27A1,Collagen alpha-1(XXVII) chain,1,1,1,1,1860,186.8,9.82,43948.4921875
Low,Q00975,CACNA1B,Voltage-dependent N-type calcium channel subunit alpha-1B,1,1,1,1,2339,262.3,8.51,
Low,Q8TE73,DNAH5,Dynein axonemal heavy chain 5,0,1,1,1,4624,528.7,6.1,6421486
Low,P14859,POU2F1,"POU domain, class 2, transcription factor 1",1,1,1,1,743,76.4,6.81,16559638
Low,O00443,PIK3C2A,Phosphatidylinositol 4-phosphate 3-kinase C2 domain-containing subunit alpha,1,1,1,1,1686,190.6,8.02,
Low,Q12770,SCAP,Sterol regulatory element-binding protein cleavage-activating protein,1,1,1,1,1279,139.6,6.86,3081957.5
Low,Q9UPP1,PHF8,Histone lysine demethylase PHF8,1,1,1,1,1060,117.8,8.72,766081.375
Low,Q5VT52,RPRD2,Regulation of nuclear pre-mRNA domain-containing protein 2,1,1,1,1,1461,155.9,7.42,
Low,Q7Z3Z2,RD3,Protein RD3,5,1,1,1,195,22.7,7.88,426476.71875
Low,O14733,MAP2K7,Dual specificity mitogen-activated protein kinase kinase 7,3,1,1,1,419,47.5,9.16,2686981.5
Low,O75185,ATP2C2,Calcium-transporting ATPase type 2C member 2,1,1,1,1,946,103.1,5.66,
Low,P20273,CD22,B-cell receptor CD22,2,1,1,1,847,95.3,6.65,24314568
Low,Q96AY4,TTC28,Tetratricopeptide repeat protein 28,1,1,1,1,2481,270.7,6.89,1892759.5
Low,Q01581,HMGCS1,"Hydroxymethylglutaryl-CoA synthase, cytoplasmic",2,1,1,1,520,57.3,5.41,2429431.25
Low,Q9NX70,MED29,Mediator of RNA polymerase II transcription subunit 29,8,1,1,1,200,21.1,6.29,
Low,Q9BZJ6,GPR63,Probable G-protein coupled receptor 63,3,1,1,1,419,47.5,9.52,2609040.25
Low,Q6ZWT7,MBOAT2,Lysophospholipid acyltransferase 2,3,1,1,1,520,59.5,8.03,7037274.5
Low,Q6P9G9,ZNF449,Zinc finger protein 449,2,1,1,1,518,59.9,7.31,5377858.5
Low,Q9H4P4,RNF41,E3 ubiquitin-protein ligase NRDP1,8,1,1,1,317,35.9,6.14,
Low,O94986,CEP152,Centrosomal protein of 152 kDa,0,1,1,1,1710,195.5,5.6,
Low,P13497,BMP1,Bone morphogenetic protein 1,1,1,1,2,986,111.2,6.9,1156954.125
Low,Q9BYF1,ACE2,Angiotensin-converting enzyme 2,1,1,1,1,805,92.4,5.54,2101959.25
Low,O75197,LRP5,Low-density lipoprotein receptor-related protein 5,1,1,1,1,1615,179.0,5.34,
Low,Q9HBX8,LGR6,Leucine-rich repeat-containing G-protein coupled receptor 6,2,1,1,1,967,104.2,5.72,3402213
Low,A6NNT2,C16orf96,Uncharacterized protein C16orf96,1,1,1,1,1141,125.0,7.03,
Low,O43677,NDUFC1,"NADH dehydrogenase [ubiquinone] 1 subunit C1, mitochondrial",11,1,1,1,76,8.7,10.2,
Low,P01833,PIGR,Polymeric immunoglobulin receptor,2,1,1,1,764,83.2,5.74,2886397.25
Low,Q9NWX5,ASB6,Ankyrin repeat and SOCS box protein 6,2,1,1,1,421,47.1,6.01,2007213.75
Low,Q9NRF2,SH2B1,SH2B adapter protein 1,2,1,1,1,756,79.3,5.38,
Low,P54750,PDE1A,"Dual specificity calcium/calmodulin-dependent 3',5'-cyclic nucleotide phosphodiesterase 1A",2,1,1,1,535,61.2,6.1,
Low,Q6NUI2,GPAT2,"Glycerol-3-phosphate acyltransferase 2, mitochondrial",2,1,1,1,795,87.8,7.61,
Low,P21506,ZNF10,Zinc finger protein 10,2,1,1,1,573,66.4,8.32,3388018.25
Low,Q14149,MORC3,MORC family CW-type zinc finger protein 3,1,1,1,1,939,107.0,5.6,740426.8125
Low,Q9Y2J2,EPB41L3,Band 4.1-like protein 3,1,1,1,2,1087,120.6,5.19,6944637.5
Low,Q13671,RIN1,Ras and Rab interactor 1,1,1,1,1,783,84.0,8.02,6300310
Low,Q96J94,PIWIL1,Piwi-like protein 1,1,1,1,1,861,98.5,9.44,
Low,Q502W6,VWA3B,von Willebrand factor A domain-containing protein 3B,1,1,1,1,1294,145.7,7.33,1273753
Low,P61129,ZC3H6,Zinc finger CCCH domain-containing protein 6,1,1,1,1,1189,131.6,7.64,
Low,Q8NBW4,SLC38A9,Neutral amino acid transporter 9,2,1,1,1,561,63.7,7.68,1712635.75
Low,Q8NEY4,ATP6V1C2,V-type proton ATPase subunit C 2,2,1,1,1,427,48.7,6.14,2105851
Low,A7KAX9,ARHGAP32,Rho GTPase-activating protein 32,1,1,1,1,2087,230.4,6.74,3687142
Low,P49758,RGS6,Regulator of G-protein signaling 6,2,1,1,1,472,54.4,7.42,4612172.5
Low,Q9ULS6,KCNS2,Potassium voltage-gated channel subfamily S member 2,2,1,1,2,477,54.2,5.86,3318036.75
Low,P29074,PTPN4,Tyrosine-protein phosphatase non-receptor type 4,1,1,1,1,926,105.8,7.44,
Low,Q86X95,CIR1,Corepressor interacting with RBPJ 1,2,1,1,1,450,52.3,9.86,1725688
Low,Q96RY5,CRAMP1,Protein cramped-like,1,1,1,2,1269,134.6,7.87,2159558.5
Low,Q5VZE5,NAA35,"N-alpha-acetyltransferase 35, NatC auxiliary subunit",2,1,1,1,725,83.6,7.05,
Low,Q5M9N0,CCDC158,Coiled-coil domain-containing protein 158,1,1,1,2,1113,127.1,6.46,2372597.75
Low,P35228,NOS2,"Nitric oxide synthase, inducible",1,1,1,1,1153,131.0,7.96,
Low,Q5SVQ8,ZBTB41,Zinc finger and BTB domain-containing protein 41,1,1,1,1,909,105.1,7.93,2565289.75
Low,Q8NA96,YE027_HUMAN,Putative uncharacterized protein FLJ35723,6,1,1,1,180,19.6,8.59,
Low,Q9H4K1,RIBC2,RIB43A-like with coiled-coils protein 2,3,1,1,1,382,45.4,9.58,2947312
Low,P00390,GSR,"Glutathione reductase, mitochondrial",3,1,1,1,522,56.2,8.5,
Low,Q02846,GUCY2D,Retinal guanylyl cyclase 1,1,1,1,1,1103,120.0,7.44,772779.375
Low,Q9C0G6,DNAH6,Dynein axonemal heavy chain 6,0,1,1,1,4158,475.7,6.0,1182742.125
Low,Q9UBV2,SEL1L,Protein sel-1 homolog 1,3,1,1,1,794,88.7,5.39,
Low,Q8WV22,NSMCE1,Non-structural maintenance of chromosomes element 1 homolog,4,1,1,1,266,30.8,7.47,1920063.125
Low,Q92994,BRF1,Transcription factor IIIB 90 kDa subunit,1,1,1,1,677,73.8,5.43,1005610.375
Low,Q5T8A7,PPP1R26,Protein phosphatase 1 regulatory subunit 26,1,1,1,1,1209,127.3,8.59,1146937.375
Low,Q8WXX0,DNAH7,Dynein axonemal heavy chain 7,0,1,1,1,4024,460.9,6.0,1248205.5
Low,Q56A73,SPIN4,Spindlin-4,4,1,1,1,249,28.6,7.66,806916.625
Low,Q96K76,USP47,Ubiquitin carboxyl-terminal hydrolase 47,1,1,1,1,1375,157.2,5.08,
Low,P10586,PTPRF,Receptor-type tyrosine-protein phosphatase F,1,1,1,1,1907,212.7,6.3,
Low,Q96LB3,IFT74,Intraflagellar transport protein 74 homolog,2,1,1,1,600,69.2,6.0,
Low,Q96MR9,ZNF560,Zinc finger protein 560,2,1,1,2,790,91.1,8.69,1249978.625
Low,Q969P0,IGSF8,Immunoglobulin superfamily member 8,2,1,1,1,613,65.0,8.0,
Low,O94916,NFAT5,Nuclear factor of activated T-cells 5,1,1,1,1,1531,165.7,5.24,1289898.875
Low,Q01415,GALK2,N-acetylgalactosamine kinase,2,1,1,1,458,50.3,6.61,
Low,Q7L1I2,SV2B,Synaptic vesicle glycoprotein 2B,1,1,1,1,683,77.4,5.44,1094232.125
Low,P31512,FMO4,Dimethylaniline monooxygenase [N-oxide-forming] 4,3,1,1,1,558,63.3,8.46,
Low,O14841,OPLAH,5-oxoprolinase,1,1,1,1,1288,137.4,6.58,2685605.75
Low,Q8WWQ0,PHIP,PH-interacting protein,1,1,1,1,1821,206.6,8.85,1884120.875
Low,Q8NDZ0,BEND2,BEN domain-containing protein 2,2,1,1,2,799,87.9,5.41,1466846
Low,Q96LU7,MYRFL,Myelin regulatory factor-like protein,2,1,1,1,910,101.6,6.84,
Low,Q8IYR2,SMYD4,SET and MYND domain-containing protein 4,1,1,1,1,804,89.2,6.83,
Low,Q8N573,OXR1,Oxidation resistance protein 1,2,1,1,1,874,97.9,5.47,1048750.375
Low,Q9P2K9,DISP3,Protein dispatched homolog 3,2,1,1,1,1392,153.0,7.55,
Low,Q5SW24,DACT2,Dapper homolog 2,1,1,1,1,774,82.6,8.87,1198071.375
Low,P31371,FGF9,Fibroblast growth factor 9,6,1,1,1,208,23.4,7.58,
Low,Q6NV74,CRACDL,CRACD-like protein,1,1,1,1,962,102.1,7.96,
Low,P09681,GIP,Gastric inhibitory polypeptide,15,1,1,1,153,17.1,8.0,
Low,Q8IWI9,MGA,MAX gene-associated protein,0,1,1,1,3065,336.0,6.9,1430504.75
Low,Q9NR55,BATF3,Basic leucine zipper transcriptional factor ATF-like 3,19,1,1,1,127,14.5,8.94,3082796
Low,Q9H426,RIMS4,Regulating synaptic membrane exocytosis protein 4,3,1,1,1,269,29.3,5.8,
Low,Q16881,TXNRD1,"Thioredoxin reductase 1, cytoplasmic",2,1,1,1,649,70.9,7.39,
Low,Q7Z2Z2,EFL1,Elongation factor-like GTPase 1,1,1,1,2,1120,125.4,5.91,33587432
Low,Q8NFH8,REPS2,RalBP1-associated Eps domain-containing protein 2,2,1,1,1,660,71.5,7.65,5982597
Low,Q9H1K1,ISCU,Iron-sulfur cluster assembly enzyme ISCU,16,1,1,1,167,18.0,9.48,
Low,Q96SQ7,ATOH8,Transcription factor ATOH8,3,1,1,1,321,34.6,10.21,
Low,P06400,RB1,Retinoblastoma-associated protein,1,1,1,1,928,106.1,7.94,1919957.75
Low,Q53H96,PYCR3,Pyrroline-5-carboxylate reductase 3,5,1,1,1,274,28.6,7.72,
Low,Q9Y6F7,CDY2B,Testis-specific chromodomain protein Y 2,1,1,1,1,541,60.5,8.98,67477.421875
Low,P98194,ATP2C1,Calcium-transporting ATPase type 2C member 1,2,1,1,1,919,100.5,6.74,3487911.75
Low,P80370,DLK1,Protein delta homolog 1,2,1,1,1,383,41.3,5.67,744655.4375
Low,Q9H611,PIF1,ATP-dependent DNA helicase PIF1,1,1,1,1,641,69.8,9.72,852731.0625
Low,A0A075B6Z2,TRAJ56,T cell receptor alpha joining 56 (Fragment),38,1,1,5,21,2.2,10.29,2360555
Low,Q8NEV4,MYO3A,Myosin-IIIa,1,1,1,1,1616,186.1,8.91,25599078
Low,Q96PN8,TSSK3,Testis-specific serine/threonine-protein kinase 3,3,1,1,1,268,30.1,6.71,17752828
Low,Q8NEZ3,WDR19,WD repeat-containing protein 19,1,1,1,1,1342,151.5,6.35,
Low,Q15648,MED1,Mediator of RNA polymerase II transcription subunit 1,2,1,1,1,1581,168.4,8.73,2956017.75
Low,Q99583,MNT,Max-binding protein MNT,2,1,1,1,582,62.3,8.78,
Low,O95831,AIFM1,"Apoptosis-inducing factor 1, mitochondrial",1,1,1,1,613,66.9,8.95,8856260
Low,Q93034,CUL5,Cullin-5,1,1,1,1,780,90.9,7.94,
Low,Q8N0U2,TMEM61,Transmembrane protein 61,8,1,1,1,210,22.2,4.61,
Low,Q9H814,PHAX,Phosphorylated adapter RNA export protein,4,1,1,1,394,44.4,5.4,
Low,Q96MW7,TIGD1,Tigger transposable element-derived protein 1,2,1,1,1,591,67.3,8.46,
Low,O15230,LAMA5,Laminin subunit alpha-5,0,1,1,1,3695,399.5,7.02,
Low,Q7Z3B3,KANSL1,KAT8 regulatory NSL complex subunit 1,1,1,1,1,1105,121.0,8.81,
Low,P61086,UBE2K,Ubiquitin-conjugating enzyme E2 K,5,1,1,1,200,22.4,5.44,1816290.625
Low,P55075,FGF8,Fibroblast growth factor 8,6,1,1,1,233,26.5,10.43,
Low,P01562,IFNA13,Interferon alpha-1/13,7,1,1,1,189,21.7,5.43,1400691.75
Low,Q96JM7,L3MBTL3,Lethal(3)malignant brain tumor-like protein 3,1,1,1,1,780,88.3,6.46,2381628.75
Low,P18433,PTPRA,Receptor-type tyrosine-protein phosphatase alpha,2,1,1,1,802,90.7,6.65,
Low,Q92637,FCGR1BP,Putative high affinity immunoglobulin gamma Fc receptor IB,5,1,1,1,280,32.2,8.68,
Low,Q9NV79,PCMTD2,Protein-L-isoaspartate O-methyltransferase domain-containing protein 2,4,1,1,1,361,41.0,6.11,
Low,Q8NCM8,DYNC2H1,Cytoplasmic dynein 2 heavy chain 1,0,1,1,2,4307,492.3,6.54,14645941
Low,O75976,CPD,Carboxypeptidase D,2,1,1,1,1380,152.8,6.05,948246.75
Low,Q5VTH9,DNAI4,Dynein axonemal intermediate chain 4,2,1,1,1,848,94.5,5.76,71322464
Low,P20929,NEB,Nebulin,0,1,1,1,6669,772.4,9.07,2756895.5
Low,Q9BZE0,GLIS2,Zinc finger protein GLIS2,2,1,1,1,524,55.7,8.84,464154.9375
Low,Q9Y238,DLEC1,Deleted in lung and esophageal cancer protein 1,1,1,1,2,1755,195.6,6.33,2191740.25
Low,Q9UL63,MKLN1,Muskelin,2,1,1,1,735,84.7,6.34,2088936.875
Low,Q75N90,FBN3,Fibrillin-3,0,1,1,1,2809,300.1,5.07,
Low,Q9BZF3,OSBPL6,Oxysterol-binding protein-related protein 6,1,1,1,2,934,106.2,6.93,2643724
Low,Q6ZP01,RBM44,RNA-binding protein 44,1,1,1,1,1051,117.9,5.72,3083250.25
Low,Q9BQ52,ELAC2,Zinc phosphodiesterase ELAC protein 2,1,1,1,1,826,92.2,7.9,
Low,Q8TEX9,IPO4,Importin-4,1,1,1,1,1081,118.6,4.96,
Low,P10275,AR,Androgen receptor,1,1,1,1,920,99.1,6.42,1981323
Low,Q9Y4F3,MARF1,Meiosis regulator and mRNA stability factor 1,0,1,1,1,1742,192.7,7.87,923142.3125
Low,Q8NHY3,GAS2L2,GAS2-like protein 2,2,1,1,1,880,96.5,9.13,2294937.5
Low,Q9H1P3,OSBPL2,Oxysterol-binding protein-related protein 2,4,1,1,2,480,55.2,6.35,748484096
Low,Q8N8A6,DDX51,ATP-dependent RNA helicase DDX51,1,1,1,1,666,72.4,8.16,1036371.875
Low,P02774,GC,Vitamin D-binding protein,4,1,1,2,474,52.9,5.45,4318558
Low,Q6ZT89,SLC25A48,Solute carrier family 25 member 48,3,1,1,1,311,33.4,8.69,
Low,P43358,MAGEA4,Melanoma-associated antigen 4,2,1,1,2,317,34.9,4.69,3095446.5
Low,P42345,MTOR,Serine/threonine-protein kinase mTOR,0,1,1,1,2549,288.7,7.17,3390226.5
Low,Q13057,COASY,Bifunctional coenzyme A synthase,1,1,1,1,564,62.3,6.99,
Low,Q9NS62,THSD1,Thrombospondin type-1 domain-containing protein 1,2,1,1,1,852,94.5,8.02,4753915
Low,O00750,PIK3C2B,Phosphatidylinositol 4-phosphate 3-kinase C2 domain-containing subunit beta,1,1,1,1,1634,184.7,7.3,
Low,A0A8I5QKQ9,A0A8I5QKQ9_HUMAN,Uncharacterized protein,5,1,1,2,130,14.3,11.15,1481241.625
Low,O95567,C22orf31,Uncharacterized protein C22orf31,7,1,1,1,290,32.6,10.05,
Low,Q92889,ERCC4,DNA repair endonuclease XPF,3,1,1,1,916,104.4,6.93,
Low,Q8ND23,CARMIL3,"Capping protein, Arp2/3 and myosin-I linker protein 3",1,1,1,2,1372,150.1,7.44,1342170.25
Low,P25774,CTSS,Cathepsin S,3,1,1,1,331,37.5,8.34,1723363
Low,Q8WWB5,PIH1D2,PIH1 domain-containing protein 2,8,1,1,1,315,35.9,6.37,4740403
Low,Q8WXD9,CASKIN1,Caskin-1,1,1,1,1,1431,149.7,9.14,1614744.5
Low,Q9UI36,DACH1,Dachshund homolog 1,2,1,1,2,758,78.5,8.51,18417622
Low,Q9H9T3,ELP3,Elongator complex protein 3,3,1,1,1,547,62.2,8.88,1964553.5
Low,P21462,FPR1,fMet-Leu-Phe receptor,4,1,1,1,350,38.4,9.03,
Low,Q9UL16,CFAP45,Cilia- and flagella-associated protein 45,3,1,1,1,551,65.7,8.9,
Low,Q9UKL6,PCTP,Phosphatidylcholine transfer protein,9,1,1,1,214,24.8,5.78,
Low,Q01362,MS4A2,High affinity immunoglobulin epsilon receptor subunit beta,17,1,1,1,244,26.5,5.11,
Low,O75970,MPDZ,Multiple PDZ domain protein,1,1,1,1,2070,221.5,5.06,
Low,Q5T764,IFIT1B,Interferon-induced protein with tetratricopeptide repeats 1B,2,1,1,1,474,55.0,7.72,
Low,P51587,BRCA2,Breast cancer type 2 susceptibility protein,0,1,1,1,3418,384.0,6.71,
Low,Q5FWF5,ESCO1,N-acetyltransferase ESCO1,3,1,1,1,840,94.9,9.16,
Low,P0C7T3,OR56A5,Olfactory receptor 56A5,4,1,1,1,313,35.3,8.72,1325835.75
Low,Q9NS73,MBIP,MAP3K12-binding inhibitory protein 1,2,1,1,2,344,39.3,7.24,4943006.5
Low,Q9Y4E6,WDR7,WD repeat-containing protein 7,1,1,1,1,1490,163.7,6.92,1327245.875
Low,P30989,NTSR1,Neurotensin receptor type 1,1,1,1,1,418,46.2,9.35,
Low,Q8IZU9,KIRREL3,Kin of IRRE-like protein 3,2,1,1,1,778,85.2,6.9,
Low,P46939,UTRN,Utrophin,0,1,1,1,3433,394.2,5.33,1200914
Low,Q9UIA9,XPO7,Exportin-7,1,1,1,1,1087,123.8,6.32,
Low,Q6MZP7,LIN54,Protein lin-54 homolog,2,1,1,1,749,79.4,9.01,
Low,Q6AI08,HEATR6,HEAT repeat-containing protein 6,2,1,1,1,1181,128.7,7.03,1603445.5
Low,Q96KN2,CNDP1,Beta-Ala-His dipeptidase,2,1,1,1,507,56.7,5.3,
Low,A0A075B6I7,IGLV5-48,Probable non-functional immunoglobulin lambda variable 5-48,12,1,1,1,105,11.2,9.51,
Low,Q8IZS8,CACNA2D3,Voltage-dependent calcium channel subunit alpha-2/delta-3,1,1,1,1,1091,122.9,5.78,17961962
Low,Q9NZJ5,EIF2AK3,Eukaryotic translation initiation factor 2-alpha kinase 3,1,1,1,1,1116,125.1,5.43,3505995.75
Low,P53671,LIMK2,LIM domain kinase 2,1,1,1,1,638,72.2,7.2,
Low,O60870,KIN,DNA/RNA-binding protein KIN17,3,1,1,1,393,45.3,8.95,3348034.5
Low,Q8WTT2,NOC3L,Nucleolar complex protein 3 homolog,1,1,1,1,800,92.5,9.17,
Low,P53384,NUBP1,Cytosolic Fe-S cluster assembly factor NUBP1,7,1,1,1,320,34.5,5.33,
Low,Q9C0F0,ASXL3,Putative Polycomb group protein ASXL3,1,1,1,1,2248,241.8,6.14,4396555
Low,P52569,SLC7A2,Cationic amino acid transporter 2,2,1,1,2,658,71.6,7.28,
Low,Q96MG8,PCMTD1,Protein-L-isoaspartate O-methyltransferase domain-containing protein 1,4,1,1,1,357,40.7,5.66,
Low,P07225,PROS1,Vitamin K-dependent protein S,2,1,1,1,676,75.1,5.67,4430449
Low,Q9HBA0,TRPV4,Transient receptor potential cation channel subfamily V member 4,3,1,1,1,871,98.2,7.77,
Low,O15021,MAST4,Microtubule-associated serine/threonine-protein kinase 4,1,1,1,1,2623,283.9,8.62,
Low,Q9BZ11,ADAM33,Disintegrin and metalloproteinase domain-containing protein 33,1,1,1,1,813,87.7,6.98,3650328
Low,O95886,DLGAP3,Disks large-associated protein 3,2,1,1,1,979,106.0,8.76,2022599.875
Low,Q9ULI3,HEG1,Protein HEG homolog 1,1,1,1,1,1381,147.4,6.18,5424044.5
Low,Q96QU8,XPO6,Exportin-6,1,1,1,1,1125,128.8,6.35,1339088.75
Low,Q5H9M0,PWWP3B,PWWP domain-containing DNA repair factor 3B,2,1,1,1,696,79.0,4.97,
Low,Q86VH2,KIF27,Kinesin-like protein KIF27,1,1,1,1,1401,160.2,7.28,809719.5
Low,Q86TN4,TRPT1,tRNA 2'-phosphotransferase 1,6,1,1,1,253,27.7,9.98,4938281.5
Low,P35711,SOX5,Transcription factor SOX-5,1,1,1,2,763,84.0,6.6,17945222
Low,Q08345,DDR1,Epithelial discoidin domain-containing receptor 1,1,1,1,1,913,101.1,6.83,1876785.875
Low,Q86W56,PARG,Poly(ADP-ribose) glycohydrolase,2,1,1,1,976,111.0,6.43,
Low,Q92805,GOLGA1,Golgin subfamily A member 1,2,1,1,1,767,88.1,5.27,2635560.75
Low,Q4G176,ACSF3,"Malonate--CoA ligase ACSF3, mitochondrial",3,1,1,1,576,64.1,8.37,
Low,Q9UIV1,CNOT7,CCR4-NOT transcription complex subunit 7,5,1,1,1,285,32.7,4.84,
Low,Q96H55,MYO19,Unconventional myosin-XIX,2,1,1,1,970,109.1,7.71,1332410
Low,Q9H422,HIPK3,Homeodomain-interacting protein kinase 3,1,1,1,1,1215,133.7,7.44,
Low,Q9UKK6,NXT1,NTF2-related export protein 1,11,1,1,1,140,15.8,5.03,1458159.625
Low,Q6PRD1,GPR179,Probable G-protein coupled receptor 179,2,1,1,1,2367,257.2,5.71,
Low,Q86SJ2,AMIGO2,Amphoterin-induced protein 2,2,1,1,1,522,57.9,8.4,1284009.875
Low,O75054,IGSF3,Immunoglobulin superfamily member 3,1,1,1,1,1194,135.1,6.07,5369095
Low,Q9BSE2,TMEM79,Transmembrane protein 79,3,1,1,1,394,43.5,4.93,
Low,Q8N7R7,CCNYL1,Cyclin-Y-like protein 1,4,1,1,1,359,40.7,6.07,
Low,Q96SB8,SMC6,Structural maintenance of chromosomes protein 6,1,1,1,1,1091,126.2,6.99,2131825.75
Low,Q8NF91,SYNE1,Nesprin-1,0,1,1,1,8797,1010.5,5.53,2154326
Low,O60269,GPRIN2,G protein-regulated inducer of neurite outgrowth 2,2,1,1,2,458,47.4,6.74,582570.9375
Low,Q9BXX2,ANKRD30B,Ankyrin repeat domain-containing protein 30B,1,1,1,1,1392,158.0,6.35,
Low,Q2PPJ7,RALGAPA2,Ral GTPase-activating protein subunit alpha-2,1,1,1,1,1873,210.6,6.07,
Low,Q8TC27,ADAM32,Disintegrin and metalloproteinase domain-containing protein 32,1,1,1,1,787,87.9,5.55,2991497.25
Low,Q8IX01,SUGP2,SURP and G-patch domain-containing protein 2,1,1,1,1,1082,120.1,7.28,1200347.875
Low,Q9P2D8,UNC79,Protein unc-79 homolog,1,1,1,1,2635,295.1,6.32,1061817.375
Low,Q8TDM6,DLG5,Disks large homolog 5,1,1,1,1,1919,213.7,7.42,1779561.375
Low,P16499,PDE6A,"Rod cGMP-specific 3',5'-cyclic phosphodiesterase subunit alpha",2,1,1,1,860,99.5,5.72,6240436.5
Low,P53041,PPP5C,Serine/threonine-protein phosphatase 5,3,1,1,1,499,56.8,6.28,
Low,Q96KW2,POM121L2,POM121-like protein 2,1,1,1,2,1035,109.8,9.89,5338793.5
Low,Q8WXA9,SREK1,Splicing regulatory glutamine/lysine-rich protein 1,3,1,1,1,508,59.3,10.39,
Low,P57058,HUNK,Hormonally up-regulated neu tumor-associated kinase,1,1,1,1,714,79.6,9.13,479557.34375
Low,O43909,EXTL3,Exostosin-like 3,2,1,1,1,919,104.7,6.51,52420292
Low,P0C7U0,ELFN1,Protein ELFN1,2,1,1,1,828,90.4,8.37,1739810.5
Low,Q9H939,PSTPIP2,Proline-serine-threonine phosphatase-interacting protein 2,4,1,1,1,334,38.8,8.48,
Low,P0C0L4,C4A,Complement C4-A,1,1,1,2,1744,192.7,7.08,6592315.5
Low,Q5S007,LRRK2,Leucine-rich repeat serine/threonine-protein kinase 2,1,1,1,1,2527,285.9,6.8,5786021.5
Low,Q8NGC5,OR6J1,Olfactory receptor 6J1,2,1,1,2,347,38.7,8.47,19748768
Low,Q8WXK4,ASB12,Ankyrin repeat and SOCS box protein 12,3,1,1,1,309,33.9,5.9,3343760.25
Low,Q8NCN5,PDPR,"Pyruvate dehydrogenase phosphatase regulatory subunit, mitochondrial",1,1,1,1,879,99.3,6.35,
Low,Q14746,COG2,Conserved oligomeric Golgi complex subunit 2,1,1,1,1,738,83.2,6.62,
Low,Q4G0S4,CYP27C1,Cytochrome P450 27C1,2,1,1,1,542,60.9,9.76,1337134.125
Low,Q9Y5G6,PCDHGA7,Protocadherin gamma-A7,1,1,1,1,932,101.7,4.88,2008999.375
Low,A8MTL9,HMSD,Serpin-like protein HMSD,11,1,1,1,139,15.3,5.48,1145215.625
Low,O60469,DSCAM,Cell adhesion molecule DSCAM,1,1,1,1,2012,222.1,7.68,
Low,Q15695,ZRSR2P1,Putative U2 small nuclear ribonucleoprotein auxiliary factor 35 kDa subunit-related protein 1,2,1,1,1,479,57.6,9.36,
Low,Q8TEE9,SAP25,Histone deacetylase complex subunit SAP25,5,1,1,1,199,20.9,7.72,2195150.75
Low,Q4KWH8,PLCH1,"1-phosphatidylinositol 4,5-bisphosphate phosphodiesterase eta-1",0,1,1,1,1693,189.1,7.74,833114.75
Low,O75376,NCOR1,Nuclear receptor corepressor 1,0,1,1,1,2440,270.0,7.11,3890379.5
Low,Q8IXZ2,ZC3H3,Zinc finger CCCH domain-containing protein 3,1,1,1,1,948,101.9,10.95,898470
